customer_id,business_name,phone_number,national_id,county,business_type,signup_date,months_active,avg_monthly_orders,avg_order_value_kes,support_tickets_6m,late_deliveries_6m,pct_credit_orders,churned
DL-13700,Kiprop Enterprises,0793081057,18238376,Machakos,General shop,2025-06-05,13,0.8,9850.0,2,1,0.56,1
DL-11762,Wanjiku Mini Mart,0725467865,36160559,Uasin Gishu,Mini mart,2025-10-03,9,1.1,3170.0,1,1,0.3,1
DL-10812,Mwangi Traders,0773049239,30435063,Nairobi,General shop,2023-09-14,34,0.4,,0,0,0.4,0
DL-14135,Wafula Mini Mart,0721192401,10104317,Nairobi,General shop,2026-01-31,5,1.2,3600.0,1,0,0.17,0
DL-13762,Achieng Shop,0770073565,15008401,Meru,Pharmacy,2024-05-11,26,1.9,5310.0,8,10,0.09,1
DL-11059,Wafula Supplies,0720612614,35102583,Nairobi,Pharmacy,2024-11-07,20,1.1,2330.0,1,1,0.38,0
DL-10738,Chebet Stores,0768954577,18353234,Nairobi,Agrovet,2024-06-10,25,0.7,11560.0,1,0,0.5,0
DL-10564,Otieno Enterprises,0712540177,38162931,Nairobi,General shop,2025-03-07,16,1.7,2530.0,0,2,0.05,0
DL-13432,Wafula Stores,0774652878,17029826,Mombasa,Hardware,2025-12-02,7,0.9,7780.0,0,0,0.17,0
DL-10796,Mwangi Mini Mart,0773334980,27833829,Meru,Mini mart,2026-01-31,5,0.2,6020.0,1,0,1.0,0
DL-10057,Otieno Supplies,0717945557,37692427,Kisumu,General shop,2024-11-07,20,0.2,,1,1,0.0,0
DL-13639,Atieno Stores,0720349540,24855472,Nairobi,Agrovet,2025-04-06,15,1.6,8210.0,3,5,0.37,0
DL-14751,Otieno Traders,0778089879,31959298,Kiambu,Mini mart,2025-07-05,12,2.0,7740.0,1,3,0.25,0
DL-14610,Chebet Shop,0753009279,37183157,Kiambu,,2025-02-05,17,0.2,2030.0,1,0,0.5,0
DL-11583,Chebet Enterprises,0762066243,32277667,Kisumu,Hardware,2026-01-01,6,2.5,3230.0,1,4,0.13,1
DL-13690,Chebet Mart,0777412864,10448350,Mombasa,Agrovet,2025-05-06,14,4.3,18280.0,3,2,0.38,1
DL-10997,Atieno Supplies,0740540764,29929952,Meru,Pharmacy,2022-06-21,49,2.0,7950.0,1,3,0.29,0
DL-14158,Nyambura Shop,0731807422,14708448,Nairobi,,2025-06-05,13,0.7,4530.0,1,0,0.0,1
DL-12133,Wanjiku Enterprises,0798607434,29543909,Machakos,General shop,2025-11-02,8,4.9,5860.0,1,1,0.21,0
DL-10929,Achieng Supplies,0727260275,11965262,Machakos,Agrovet,2025-08-04,11,4.3,6340.0,1,2,0.23,0
DL-11267,Kiprop Shop,0790044746,20448521,Nairobi,Electronics,2022-12-18,43,2.1,7870.0,1,5,0.24,0
DL-11069,Wafula Duka,0771053288,28330891,Kiambu,General shop,2024-10-08,21,0.2,1860.0,2,0,0.5,1
DL-12284,Mwangi Shop,0766620766,10382825,Nairobi,Agrovet,2026-04-01,3,1.0,2460.0,0,0,0.0,0
DL-13511,Omondi Supplies,0718773403,21526557,Meru,Mini mart,2024-12-07,19,2.7,4680.0,6,9,0.41,1
DL-11656,Auma Duka,0766895310,10044441,Nairobi,Mini mart,2026-03-02,4,0.5,6880.0,0,1,0.5,0
DL-10832,Kamau Shop,0732081712,34898879,Nakuru,General shop,2025-05-06,14,3.1,7890.0,0,1,0.22,0
DL-11091,Wairimu Supplies,0713268815,23704465,Nairobi,General shop,2023-09-14,34,0.2,3280.0,0,0,0.0,0
DL-12462,Chebet Traders,0765919532,25066228,Uasin Gishu,Mini mart,2025-05-06,14,1.9,3090.0,2,1,0.22,0
DL-11735,Wafula Traders,0717094553,35462174,Nairobi,Pharmacy,2023-02-16,41,2.2,10860.0,2,1,0.27,0
DL-10093,Mutua Enterprises,0754343452,13737153,Kisumu,Hardware,2026-01-31,5,0.6,3870.0,1,1,0.0,0
DL-13401,Kiprop Enterprises,0760847977,20570688,Mombasa,Electronics,2026-05-01,2,0.5,6680.0,1,0,0.0,1
DL-14044,Barasa Mini Mart,0713471859,11680172,Nairobi,General shop,2026-03-02,4,0.8,5300.0,1,1,0.33,1
DL-12082,Mwangi Supplies,0782710370,28581842,Mombasa,Pharmacy,2025-12-02,7,1.4,4490.0,4,5,0.3,1
DL-11185,Barasa Mini Mart,0715145488,14573339,Meru,General shop,2025-07-05,12,0.9,6280.0,1,0,0.45,0
DL-13879,Chebet Stores,0722830516,17326044,Mombasa,Electronics,2026-03-02,4,3.0,4560.0,1,0,0.08,1
DL-11056,Atieno Mart,0774963063,14573347,Mombasa,Pharmacy,2025-01-06,18,2.0,13610.0,4,2,0.33,0
DL-11269,Njeri Enterprises,0710386460,24720327,Nakuru,Pharmacy,2022-08-20,47,2.6,14540.0,1,3,0.0,0
DL-12000,Mwangi Mini Mart,0738121168,24972439,Nakuru,Hardware,2026-01-01,6,0.8,12690.0,2,1,0.4,0
DL-10869,Chebet Duka,0717894238,19923159,Nairobi,Mini mart,2024-10-08,21,3.4,4460.0,1,5,0.39,1
DL-13260,Njeri Enterprises,0766667007,29550662,Meru,Mini mart,2026-03-02,4,3.5,7920.0,2,0,0.0,1
DL-11206,Achieng Traders,0773179095,16132029,Mombasa,Mini mart,2025-01-06,18,3.9,3890.0,0,1,0.53,0
DL-11777,Barasa Mini Mart,0746235169,23864876,Kiambu,Electronics,2026-01-31,5,0.6,2470.0,1,0,0.0,0
DL-10023,Wanjiku Duka,0725949510,14974118,Nairobi,Mini mart,2024-04-11,27,1.3,3990.0,2,1,0.56,0
DL-12993,Wairimu Mart,0776685732,32230067,Kisumu,Electronics,2025-12-02,7,1.3,3770.0,0,0,0.22,0
DL-10876,Kiprop Supplies,0723506060,19288634,Uasin Gishu,Agrovet,2025-10-03,9,0.7,6300.0,1,0,0.0,0
DL-12441,Wafula Supplies,0797661673,30780626,Mombasa,General shop,2024-10-08,21,1.1,3560.0,1,4,0.15,0
DL-13885,Wafula Mart,0742410842,16396025,Machakos,Agrovet,2026-01-31,5,1.6,,0,1,0.38,0
DL-10021,Atieno Shop,0723441321,13730614,Meru,General shop,2025-01-06,18,0.9,,2,2,0.18,0
DL-14900,Kiprop Mini Mart,0756069260,24013229,Kisumu,Pharmacy,2025-06-05,13,4.1,5810.0,7,6,0.65,1
DL-14616,Mutua Supplies,0773198084,32120030,Machakos,Pharmacy,2023-09-14,34,1.6,8330.0,5,6,0.37,1
DL-10439,Omondi Enterprises,0751326705,36115348,Mombasa,Hardware,2024-04-11,27,2.0,6060.0,4,3,0.21,1
DL-14618,Wafula Traders,0775377231,25232942,Machakos,General shop,2025-04-06,15,0.9,2380.0,1,3,0.09,0
DL-10111,Chebet Duka,0720866058,34703601,Nairobi,Hardware,2024-12-07,19,0.8,2290.0,1,4,0.7,0
DL-10500,Auma Mart,0777181430,32067153,Kisumu,Hardware,2024-03-12,28,1.0,5180.0,1,3,0.17,0
DL-10981,Wanjiku Shop,0749034781,37763295,Nairobi,General shop,2024-07-10,24,0.2,15560.0,1,0,0.33,0
DL-11182,Chebet Duka,0774601078,18024935,Mombasa,Electronics,2026-05-01,2,1.0,5600.0,3,0,0.0,0
DL-11240,Kiprop Mini Mart,0793215448,10611805,Mombasa,Agrovet,2022-12-18,43,0.1,4940.0,0,0,0.0,0
DL-11453,Wairimu Shop,0796230330,31381088,Nakuru,Pharmacy,2024-01-12,30,0.4,7060.0,1,3,0.0,0
DL-11878,Kamau Supplies,0766301706,19914593,Nairobi,Mini mart,2024-09-08,22,1.8,4720.0,0,3,0.27,0
DL-12008,Achieng Enterprises,0743162541,38806146,Meru,Mini mart,2025-04-06,15,0.5,,1,2,0.17,0
DL-11297,Kiprop Enterprises,0729515162,22958096,Nairobi,General shop,2022-08-20,47,0.9,4960.0,3,2,0.73,0
DL-12426,Otieno Traders,0778115828,23048578,Machakos,Mini mart,2021-07-26,60,0.6,12120.0,1,0,0.86,0
DL-10808,Mutua Enterprises,0710285904,34743775,Kiambu,Mini mart,2022-10-19,45,2.3,9470.0,1,0,0.39,0
DL-12799,Wanjiku Shop,0753059517,37849699,Nairobi,Mini mart,2025-09-03,10,0.7,6630.0,1,0,0.43,0
DL-10213,Achieng Enterprises,0775904602,12054320,Kisumu,Pharmacy,2025-09-03,10,1.6,3460.0,1,2,0.19,0
DL-14521,Chebet Mart,0761662699,38654446,Machakos,General shop,2025-10-03,9,4.7,3810.0,8,6,0.43,1
DL-13854,Nyambura Traders,0713120404,24853438,Nakuru,General shop,2024-06-10,25,0.2,3280.0,0,0,0.0,0
DL-11044,Nyambura Duka,0747133688,14950882,Meru,General shop,2023-02-16,41,1.2,2400.0,5,3,0.71,0
DL-14331,Kamau Mini Mart,0798142500,36882675,Nairobi,Hardware,2023-07-16,36,2.3,5870.0,3,2,0.43,1
DL-13356,Otieno Mini Mart,0760381262,21387026,Kisumu,General shop,2022-05-22,50,1.1,6430.0,2,1,0.0,0
DL-11036,Wanjiku Stores,0733262765,20163149,Meru,General shop,2025-09-03,10,0.5,5940.0,3,1,0.4,0
DL-14980,Wairimu Enterprises,0717786414,22579914,Uasin Gishu,General shop,2026-04-01,3,1.0,,1,0,0.33,0
DL-13736,Nyambura Enterprises,0799634075,31670980,Uasin Gishu,Hardware,2025-08-04,11,1.8,7310.0,4,3,0.35,1
DL-12694,Kiprop Duka,0763103557,11260723,Nairobi,Mini mart,2026-01-31,5,2.4,3420.0,0,1,0.17,0
DL-11123,Barasa Supplies,0752236932,32027163,Nairobi,Agrovet,2024-09-08,22,3.3,7680.0,1,2,0.08,0
DL-13568,Mwangi Duka,0766005039,28064769,Kisumu,General shop,2024-11-07,20,0.5,7890.0,3,3,0.33,0
DL-11300,Mwangi Mart,0727944484,25731806,Machakos,Mini mart,2025-04-06,15,0.3,12290.0,1,0,0.0,0
DL-12912,Achieng Traders,0749914830,18105039,Nairobi,Pharmacy,2025-03-07,16,0.8,5560.0,1,0,0.5,0
DL-12103,Njeri Supplies,0767428275,11604529,Nairobi,Pharmacy,2023-06-16,37,0.9,3780.0,5,4,0.36,0
DL-13409,Wanjiku Stores,0764401181,23950584,Machakos,Hardware,2024-03-12,28,1.8,,2,0,0.14,0
DL-14938,Atieno Supplies,0775735178,39197205,Nairobi,General shop,2025-06-05,13,0.6,5270.0,3,1,0.43,0
DL-10591,Atieno Stores,0770269371,19226062,Nakuru,General shop,2024-01-12,30,1.9,5690.0,0,1,0.09,0
DL-12651,Njeri Supplies,0744276606,38552238,Machakos,General shop,2026-05-01,2,1.0,6380.0,1,0,0.5,0
DL-10331,Otieno Mart,0780246270,32499080,Machakos,Hardware,2024-06-10,25,1.6,4180.0,1,0,0.26,0
DL-11470,Kiprop Duka,0769929331,17648747,Uasin Gishu,Pharmacy,2023-02-16,41,1.2,6670.0,1,1,0.14,1
DL-13334,Atieno Supplies,0783061087,28440853,Meru,Pharmacy,2026-01-01,6,0.2,4130.0,1,0,0.0,0
DL-12504,Wafula Stores,0734579078,11449866,Mombasa,Pharmacy,2025-04-06,15,2.4,,4,4,0.1,1
DL-10281,Barasa Mini Mart,0715379895,20507812,Nakuru,General shop,2026-01-01,6,3.0,6360.0,0,1,0.33,0
DL-13519,Omondi Stores,0735628872,30844964,Nairobi,General shop,2025-09-03,10,0.9,3010.0,1,1,0.22,0
DL-14334,Atieno Mart,0752914422,28901050,Uasin Gishu,Electronics,2025-02-05,17,1.7,14750.0,1,1,0.4,0
DL-14809,Auma Mini Mart,0757244152,37071311,Uasin Gishu,Pharmacy,2025-08-04,11,2.4,4910.0,0,0,0.23,0
DL-11773,Kiprop Shop,0799999837,11215416,Machakos,General shop,2024-04-11,27,0.8,4410.0,1,0,0.44,0
DL-13386,Barasa Enterprises,0781170979,39072283,Meru,,2025-06-05,13,2.2,14040.0,8,6,0.52,0
DL-10569,Chebet Stores,0756927765,29539205,Uasin Gishu,Mini mart,2025-02-05,17,1.8,8870.0,1,2,0.05,0
DL-10521,Njeri Traders,0712608787,34755574,Nairobi,Agrovet,2025-11-02,8,1.4,4000.0,1,1,0.55,0
DL-10811,Omondi Mart,0733410975,23582081,Kisumu,General shop,2025-02-05,17,0.5,10010.0,0,0,0.33,0
DL-11073,Wairimu Traders,0726326958,38117703,Kisumu,Electronics,2024-06-10,25,0.2,7710.0,0,2,0.0,0
DL-11204,Wairimu Mini Mart,0742639609,16978529,Mombasa,Mini mart,2025-12-02,7,0.3,4520.0,1,0,0.0,0
DL-11032,Mwangi Traders,0787121623,34960633,Nairobi,Mini mart,2024-09-08,22,1.3,5160.0,0,0,0.12,0
DL-14325,Auma Mini Mart,0756582658,34059150,Nairobi,Agrovet,2021-07-26,60,1.2,6450.0,2,2,0.6,1
DL-13010,Otieno Shop,0780986652,24461164,Nairobi,General shop,2021-08-25,59,1.0,9440.0,1,0,0.67,0
DL-11365,Wanjiku Traders,0776488466,25557990,Meru,General shop,2026-01-01,6,3.3,1990.0,2,2,0.3,0
DL-14144,Atieno Traders,0750807029,13630716,Nairobi,Pharmacy,2025-08-04,11,0.5,9010.0,1,0,0.4,0
DL-14755,Atieno Supplies,0790245814,21065465,Kiambu,Mini mart,2025-04-06,15,0.3,2960.0,0,0,0.75,0
DL-14406,Otieno Mart,0771055844,33473385,Mombasa,General shop,2026-05-31,1,1.0,6810.0,1,0,0.0,0
DL-14431,Njeri Mini Mart,0722662090,37484303,Mombasa,General shop,2023-05-17,38,1.2,2520.0,2,3,0.07,0
DL-12659,Barasa Enterprises,0782815520,39801145,Uasin Gishu,Hardware,2023-09-14,34,0.9,7700.0,1,1,0.18,0
DL-14552,Omondi Mart,0797991874,11397470,Mombasa,General shop,2023-11-13,32,1.7,5360.0,1,1,0.15,0
DL-11522,Njeri Traders,0757772799,22587365,Nairobi,,2024-12-07,19,0.6,12210.0,1,3,0.0,0
DL-12382,Achieng Supplies,0754464971,34764643,Nairobi,General shop,2025-02-05,17,1.2,,1,2,0.33,0
DL-11890,Achieng Traders,0775381450,37874275,Kisumu,Electronics,2024-12-07,19,0.4,4630.0,1,0,0.2,0
DL-11038,Omondi Traders,0746172234,16726503,Uasin Gishu,Agrovet,2025-01-06,18,1.4,3540.0,3,2,0.47,0
DL-10279,Auma Mart,0763021378,11703231,Kiambu,Hardware,2025-03-07,16,1.2,4840.0,2,2,0.29,0
DL-13775,Mwangi Duka,0741766052,33058037,Nairobi,General shop,2025-02-05,17,0.8,3720.0,0,0,0.1,1
DL-11567,Mwangi Stores,0749216898,27043401,Nakuru,Agrovet,2024-07-10,24,4.2,6350.0,0,1,0.16,0
DL-11400,Barasa Enterprises,0782607483,23173378,Nakuru,Pharmacy,2025-04-06,15,0.9,3910.0,5,4,0.09,1
DL-14257,Wafula Supplies,0740024672,30826475,Mombasa,Mini mart,2025-01-06,18,1.5,2750.0,1,0,0.11,0
DL-11661,Barasa Enterprises,0780716107,30442474,Nairobi,General shop,2025-11-02,8,1.6,5370.0,4,1,0.31,0
DL-10285,Atieno Mart,0748533366,15062645,Machakos,Mini mart,2024-01-12,30,0.4,2770.0,1,1,0.4,0
DL-11137,Omondi Shop,0731517172,34350729,Mombasa,Mini mart,2025-08-04,11,0.8,8070.0,0,3,0.33,1
DL-13025,Njeri Duka,0749043754,27513122,Nakuru,Electronics,2026-01-01,6,3.2,3530.0,2,6,0.58,1
DL-10020,Njeri Shop,0783246419,29241384,Kiambu,Mini mart,2025-09-03,10,0.4,6240.0,0,0,0.0,0
DL-13684,Nyambura Stores,0758791520,38859117,Nairobi,General shop,2024-09-08,22,2.8,4340.0,1,1,0.38,0
DL-10979,Nyambura Stores,0721116540,32506600,Kiambu,Electronics,2024-03-12,28,0.4,6050.0,1,0,0.6,0
DL-14445,Wafula Supplies,0723391837,16841160,Nairobi,Mini mart,2025-07-05,12,0.2,9020.0,4,0,0.5,1
DL-14793,Wafula Supplies,0799202157,11402054,Nairobi,Pharmacy,2025-02-05,17,3.8,8110.0,2,3,0.63,1
DL-10346,Kiprop Mini Mart,0779634510,20226837,Meru,Agrovet,2025-07-05,12,0.6,5220.0,0,0,0.29,0
DL-10915,Wafula Enterprises,0770184265,37876876,Nakuru,Mini mart,2026-03-02,4,2.5,3400.0,0,1,0.5,0
DL-10809,Nyambura Traders,0754481122,28748958,Nairobi,Mini mart,2023-09-14,34,1.2,5260.0,4,4,0.53,0
DL-12091,Otieno Mini Mart,0738378104,23563610,Kiambu,General shop,2024-10-08,21,0.6,4630.0,0,0,0.57,0
DL-13039,Kiprop Supplies,0786973641,13626810,Mombasa,General shop,2023-11-13,32,1.8,5180.0,3,2,0.32,0
DL-14420,Mutua Supplies,0755695943,22304426,Nakuru,Pharmacy,2025-12-02,7,2.1,20360.0,4,6,0.27,1
DL-13162,Chebet Mart,0790561345,27471390,Mombasa,Hardware,2025-12-02,7,1.9,6130.0,0,2,0.62,0
DL-11315,Nyambura Stores,0750854326,28064366,Meru,General shop,2025-08-04,11,0.7,1820.0,2,2,0.25,1
DL-10940,Atieno Stores,0787297504,27210077,Nairobi,Agrovet,2026-05-01,2,1.5,10960.0,1,0,1.0,1
DL-14961,Auma Traders,0737990593,38006471,Nakuru,General shop,2025-04-06,15,0.7,6070.0,2,1,0.0,0
DL-11208,Mutua Mart,0726001539,30807911,Nakuru,General shop,2024-02-11,29,2.2,2690.0,2,0,0.35,0
DL-11456,Nyambura Supplies,0730304923,15007716,Nairobi,General shop,2025-10-03,9,0.6,1350.0,0,1,0.4,0
DL-12509,Kiprop Stores,0760014205,20383485,Nairobi,General shop,2025-10-03,9,2.7,7030.0,2,1,0.17,0
DL-12635,Wanjiku Supplies,0796033748,36500690,Nairobi,Mini mart,2025-11-02,8,1.5,18500.0,3,3,0.42,1
DL-11213,Atieno Mini Mart,0727013041,12948406,Mombasa,Hardware,2025-07-05,12,0.2,1450.0,0,1,0.33,0
DL-11821,Atieno Shop,0772153092,39781579,Nairobi,,2025-12-02,7,1.0,1810.0,0,0,0.0,0
DL-12207,Auma Duka,0728659985,10555599,Machakos,General shop,2025-11-02,8,5.0,,0,4,0.38,0
DL-13881,Omondi Mart,0746976425,35767866,Nairobi,Hardware,2026-01-01,6,0.5,2470.0,2,0,1.0,0
DL-10009,Wairimu Traders,0770588865,15235213,Mombasa,Mini mart,2025-04-06,15,2.2,6980.0,0,2,0.12,1
DL-14404,Barasa Enterprises,0723009495,33639366,Nairobi,General shop,2024-02-11,29,0.8,4950.0,1,5,0.3,1
DL-13440,Barasa Shop,0719017239,36518618,Machakos,Mini mart,2025-10-03,9,1.1,5640.0,1,2,0.2,0
DL-10087,Wanjiku Traders,0783747887,14371281,Nairobi,Mini mart,2022-10-19,45,1.1,5730.0,1,6,0.0,0
DL-10958,Achieng Enterprises,0735883699,25479342,Nakuru,General shop,2023-05-17,38,0.8,3390.0,3,1,0.5,1
DL-14803,Barasa Shop,0793444555,31397378,Nairobi,Mini mart,2022-09-19,46,2.5,3870.0,1,1,0.7,0
DL-12011,Wairimu Mart,0718062614,33730606,Kisumu,General shop,2024-09-08,22,0.2,10930.0,1,1,1.0,0
DL-11008,Barasa Shop,0793050372,39112800,Machakos,General shop,2025-07-05,12,1.2,5330.0,3,0,0.07,0
DL-13972,Auma Traders,0776677830,19202295,Mombasa,Mini mart,2024-11-07,20,1.8,7210.0,2,1,0.24,0
DL-13171,Atieno Mini Mart,0732455308,19127589,Nairobi,Mini mart,2025-02-05,17,0.8,11980.0,0,0,0.0,0
DL-10456,Mwangi Duka,0752088977,31620362,Mombasa,Electronics,2025-01-06,18,1.6,5560.0,3,0,0.05,0
DL-13951,Kiprop Enterprises,0796628060,27565498,Kiambu,General shop,2024-03-12,28,1.6,10580.0,1,2,0.11,0
DL-14351,Barasa Mini Mart,0777971780,19693118,Meru,Electronics,2025-11-02,8,1.0,6020.0,2,2,0.38,0
DL-13788,Kiprop Shop,0790196863,17238810,Nairobi,General shop,2024-03-12,28,1.1,4080.0,2,0,0.15,0
DL-11041,Atieno Mini Mart,0739496566,15136532,Nairobi,General shop,2024-11-07,20,2.0,3900.0,2,3,0.33,0
DL-14259,Wairimu Shop,0785840861,22329843,Nakuru,Hardware,2025-06-05,13,1.0,2580.0,0,1,0.25,0
DL-14477,Kamau Stores,0727157489,22025350,Mombasa,General shop,2024-03-12,28,0.3,7480.0,3,0,0.0,0
DL-10853,Atieno Stores,0778605968,34753696,Nairobi,General shop,2025-01-06,18,0.2,3110.0,0,1,0.33,1
DL-10818,Otieno Enterprises,0799971901,18388559,Nairobi,Hardware,2025-04-06,15,1.1,6360.0,1,1,0.31,0
DL-10322,Kamau Supplies,0721064046,30072595,Machakos,Agrovet,2024-06-10,25,1.5,2840.0,5,3,0.0,0
DL-10922,Chebet Traders,0735466446,14520981,Nairobi,Agrovet,2023-10-14,33,1.1,6480.0,0,1,0.31,0
DL-11374,Atieno Enterprises,0780711451,28454046,Nakuru,General shop,2025-04-06,15,0.9,5450.0,2,2,0.0,0
DL-14580,Wairimu Shop,0723794244,14428547,Nakuru,Hardware,2025-12-02,7,0.1,53390.0,0,0,0.0,0
DL-11691,Wafula Stores,0731412324,30303941,Kisumu,General shop,2025-06-05,13,1.9,6200.0,4,5,0.17,1
DL-14421,Omondi Mart,0793982546,14599083,Kiambu,General shop,2026-01-31,5,0.8,4900.0,1,1,0.25,0
DL-14639,Atieno Mart,0783758948,19948068,Nairobi,Agrovet,2025-08-04,11,0.4,5400.0,0,0,0.75,0
DL-10529,Nyambura Mini Mart,0757161863,22455418,Nairobi,General shop,2024-12-07,19,1.0,6710.0,0,1,0.17,0
DL-12979,Kamau Mart,0726454012,30101019,Nairobi,General shop,2023-05-17,38,0.9,9320.0,1,1,0.27,0
DL-11863,Achieng Shop,0788635758,23262427,Nakuru,Mini mart,2025-09-03,10,0.8,8280.0,0,0,0.5,0
DL-13231,Chebet Duka,0738328548,24200227,Kiambu,Mini mart,2025-06-05,13,2.4,5380.0,3,4,0.79,0
DL-13028,Kamau Traders,0733182971,31275073,Mombasa,,2025-01-06,18,2.9,2390.0,7,5,0.03,1
DL-14299,Omondi Mart,0786823757,22227170,Nairobi,Agrovet,2025-09-03,10,0.6,6290.0,0,0,0.67,0
DL-13175,Omondi Mini Mart,0728014925,30255978,Nairobi,Hardware,2021-08-25,59,0.9,8410.0,1,1,0.18,0
DL-13937,Njeri Stores,0721745538,31944074,Nairobi,Pharmacy,2025-05-06,14,1.5,12000.0,2,3,0.44,0
DL-11767,Achieng Mart,0784556091,37173797,Nairobi,Hardware,2024-06-10,25,2.2,6240.0,1,1,0.27,0
DL-14709,Mwangi Stores,0718167177,11818472,Mombasa,Electronics,2024-11-07,20,1.1,2170.0,0,2,0.23,0
DL-14352,Auma Mart,0710277919,21419689,Uasin Gishu,General shop,2022-12-18,43,0.5,3900.0,1,0,0.33,0
DL-14902,Achieng Enterprises,0718330527,28148709,Uasin Gishu,Electronics,2025-06-05,13,0.4,3910.0,0,0,0.4,0
DL-10433,Wafula Mini Mart,0743986410,20657522,Kiambu,Pharmacy,2025-12-02,7,2.0,,1,2,0.21,0
DL-10261,Kiprop Shop,0744608693,24451046,Nakuru,General shop,2024-01-12,30,1.2,10500.0,1,1,0.07,0
DL-14079,Achieng Supplies,0732306779,19265600,Mombasa,General shop,2023-09-14,34,0.8,15510.0,1,1,0.1,0
DL-13524,Achieng Supplies,0765395070,26989355,Nairobi,General shop,2025-02-05,17,2.8,5260.0,7,7,0.18,1
DL-14542,Achieng Supplies,0782517292,11476264,Nairobi,Hardware,2026-05-01,2,4.5,5440.0,1,4,0.33,0
DL-10273,Achieng Duka,0742110251,35644491,Kisumu,General shop,2024-11-07,20,1.7,,1,3,0.15,1
DL-10209,Kamau Supplies,0728079077,20903216,Mombasa,General shop,2023-04-17,39,1.0,7730.0,0,1,0.75,0
DL-10024,Wafula Stores,0773551527,31631740,Nairobi,Pharmacy,2024-10-08,21,1.1,8670.0,0,3,0.62,1
DL-13428,Wafula Duka,0740254824,13954032,Kisumu,General shop,2025-01-06,18,1.0,7140.0,1,1,0.33,0
DL-10590,Kamau Shop,0739392485,18371771,Machakos,,2024-09-08,22,2.2,7080.0,3,1,0.35,0
DL-12886,Wanjiku Mart,0748773019,12827394,Kiambu,General shop,2024-07-10,24,0.8,3260.0,3,0,0.1,0
DL-14375,Chebet Mart,0728207777,22576692,Nakuru,General shop,2026-05-31,1,5.0,5030.0,0,1,0.0,1
DL-13815,Wairimu Duka,0771022001,18996926,Kiambu,General shop,2024-11-07,20,1.6,8590.0,1,1,0.26,0
DL-10236,Otieno Traders,0754064503,15434002,Kiambu,Mini mart,2023-09-14,34,0.6,5980.0,0,1,0.0,0
DL-10761,Mwangi Mini Mart,0759600546,11238445,Nakuru,Mini mart,2024-10-08,21,2.3,7740.0,0,3,0.43,0
DL-14328,Atieno Duka,0741690822,19323805,Kiambu,Pharmacy,2025-11-02,8,3.2,2440.0,6,5,0.23,1
DL-14692,Wafula Supplies,0739093453,25547266,Nairobi,Agrovet,2025-02-05,17,0.3,5010.0,0,0,0.0,0
DL-13454,Chebet Stores,0730756618,31820091,Kisumu,General shop,2026-01-31,5,3.0,5140.0,2,6,0.33,1
DL-13446,Atieno Shop,0751069441,18494660,Nairobi,Agrovet,2026-03-02,4,3.0,5150.0,3,3,0.17,0
DL-11173,Mwangi Traders,0799500882,26321649,Kisumu,Pharmacy,2025-04-06,15,0.6,6760.0,1,0,0.71,0
DL-12320,Chebet Mart,0724927086,25051841,Kisumu,General shop,2025-01-06,18,0.6,8170.0,1,0,0.43,0
DL-12617,Wairimu Enterprises,0754646464,27312913,Kisumu,Mini mart,2025-03-07,16,0.8,6550.0,2,0,0.8,0
DL-12577,Auma Duka,0763179157,25490948,Nairobi,Mini mart,2025-07-05,12,0.2,5220.0,2,0,0.0,0
DL-13741,Atieno Duka,0754973103,33023047,Nairobi,Electronics,2026-01-01,6,0.5,5870.0,1,3,0.33,1
DL-10241,Nyambura Enterprises,0782724541,26558431,Nakuru,General shop,2025-02-05,17,2.0,4740.0,4,4,0.21,1
DL-10800,Omondi Enterprises,0758480609,26861914,Nairobi,General shop,2025-05-06,14,0.1,5420.0,0,0,0.0,0
DL-11126,Wanjiku Enterprises,0727655861,30897368,Kisumu,General shop,2026-01-31,5,0.6,3680.0,0,0,0.0,0
DL-12980,Wanjiku Supplies,0759885489,30141810,Uasin Gishu,Pharmacy,2025-07-05,12,1.8,3410.0,1,1,0.24,0
DL-11386,Njeri Duka,0763753616,17845566,Mombasa,Pharmacy,2025-05-06,14,1.5,,3,3,0.28,1
DL-10884,Wanjiku Duka,0787419677,39267029,Nairobi,Pharmacy,2024-10-08,21,1.1,9730.0,2,0,0.62,0
DL-11675,Nyambura Mini Mart,0795860282,19804380,Mombasa,Hardware,2024-05-11,26,1.2,8620.0,0,1,0.2,0
DL-10033,Chebet Stores,0716917579,33360050,Kiambu,Mini mart,2024-01-12,30,0.8,4320.0,0,0,0.33,0
DL-10967,Chebet Traders,0736316351,30258418,Kisumu,General shop,2024-11-07,20,0.1,2370.0,0,0,0.0,0
DL-11344,Barasa Stores,0762479583,29042905,Kiambu,Hardware,2026-01-01,6,5.2,8020.0,1,2,0.65,0
DL-10715,Auma Traders,0711416745,12941299,Kiambu,Mini mart,2025-11-02,8,1.4,3990.0,0,1,0.18,0
DL-10671,Wafula Mini Mart,0747181331,36671894,Kiambu,Electronics,2024-08-09,23,0.9,6840.0,1,1,0.45,1
DL-11543,Omondi Supplies,0759148335,35149984,Nakuru,General shop,2024-03-12,28,0.5,2790.0,1,0,0.67,0
DL-13062,Mwangi Mart,0733575903,27446532,Uasin Gishu,Mini mart,2022-01-22,54,0.2,3190.0,0,0,0.5,0
DL-10666,Nyambura Mart,0775509454,12592667,Nairobi,General shop,2025-12-02,7,0.1,4770.0,2,0,1.0,0
DL-12971,Otieno Mini Mart,0769500619,18422041,Kisumu,Pharmacy,2026-01-31,5,1.0,2700.0,1,1,0.6,1
DL-12996,Achieng Duka,0769798637,17600832,Nairobi,Mini mart,2024-03-12,28,0.7,4550.0,1,0,0.5,0
DL-10445,Mutua Mini Mart,0788343520,19143801,Nairobi,Mini mart,2025-12-02,7,0.7,3530.0,1,2,0.8,1
DL-14539,Mutua Mini Mart,0719911809,39088329,Nairobi,Pharmacy,2026-01-31,5,4.0,7350.0,1,3,0.45,0
DL-11975,Kamau Enterprises,0746761791,20440301,Kisumu,Mini mart,2024-10-08,21,1.6,3660.0,1,0,0.21,0
DL-12945,Nyambura Duka,0777005188,30654700,Kiambu,General shop,2022-07-21,48,1.2,6290.0,4,3,0.67,0
DL-11756,Atieno Supplies,0717711040,15529252,Mombasa,General shop,2023-12-13,31,1.5,9320.0,1,0,0.06,0
DL-13279,Wairimu Stores,0712261375,10599083,Kiambu,General shop,2026-05-01,2,1.0,34800.0,0,0,0.0,1
DL-12998,Wafula Enterprises,0724174824,24005975,Nakuru,General shop,2023-10-14,33,0.9,4770.0,3,2,0.36,0
DL-11866,Auma Enterprises,0755338464,16816671,Meru,General shop,2025-04-06,15,1.7,4160.0,1,2,0.65,0
DL-11476,Mwangi Shop,0765418697,16950227,Kiambu,General shop,2025-09-03,10,0.4,4550.0,2,1,0.0,0
DL-12244,Kiprop Supplies,0753239805,26786785,Mombasa,Mini mart,2025-10-03,9,1.6,8250.0,4,2,0.5,1
DL-13983,Nyambura Stores,0788547246,38432565,Uasin Gishu,Electronics,2025-05-06,14,2.2,16050.0,0,2,0.44,0
DL-10920,Chebet Mini Mart,0750869705,38507980,Nairobi,Hardware,2024-05-11,26,2.2,7400.0,5,4,0.31,0
DL-14533,Otieno Duka,0750441411,39153416,Mombasa,Agrovet,2025-10-03,9,2.6,10280.0,1,2,0.13,0
DL-11627,Otieno Supplies,0798800383,18399342,Nakuru,Agrovet,2025-07-05,12,3.3,8130.0,1,3,0.6,0
DL-12331,Nyambura Duka,0750264892,33408329,Kiambu,General shop,2025-11-02,8,2.2,10880.0,1,4,0.5,1
DL-12465,Omondi Stores,0742279753,11687327,Kiambu,Mini mart,2025-03-07,16,0.4,2970.0,2,0,0.4,0
DL-10924,Atieno Mart,0712017192,19981823,Nairobi,,2025-12-02,7,2.1,5110.0,0,0,0.33,0
DL-14322,Achieng Mini Mart,0712895969,36980637,Nairobi,Agrovet,2026-01-31,5,2.0,7530.0,1,2,0.3,0
DL-11757,Achieng Enterprises,0757137753,22481549,Kiambu,Hardware,2024-01-12,30,0.8,5880.0,0,0,0.22,0
DL-11965,Barasa Mini Mart,0798966106,18932863,Uasin Gishu,General shop,2023-04-17,39,3.2,15640.0,4,7,0.08,0
DL-14984,Njeri Traders,0716308756,31991155,Nairobi,Mini mart,2024-12-07,19,0.9,3410.0,0,2,0.18,0
DL-11708,Nyambura Mini Mart,0728825883,39736113,Nairobi,Electronics,2021-12-23,55,3.2,4270.0,0,4,0.26,0
DL-13031,Kamau Duka,0711564360,23537275,Mombasa,Mini mart,2025-10-03,9,2.7,15030.0,1,3,0.12,0
DL-13405,Njeri Stores,0720293035,34483434,Machakos,General shop,2024-09-08,22,0.3,15140.0,3,2,0.25,1
DL-11197,Nyambura Traders,0749432621,19704098,Kiambu,Mini mart,2026-04-01,3,0.3,7330.0,0,1,1.0,0
DL-14473,Mutua Duka,0788157176,18110387,Kiambu,Mini mart,2026-05-01,2,1.5,1550.0,3,2,0.33,0
DL-10567,Mutua Enterprises,0739136959,20592754,Kiambu,Mini mart,2023-03-18,40,1.5,7270.0,2,3,0.06,0
DL-13002,Wanjiku Mini Mart,0757748084,29675402,Machakos,General shop,2026-01-31,5,1.8,5120.0,0,0,0.44,0
DL-11081,Kamau Duka,0788295534,26629670,Mombasa,Electronics,2026-04-01,3,2.0,2400.0,2,2,0.67,1
DL-12650,Achieng Duka,0714977457,13447077,Machakos,General shop,2024-03-12,28,0.6,11520.0,1,1,0.29,0
DL-11734,Achieng Traders,0718793036,19354201,Mombasa,General shop,2025-05-06,14,0.3,,2,0,0.25,0
DL-11327,Omondi Mini Mart,0747923694,26971952,Kisumu,Mini mart,2024-08-09,23,0.4,3120.0,2,1,0.4,0
DL-12392,Mwangi Supplies,0780469078,35296938,Nairobi,General shop,2024-09-08,22,1.7,8360.0,1,2,0.65,0
DL-14487,Achieng Enterprises,0738447350,37637955,Machakos,General shop,2025-06-05,13,1.2,8640.0,0,1,0.53,0
DL-11504,Njeri Supplies,0793031523,24370198,Nairobi,General shop,2024-07-10,24,0.1,2410.0,1,0,0.0,0
DL-12055,Chebet Enterprises,0741287691,18023328,Nairobi,General shop,2025-04-06,15,1.1,9060.0,3,5,0.15,1
DL-14541,Achieng Enterprises,0742846255,37878059,Kiambu,Pharmacy,2025-10-03,9,1.8,7770.0,2,4,0.56,1
DL-10343,Otieno Traders,0720682480,20891593,Uasin Gishu,Agrovet,2024-09-08,22,5.5,7040.0,5,5,0.23,0
DL-11278,Wanjiku Supplies,0792738886,10376860,Nairobi,Mini mart,2023-11-13,32,0.3,5650.0,1,0,0.0,0
DL-11230,Achieng Shop,0770456617,31884900,Kiambu,Mini mart,2023-03-18,40,1.3,3170.0,3,5,0.44,1
DL-12660,Auma Duka,0778181629,32740633,Mombasa,General shop,2024-02-11,29,1.6,4960.0,2,3,0.26,0
DL-11370,Barasa Traders,0743715741,33321354,Nairobi,Pharmacy,2025-09-03,10,6.2,26340.0,2,7,0.18,0
DL-13660,Chebet Supplies,0724005366,10571743,Machakos,Mini mart,2026-04-01,3,0.7,6020.0,0,0,0.0,1
DL-13635,Barasa Supplies,0754493172,14083686,Kisumu,General shop,2024-11-07,20,0.7,3860.0,1,0,0.62,0
DL-12150,Kiprop Shop,0779622752,23529938,Mombasa,General shop,2023-10-14,33,1.4,9320.0,1,4,0.24,1
DL-11129,Barasa Supplies,0752929486,26282821,Mombasa,Electronics,2023-09-14,34,5.1,4800.0,1,3,0.3,0
DL-14657,Atieno Enterprises,0723723380,29483242,Nakuru,General shop,2025-08-04,11,1.3,5390.0,4,5,0.43,1
DL-12950,Mwangi Enterprises,0757749287,12996431,Nairobi,General shop,2024-07-10,24,0.8,9300.0,1,1,0.2,0
DL-12903,Kamau Shop,0710644530,39621840,Uasin Gishu,Pharmacy,2025-06-05,13,2.2,2740.0,1,2,0.12,0
DL-14063,Mutua Mart,0722031481,39766723,Meru,Hardware,2026-01-01,6,0.5,9330.0,0,0,0.67,0
DL-13115,Otieno Stores,0737175380,15499131,Nakuru,General shop,2022-05-22,50,1.6,4310.0,0,1,0.37,0
DL-10350,Wanjiku Stores,0727313249,20046227,Uasin Gishu,Mini mart,2023-12-13,31,0.6,3610.0,2,3,0.29,0
DL-11816,Nyambura Traders,0758559115,16577743,Nairobi,Mini mart,2022-02-21,53,3.1,9960.0,0,1,0.59,0
DL-10641,Atieno Shop,0795135893,26962331,Nairobi,Pharmacy,2026-05-01,2,2.0,13280.0,1,1,0.5,0
DL-10531,Otieno Mini Mart,0714972121,17645025,Uasin Gishu,General shop,2025-04-06,15,1.2,3610.0,0,1,0.07,0
DL-10367,Mwangi Shop,0719085979,31442387,Mombasa,Mini mart,2024-10-08,21,1.1,3090.0,0,2,0.31,0
DL-11921,Auma Enterprises,0724713520,34611382,Kiambu,General shop,2025-02-05,17,0.6,,2,0,0.29,0
DL-14258,Achieng Mart,0714687570,34496936,Machakos,Pharmacy,2024-12-07,19,1.5,6440.0,3,4,0.33,0
DL-13029,Chebet Enterprises,0763572229,37476422,Machakos,General shop,2021-10-24,57,1.1,17660.0,1,3,0.31,0
DL-13188,Omondi Shop,0735999561,10027645,Kiambu,Electronics,2026-01-01,6,2.3,7160.0,0,0,0.79,0
DL-11371,Njeri Duka,0733760033,32877528,Uasin Gishu,General shop,2022-06-21,49,0.2,5370.0,1,0,0.33,0
DL-11724,Otieno Mart,0785398149,28559587,Nairobi,,2023-09-14,34,0.7,5620.0,1,1,0.25,0
DL-10528,Barasa Enterprises,0730510061,28850209,Nairobi,Electronics,2026-01-31,5,2.0,7850.0,1,3,0.0,1
DL-11794,Otieno Stores,0725454098,28071337,Mombasa,Agrovet,2025-01-06,18,0.4,2740.0,0,1,0.2,0
DL-13027,Njeri Traders,0747651137,21516546,Mombasa,Pharmacy,2024-02-11,29,1.2,4580.0,0,2,0.21,0
DL-13423,Auma Duka,0762623112,25523992,Nairobi,Electronics,2023-09-14,34,0.9,7360.0,0,1,0.45,0
DL-14057,Nyambura Shop,0721753567,15523375,Nakuru,Mini mart,2025-04-06,15,0.2,6460.0,0,1,0.5,0
DL-12325,Njeri Supplies,0790139109,19578311,Kiambu,Pharmacy,2024-02-11,29,1.8,11730.0,0,0,0.59,0
DL-12143,Nyambura Mart,0721412289,29454682,Nairobi,General shop,2025-02-05,17,1.7,4720.0,2,2,0.5,0
DL-12335,Kamau Traders,0789818910,35465405,Meru,Mini mart,2026-01-31,5,1.2,4000.0,3,3,0.33,0
DL-14472,Kamau Traders,0784743218,24668376,Kisumu,Hardware,2024-08-09,23,0.6,14940.0,1,0,0.43,0
DL-10418,Kiprop Mini Mart,0733697774,23333359,Nairobi,Mini mart,2023-06-16,37,0.5,,3,2,0.33,0
DL-14553,Nyambura Traders,0771875737,31926877,Machakos,General shop,2024-09-08,22,3.5,7180.0,2,6,0.14,1
DL-12746,Omondi Duka,0724715973,12373864,Nairobi,Hardware,2025-08-04,11,1.4,5810.0,1,5,0.53,0
DL-13625,Wairimu Mart,0769814923,32610557,Mombasa,Mini mart,2025-08-04,11,1.9,2830.0,1,2,0.14,0
DL-11176,Auma Shop,0714254484,25108821,Uasin Gishu,General shop,2025-02-05,17,0.7,4710.0,0,0,0.25,0
DL-14459,Mwangi Shop,0716432396,12092147,Meru,Hardware,2026-04-01,3,2.3,2040.0,1,2,0.57,0
DL-10670,Nyambura Duka,0752317952,33530033,Nairobi,Hardware,2025-05-06,14,1.6,3250.0,0,1,0.32,0
DL-11541,Chebet Mart,0744543848,26527375,Machakos,Hardware,2025-10-03,9,1.4,11640.0,1,1,0.0,0
DL-12073,Auma Mart,0729254196,36364094,Meru,Agrovet,2025-08-04,11,1.1,9140.0,0,1,0.17,1
DL-14050,Kamau Stores,0713770161,20220144,Nairobi,Mini mart,2024-04-11,27,0.9,10680.0,0,1,0.18,0
DL-11983,Omondi Stores,0731609040,20436181,Kiambu,Hardware,2023-10-14,33,1.8,3180.0,3,2,0.23,0
DL-14846,Kamau Enterprises,0718492695,37170270,Kiambu,General shop,2023-08-15,35,0.9,6980.0,1,0,0.45,0
DL-14267,Njeri Duka,0791736237,32876535,Nairobi,General shop,2025-12-02,7,0.7,4380.0,2,2,0.2,1
DL-14312,Otieno Mini Mart,0799844343,20774980,Nakuru,Pharmacy,2025-06-05,13,1.2,6480.0,1,1,0.27,0
DL-11935,Achieng Traders,0732347096,25822014,Kisumu,Electronics,2024-05-11,26,2.9,5320.0,1,1,0.4,0
DL-12223,Wairimu Enterprises,0786101921,25933779,Kisumu,General shop,2025-10-03,9,0.1,8010.0,0,0,0.0,0
DL-12403,Wanjiku Enterprises,0791383022,12262145,Nairobi,General shop,2023-01-17,42,1.3,3190.0,1,2,0.19,0
DL-11868,Achieng Stores,0751756440,13492140,Mombasa,Pharmacy,2025-07-05,12,1.0,4530.0,0,0,0.58,0
DL-13268,Wanjiku Duka,0746705342,29257162,Nairobi,General shop,2025-07-05,12,1.5,4010.0,2,1,0.22,0
DL-11526,Chebet Mart,0788411004,35877479,Uasin Gishu,Agrovet,2023-10-14,33,1.8,10290.0,2,2,0.29,0
DL-10029,Njeri Duka,0751155160,23277951,Mombasa,General shop,2026-04-01,3,0.7,5840.0,2,0,0.5,1
DL-10115,Otieno Mini Mart,0789512045,31475876,Kisumu,General shop,2026-03-02,4,0.8,2410.0,0,1,0.0,1
DL-14064,Wairimu Mart,0725468776,26053103,Nairobi,Pharmacy,2021-07-26,60,1.5,6800.0,0,1,0.33,0
DL-11620,Chebet Mart,0796609764,21931401,Mombasa,General shop,2024-09-08,22,0.8,6040.0,0,1,0.56,0
DL-10158,Achieng Traders,0790472665,36640689,Nakuru,Pharmacy,2022-06-21,49,1.2,2480.0,1,2,0.47,0
DL-14235,Njeri Stores,0784249805,10767658,Nairobi,Hardware,2026-01-01,6,0.5,2540.0,0,0,0.0,0
DL-10538,Kiprop Mart,0722339505,13062378,Kiambu,Mini mart,2025-11-02,8,1.8,5350.0,1,1,0.21,0
DL-14769,Nyambura Enterprises,0734176348,38788059,Nairobi,Pharmacy,2025-01-06,18,1.8,7660.0,0,0,0.18,0
DL-10017,Wairimu Stores,0731113435,39733408,Nairobi,Agrovet,2025-10-03,9,2.3,11990.0,0,0,0.19,0
DL-11275,Omondi Shop,0722439749,22982379,Uasin Gishu,General shop,2024-09-08,22,0.2,3600.0,0,0,0.33,0
DL-12822,Atieno Duka,0772974285,37249712,Nairobi,Pharmacy,2025-02-05,17,1.7,4970.0,0,1,0.5,0
DL-10994,Auma Supplies,0766898075,25249724,Kisumu,General shop,2023-08-15,35,1.9,12800.0,2,1,0.35,0
DL-13620,Auma Stores,0729627856,19971660,Nairobi,Mini mart,2024-08-09,23,0.2,5040.0,0,0,0.33,0
DL-12532,Wairimu Shop,0762397522,37315400,Nakuru,Pharmacy,2025-01-06,18,0.2,9040.0,0,0,0.0,0
DL-10451,Mutua Mart,0787246422,21347086,Nairobi,Electronics,2024-08-09,23,1.3,2080.0,0,1,0.69,0
DL-10198,Mutua Supplies,0755169725,37285315,Nairobi,Hardware,2024-12-07,19,2.0,,1,5,0.71,1
DL-12740,Auma Enterprises,0771666142,20937138,Nakuru,Pharmacy,2024-03-12,28,1.8,4070.0,1,4,0.05,0
DL-13103,Mutua Mart,0799858720,24163837,Mombasa,General shop,2025-02-05,17,1.3,7880.0,3,2,0.19,0
DL-11212,Mwangi Enterprises,0759325451,20204517,Kiambu,Pharmacy,2024-07-10,24,0.8,3670.0,1,1,0.22,0
DL-12314,Njeri Stores,0798536339,25740786,Uasin Gishu,Mini mart,2025-11-02,8,0.5,12210.0,0,0,0.0,0
DL-14318,Nyambura Duka,0756158612,18897460,Kiambu,General shop,2025-01-06,18,0.8,3420.0,0,2,0.1,0
DL-12438,Achieng Duka,0731945693,13201905,Kiambu,Electronics,2025-12-02,7,2.3,1780.0,1,3,0.56,0
DL-11028,Mwangi Supplies,0773417901,32161665,Mombasa,Mini mart,2026-05-01,2,0.5,9340.0,2,0,0.0,0
DL-14859,Atieno Mini Mart,0734800466,33403101,Nakuru,Hardware,2026-05-31,1,1.0,8010.0,4,0,0.0,0
DL-14118,Auma Supplies,0749954106,31217129,Kisumu,Mini mart,2024-08-09,23,0.5,8270.0,0,0,0.83,0
DL-14094,Wanjiku Duka,0714140227,17165239,Nairobi,General shop,2023-12-13,31,2.2,4700.0,2,3,0.37,0
DL-11406,Wafula Duka,0762019105,23768881,Nairobi,Hardware,2024-11-07,20,1.3,5560.0,1,1,0.31,0
DL-12264,Auma Shop,0791008930,31832203,Nairobi,Mini mart,2023-11-13,32,1.5,5620.0,0,0,0.39,0
DL-12159,Wafula Supplies,0710161198,34632568,Nakuru,Mini mart,2025-08-04,11,0.4,12180.0,1,1,0.0,0
DL-14449,Achieng Shop,0789078366,35847748,Kiambu,General shop,2023-10-14,33,1.6,4740.0,3,2,0.42,0
DL-12416,Wafula Mart,0763605289,15914579,Uasin Gishu,General shop,2025-10-03,9,1.4,1890.0,0,4,0.85,0
DL-12107,Kamau Traders,0763717905,33499604,Kisumu,Electronics,2026-01-01,6,0.8,2910.0,1,1,0.8,1
DL-13818,Otieno Shop,0795540834,25507516,Uasin Gishu,,2023-09-14,34,0.4,5060.0,0,0,0.4,0
DL-14096,Atieno Enterprises,0770506364,22704117,Meru,General shop,2025-09-03,10,0.8,5900.0,0,0,0.12,0
DL-12404,Njeri Mini Mart,0773113305,28424135,Mombasa,Mini mart,2024-03-12,28,1.5,4580.0,3,2,0.11,0
DL-14093,Atieno Enterprises,0738974698,28731242,Kisumu,Pharmacy,2025-11-02,8,1.0,6900.0,0,0,0.12,0
DL-12693,Chebet Supplies,0767438352,33021104,Kiambu,General shop,2025-06-05,13,1.4,1800.0,0,1,0.65,0
DL-14279,Otieno Enterprises,0758530587,34232542,Meru,General shop,2025-01-06,18,1.5,5140.0,3,2,0.28,1
DL-12930,Achieng Mini Mart,0750661848,18848812,Mombasa,Electronics,2024-12-07,19,1.4,7090.0,0,0,0.35,0
DL-13068,Chebet Shop,0795734205,37910956,Nakuru,Mini mart,2022-06-21,49,0.6,21480.0,0,2,0.14,0
DL-14062,Wafula Mart,0782257527,14481338,Nairobi,General shop,2025-08-04,11,0.2,8840.0,0,0,0.5,0
DL-11270,Chebet Stores,0718649090,35641577,Kiambu,Mini mart,2025-11-02,8,2.4,1800.0,3,5,0.68,1
DL-13308,Wairimu Supplies,0734470112,35436312,Nakuru,Mini mart,2024-06-10,25,0.8,2930.0,0,1,0.44,1
DL-11563,Wafula Enterprises,0785324417,34233765,Kiambu,Mini mart,2025-04-06,15,0.9,5050.0,1,0,0.27,0
DL-11120,Njeri Traders,0712303202,27183293,Nairobi,Mini mart,2024-12-07,19,3.1,3570.0,2,4,0.43,0
DL-11947,Wanjiku Enterprises,0793347391,29670954,Machakos,General shop,2024-01-12,30,1.8,7040.0,1,3,0.05,0
DL-11100,Nyambura Shop,0734718091,31005821,Kiambu,Agrovet,2025-01-06,18,0.4,4650.0,0,0,0.4,0
DL-10349,Chebet Supplies,0752137142,11272353,Mombasa,Electronics,2024-10-08,21,1.2,6060.0,1,1,0.4,0
DL-12381,Chebet Supplies,0770817758,21329938,Nairobi,General shop,2026-01-31,5,0.6,8650.0,1,1,0.0,0
DL-12834,Mwangi Traders,0735170492,35838936,Nairobi,General shop,2025-06-05,13,1.2,3550.0,4,0,0.5,1
DL-13863,Wairimu Mart,0723875423,22507696,Kisumu,Agrovet,2026-05-01,2,4.0,3870.0,1,1,0.12,0
DL-12445,Auma Enterprises,0743374587,20129228,Meru,Hardware,2025-08-04,11,0.5,5870.0,0,0,0.2,0
DL-14791,Barasa Mini Mart,0779870018,10199062,Nairobi,Mini mart,2022-03-23,52,1.8,2530.0,1,0,0.0,0
DL-13759,Wairimu Duka,0780877123,22693148,Nairobi,Hardware,2025-05-06,14,0.6,4200.0,4,1,0.43,0
DL-10676,Wafula Mini Mart,0748095952,35213142,Nairobi,Mini mart,2024-06-10,25,1.1,4020.0,3,3,0.15,0
DL-13979,Kamau Duka,0780826001,25903259,Nakuru,General shop,2025-08-04,11,0.9,4830.0,4,1,0.1,1
DL-12258,Wanjiku Mini Mart,0761404045,10605484,Meru,Mini mart,2024-04-11,27,2.8,3560.0,3,4,0.32,0
DL-12444,Auma Supplies,0751946562,13550826,Kisumu,Electronics,2024-03-12,28,0.4,9320.0,0,0,0.2,0
DL-12807,Barasa Supplies,0768018658,32211449,Kisumu,General shop,2023-11-13,32,1.8,7810.0,3,0,0.38,1
DL-11742,Auma Traders,0721202095,24241303,Nairobi,Mini mart,2024-07-10,24,1.6,3290.0,0,1,0.42,0
DL-11168,Kamau Supplies,0750688697,17790613,Uasin Gishu,General shop,2025-06-05,13,0.8,,1,1,0.1,0
DL-12597,Auma Stores,0780851362,19884407,Kiambu,Mini mart,2024-03-12,28,1.3,4840.0,0,0,0.25,0
DL-14029,Nyambura Traders,0776485932,26323354,Nakuru,Pharmacy,2025-09-03,10,3.2,11970.0,1,3,0.34,1
DL-11843,Wafula Enterprises,0794148123,24935399,Mombasa,Agrovet,2024-05-11,26,0.4,14400.0,1,0,0.0,0
DL-11358,Achieng Mini Mart,0744350137,10239826,Uasin Gishu,Mini mart,2024-05-11,26,2.6,3860.0,4,3,0.32,1
DL-14843,Wairimu Supplies,0795059241,12672798,Kisumu,General shop,2026-03-02,4,2.8,6250.0,0,3,0.27,0
DL-14010,Njeri Supplies,0760798427,10580914,Nakuru,General shop,2025-01-06,18,5.7,9280.0,1,4,0.16,0
DL-11407,Mutua Duka,0735311859,30067828,Kiambu,General shop,2025-01-06,18,2.1,4330.0,3,5,0.36,0
DL-13215,Wafula Duka,0740756558,16451529,Mombasa,General shop,2024-02-11,29,2.8,8280.0,2,2,0.45,0
DL-14819,Wafula Enterprises,0717089013,26409335,Nairobi,General shop,2023-08-15,35,3.3,7460.0,0,1,0.15,0
DL-12189,Mutua Duka,0759486446,19005593,Kiambu,General shop,2025-03-07,16,0.8,7630.0,1,1,0.44,0
DL-10471,Atieno Shop,0753647288,18067319,Nairobi,General shop,2023-12-13,31,0.5,2970.0,0,1,0.17,0
DL-14548,Omondi Mart,0773720246,32310898,Mombasa,General shop,2024-05-11,26,0.4,,4,2,0.0,0
DL-10006,Wafula Stores,0755047593,28756034,Kisumu,Pharmacy,2024-08-09,23,2.0,1820.0,2,5,0.33,1
DL-11416,Mutua Stores,0790109800,32877157,Meru,General shop,2025-01-06,18,0.5,13600.0,3,0,0.17,0
DL-11962,Wairimu Stores,0796383949,34080214,Nairobi,Pharmacy,2025-02-05,17,3.1,9830.0,6,7,0.27,1
DL-12994,Kiprop Supplies,0787221038,18966176,Nakuru,General shop,2025-04-06,15,2.3,,1,1,0.71,1
DL-10203,Omondi Stores,0715618608,32130749,Nairobi,Mini mart,2025-05-06,14,2.9,3790.0,1,1,0.14,0
DL-12098,Kamau Enterprises,0796585237,37367784,Kiambu,Pharmacy,2025-09-03,10,1.3,6460.0,1,3,0.62,0
DL-11867,Otieno Mini Mart,0758854736,19586150,Nairobi,General shop,2024-09-08,22,0.3,6090.0,1,1,1.0,0
DL-11155,Atieno Duka,0771894037,16995489,Nairobi,Electronics,2021-07-26,60,1.7,5600.0,2,1,0.65,0
DL-11071,Auma Stores,0745349452,31990118,Kiambu,Agrovet,2025-08-04,11,1.5,3710.0,0,1,0.53,0
DL-12670,Mwangi Traders,0748030355,38234920,Nairobi,General shop,2025-03-07,16,2.5,7270.0,4,4,0.17,1
DL-12294,Omondi Enterprises,0763349049,20327734,Nakuru,Mini mart,2024-12-07,19,2.6,7970.0,1,0,0.35,0
DL-14149,Auma Enterprises,0711463618,13552775,Mombasa,Pharmacy,2022-09-19,46,1.2,8890.0,2,0,0.07,0
DL-13261,Kamau Stores,0723943357,10817005,Nakuru,Hardware,2024-04-11,27,1.3,9750.0,2,2,0.0,0
DL-10544,Achieng Traders,0794723583,22231577,Nairobi,General shop,2026-01-31,5,1.4,3620.0,1,1,0.14,1
DL-14550,Mwangi Traders,0712900723,10334590,Kisumu,Mini mart,2025-03-07,16,2.7,7750.0,1,6,0.22,1
DL-12687,Njeri Duka,0726296004,25724914,Meru,General shop,2026-01-31,5,0.6,,1,0,0.0,0
DL-12155,Omondi Shop,0733983992,27028357,Nakuru,Electronics,2024-12-07,19,0.8,4080.0,2,1,0.44,1
DL-10601,Njeri Duka,0727155420,20299982,Kisumu,General shop,2025-07-05,12,0.3,2960.0,0,0,0.25,0
DL-10757,Barasa Enterprises,0743741956,37341645,Nairobi,General shop,2025-04-06,15,0.8,,1,0,0.0,0
DL-14455,Barasa Supplies,0761883986,17570964,Kiambu,General shop,2025-06-05,13,2.1,8090.0,1,0,0.48,0
DL-10199,Mutua Enterprises,0738206603,35955746,Kiambu,Pharmacy,2024-11-07,20,1.2,7070.0,1,1,0.33,0
DL-13870,Wafula Duka,0711988912,28027221,Nairobi,General shop,2023-10-14,33,0.7,,0,0,0.38,0
DL-11741,Auma Supplies,0793844574,32793115,Meru,Pharmacy,2025-04-06,15,1.6,4420.0,0,2,0.16,0
DL-10777,Njeri Stores,0782079291,18683381,Machakos,Pharmacy,2025-09-03,10,0.7,6350.0,1,0,0.57,0
DL-12931,Mutua Duka,0770301169,37158537,Nakuru,Mini mart,2026-01-31,5,1.0,4700.0,2,0,0.2,0
DL-10879,Kamau Mini Mart,0712877617,21996273,Kisumu,,2024-02-11,29,1.6,16850.0,0,3,0.26,0
DL-14525,Atieno Duka,0765161015,25761234,Nakuru,General shop,2026-04-01,3,0.3,11620.0,0,1,0.0,0
DL-10850,Chebet Enterprises,0728763552,26077181,Meru,Mini mart,2025-04-06,15,2.2,3400.0,0,0,0.54,0
DL-12152,Kiprop Traders,0775525106,15632530,Nakuru,Mini mart,2022-04-22,51,1.5,2150.0,2,1,0.22,0
DL-12832,Atieno Duka,0737681606,32925249,Kisumu,Mini mart,2024-11-07,20,1.4,4270.0,5,4,0.18,0
DL-10894,Mwangi Traders,0788513119,13632348,Mombasa,General shop,2025-06-05,13,2.1,4890.0,0,0,0.48,1
DL-12250,Auma Mini Mart,0720910132,32853259,Kiambu,General shop,2025-01-06,18,4.0,5820.0,7,4,0.08,0
DL-12656,Kiprop Enterprises,0711901338,35547032,Nairobi,Agrovet,2024-07-10,24,0.6,2020.0,2,1,0.14,0
DL-13042,Auma Enterprises,0716968426,32613502,Kiambu,Agrovet,2025-08-04,11,0.6,3180.0,1,1,0.14,0
DL-14906,Otieno Supplies,0763541492,31972796,Nakuru,Electronics,2024-07-10,24,0.2,15060.0,1,0,0.0,0
DL-14269,Mutua Enterprises,0714356886,36392044,Nairobi,Mini mart,2026-05-01,2,1.0,14380.0,0,0,0.0,0
DL-14638,Nyambura Shop,0721095245,18724193,Uasin Gishu,Pharmacy,2026-04-01,3,0.7,3340.0,1,0,0.5,0
DL-10015,Kiprop Mini Mart,0728223721,23143240,Machakos,General shop,2024-05-11,26,1.1,3300.0,3,2,0.46,0
DL-11340,Kiprop Shop,0767600011,34266849,Nairobi,General shop,2025-04-06,15,1.8,5860.0,0,0,0.23,0
DL-14356,Atieno Mart,0759650291,22391819,Uasin Gishu,General shop,2026-05-01,2,0.5,8010.0,1,1,0.0,0
DL-14841,Atieno Duka,0768157635,10856500,Nairobi,General shop,2025-01-06,18,2.1,8720.0,3,3,0.32,1
DL-11203,Omondi Duka,0733535826,18770428,Machakos,Electronics,2025-05-06,14,1.1,8340.0,1,1,0.31,0
DL-11272,Nyambura Mart,0714959606,24290340,Nakuru,General shop,2024-08-09,23,4.8,7240.0,3,4,0.25,0
DL-10534,Achieng Shop,0749183506,18097859,Nakuru,Mini mart,2025-12-02,7,0.1,2800.0,1,1,0.0,1
DL-11793,Nyambura Mini Mart,0724694661,36102365,Kisumu,Agrovet,2025-07-05,12,1.2,3450.0,2,2,0.29,0
DL-12852,Achieng Enterprises,0760128363,37761311,Meru,Hardware,2023-10-14,33,0.8,,2,2,0.22,0
DL-14990,Kiprop Duka,0739529378,22654149,Uasin Gishu,Agrovet,2025-10-03,9,3.1,5740.0,7,8,0.46,1
DL-12823,Auma Duka,0761362656,27417820,Kiambu,General shop,2024-09-08,22,1.0,6380.0,2,1,0.33,1
DL-14979,Njeri Mart,0760617940,23213951,Kiambu,Mini mart,2023-01-17,42,3.4,6230.0,4,7,0.07,1
DL-13017,Barasa Shop,0786580738,24736473,Machakos,Mini mart,2024-05-11,26,1.0,2300.0,0,0,0.42,0
DL-11259,Otieno Stores,0752412344,38477312,Kisumu,Mini mart,2024-03-12,28,0.4,2660.0,0,0,0.0,0
DL-10685,Achieng Stores,0730368421,28849689,Nairobi,Electronics,2023-11-13,32,0.6,6360.0,3,1,0.14,0
DL-10205,Wairimu Traders,0712635592,39076577,Nairobi,Hardware,2026-01-31,5,2.6,7150.0,3,4,0.62,0
DL-12096,Kamau Enterprises,0712169999,19714997,Nairobi,Hardware,2022-09-19,46,1.5,18150.0,2,0,0.5,0
DL-10379,Wairimu Traders,0799216824,26113847,Nairobi,Mini mart,2025-02-05,17,0.4,7740.0,4,0,0.0,1
DL-13939,Nyambura Supplies,0754305614,12451069,Kiambu,Pharmacy,2025-07-05,12,0.5,5270.0,1,0,0.33,0
DL-13240,Otieno Supplies,0789303590,24381008,Nairobi,General shop,2023-06-16,37,0.4,21570.0,0,0,0.4,0
DL-14870,Wairimu Enterprises,0775996623,27118207,Kisumu,Pharmacy,2024-06-10,25,1.1,5980.0,1,2,0.08,0
DL-11979,Nyambura Stores,0721026704,28392478,Kiambu,Pharmacy,2023-07-16,36,1.6,6050.0,0,0,0.53,0
DL-13137,Atieno Stores,0786238953,29896558,Nairobi,Pharmacy,2025-01-06,18,1.2,5510.0,2,0,0.4,0
DL-13522,Chebet Stores,0781568311,29360710,Nairobi,General shop,2024-09-08,22,0.3,12540.0,0,1,0.0,0
DL-11564,Wanjiku Supplies,0749247863,35636963,Nairobi,Electronics,2025-10-03,9,0.9,2120.0,2,3,0.5,1
DL-13921,Chebet Stores,0792989774,36659063,Kisumu,Agrovet,2024-07-10,24,2.1,4320.0,0,3,0.2,0
DL-12023,Omondi Duka,0719287749,15937273,Kiambu,General shop,2026-05-31,1,1.0,13100.0,1,0,0.0,0
DL-10849,Atieno Shop,0793493803,32723632,Kiambu,General shop,2024-11-07,20,1.8,6010.0,1,2,0.24,0
DL-12014,Mwangi Stores,0786641850,27235533,Machakos,General shop,2024-06-10,25,1.3,7410.0,2,1,0.38,0
DL-10550,Kiprop Mini Mart,0764130908,15481398,Nairobi,General shop,2023-06-16,37,1.1,4270.0,1,0,0.23,0
DL-11946,Otieno Shop,0758641843,19010989,Uasin Gishu,Mini mart,2024-05-11,26,1.2,15480.0,0,0,0.07,1
DL-12853,Otieno Supplies,0782639333,27616006,Kisumu,Pharmacy,2024-12-07,19,0.5,6890.0,2,1,0.17,0
DL-12099,Wanjiku Mini Mart,0713699629,10018457,Nakuru,Hardware,2024-09-08,22,0.4,,0,0,0.2,0
DL-14123,Njeri Duka,0729169950,34027257,Mombasa,General shop,2024-09-08,22,0.3,8310.0,0,0,0.5,1
DL-12452,Wairimu Mart,0786745701,32309585,Kisumu,Mini mart,2024-12-07,19,1.2,4050.0,2,2,0.43,0
DL-14243,Mwangi Mini Mart,0796086825,25865291,Nakuru,Pharmacy,2025-08-04,11,1.6,5410.0,0,1,0.28,0
DL-11586,Njeri Mart,0721831573,35718495,Nakuru,General shop,2025-07-05,12,2.1,21840.0,6,7,0.68,1
DL-14085,Njeri Traders,0729057465,14966983,Nakuru,General shop,2026-01-01,6,2.2,4270.0,4,2,0.0,0
DL-14346,Achieng Supplies,0795428644,28083946,Kiambu,Mini mart,2023-04-17,39,1.4,5460.0,4,4,0.47,0
DL-13711,Auma Mart,0753934968,33355029,Meru,Mini mart,2025-02-05,17,2.2,9210.0,1,1,0.38,0
DL-12664,Kiprop Enterprises,0761028857,26067565,Mombasa,General shop,2025-03-07,16,1.8,6340.0,2,0,0.41,0
DL-13057,Kamau Enterprises,0748976585,36106784,Meru,General shop,2024-01-12,30,1.2,7630.0,0,2,0.07,0
DL-11731,Auma Supplies,0718733884,12376447,Nairobi,Pharmacy,2024-03-12,28,0.5,3000.0,0,0,0.67,0
DL-14316,Omondi Stores,0759857117,28379062,Nairobi,General shop,2024-07-10,24,1.9,3820.0,3,2,0.13,0
DL-12963,Omondi Traders,0731262750,28211279,Mombasa,Mini mart,2026-04-01,3,1.3,7380.0,2,0,0.0,0
DL-11070,Mwangi Mini Mart,0753791634,21804545,Kiambu,Hardware,2024-04-11,27,0.8,12170.0,1,0,0.1,0
DL-14577,Kiprop Mart,0748016883,22206580,Kiambu,Pharmacy,2025-02-05,17,0.7,12350.0,0,0,0.0,0
DL-12365,Atieno Traders,0726592143,39775656,Nakuru,General shop,2024-03-12,28,2.2,3810.0,3,4,0.26,0
DL-14084,Otieno Mini Mart,0782997992,21942279,Nairobi,General shop,2023-05-17,38,0.7,12140.0,0,2,0.0,0
DL-10240,Wanjiku Mart,0799533705,24308863,Nairobi,Hardware,2023-09-14,34,1.3,4310.0,2,2,0.44,0
DL-11201,Mwangi Traders,0797190335,26422203,Meru,Mini mart,2026-03-02,4,2.5,5810.0,3,4,0.3,1
DL-11872,Mutua Supplies,0774426545,12459777,Nakuru,Hardware,2023-12-13,31,1.8,13020.0,2,3,0.67,0
DL-13558,Mwangi Traders,0729865724,33726731,Machakos,Mini mart,2024-02-11,29,0.9,4620.0,0,6,0.0,0
DL-14407,Wanjiku Stores,0799872276,31867370,Kiambu,,2023-01-17,42,1.4,1680.0,5,5,0.18,0
DL-10229,Mwangi Stores,0773191796,35426217,Mombasa,Hardware,2025-01-06,18,2.2,5210.0,6,3,0.5,0
DL-11303,Nyambura Mini Mart,0753849015,31438653,Kiambu,General shop,2025-12-02,7,1.1,6740.0,1,2,0.5,0
DL-11884,Auma Mini Mart,0712002426,28187168,Nairobi,Electronics,2024-05-11,26,0.3,4030.0,1,0,0.0,0
DL-14037,Achieng Shop,0797367547,18927477,Machakos,Electronics,2024-03-12,28,1.6,4590.0,1,2,0.26,0
DL-13652,Barasa Traders,0798548074,14990998,Kisumu,Hardware,2023-08-15,35,1.4,6610.0,2,2,0.29,0
DL-12921,Wanjiku Duka,0794611983,23007829,Nakuru,General shop,2024-03-12,28,0.5,8380.0,0,0,0.0,0
DL-14972,Atieno Mini Mart,0763288856,23721469,Mombasa,Mini mart,2025-09-03,10,0.6,9610.0,3,0,0.0,0
DL-10934,Auma Mart,0747208041,27446869,Kiambu,General shop,2023-02-16,41,0.2,8500.0,0,1,0.0,0
DL-11998,Njeri Mini Mart,0753279288,11202828,Kiambu,General shop,2025-09-03,10,0.8,4870.0,1,1,0.5,0
DL-14224,Nyambura Traders,0753475513,12949047,Nakuru,General shop,2024-12-07,19,1.4,13710.0,3,5,0.12,0
DL-13975,Barasa Supplies,0754785684,23806599,Mombasa,General shop,2025-03-07,16,1.2,2040.0,0,2,0.13,0
DL-13898,Otieno Shop,0760823412,21157643,Mombasa,General shop,2021-08-25,59,1.6,,1,1,0.37,0
DL-14360,Chebet Mini Mart,0759697204,13195778,Nairobi,General shop,2025-09-03,10,2.7,6820.0,3,4,0.52,1
DL-10932,Otieno Shop,0713942666,24329010,Kiambu,Mini mart,2022-05-22,50,1.2,5850.0,3,3,0.2,0
DL-11602,Wafula Supplies,0711117705,24780151,Kiambu,General shop,2026-01-31,5,0.6,4450.0,3,1,0.0,0
DL-10192,Barasa Mini Mart,0795045904,11811678,Machakos,Electronics,2023-04-17,39,0.2,6560.0,0,1,0.0,0
DL-14558,Atieno Supplies,0778580095,13923507,Mombasa,General shop,2024-08-09,23,2.2,5470.0,0,0,0.22,0
DL-13536,Chebet Mart,0725572450,39677705,Kiambu,Mini mart,2025-03-07,16,1.0,5600.0,1,1,0.25,1
DL-12824,Njeri Enterprises,0774624977,12414466,Kiambu,General shop,2025-05-06,14,1.2,6210.0,0,1,0.47,1
DL-14873,Chebet Shop,0790507007,29312147,Nairobi,Mini mart,2025-05-06,14,1.3,5070.0,3,3,0.12,0
DL-13933,Kamau Mini Mart,0719348987,26084120,Machakos,Pharmacy,2024-02-11,29,1.4,5310.0,0,5,0.24,0
DL-14986,Achieng Stores,0726557767,12655191,Uasin Gishu,Electronics,2025-05-06,14,0.8,6150.0,1,0,0.22,0
DL-11614,Auma Enterprises,0754126909,18217349,Machakos,General shop,2023-11-13,32,1.2,5250.0,2,1,0.43,0
DL-10933,Kiprop Duka,0792630177,32143898,Nairobi,Agrovet,2026-03-02,4,0.2,10370.0,0,0,1.0,0
DL-14282,Wairimu Enterprises,0716043123,34019965,Meru,General shop,2024-12-07,19,0.6,18220.0,0,0,0.14,0
DL-11326,Auma Supplies,0753656112,21559164,Mombasa,Mini mart,2024-07-10,24,1.8,6570.0,2,2,0.38,0
DL-13915,Mutua Duka,0788741079,34034445,Nakuru,Mini mart,2025-03-07,16,2.2,1440.0,2,1,0.56,0
DL-13747,Nyambura Stores,0713367361,38375616,Nakuru,General shop,2024-08-09,23,2.2,2910.0,1,4,0.07,1
DL-12957,Auma Supplies,0740489348,16915509,Nairobi,General shop,2024-06-10,25,0.2,13730.0,0,0,1.0,0
DL-12549,Chebet Enterprises,0788943366,39867449,Uasin Gishu,Pharmacy,2024-02-11,29,1.2,15670.0,1,3,0.13,0
DL-12786,Kiprop Mart,0779585434,32232346,Kisumu,Mini mart,2025-08-04,11,0.4,18290.0,1,1,0.0,0
DL-12884,Mwangi Mini Mart,0751432827,29651001,Meru,General shop,2026-01-01,6,1.5,7270.0,2,2,0.0,0
DL-13904,Mwangi Traders,0760842847,29517705,Kiambu,General shop,2025-10-03,9,2.3,2590.0,2,2,0.29,0
DL-10649,Otieno Duka,0735680108,27184003,Kisumu,Mini mart,2025-09-03,10,2.1,11100.0,2,5,0.24,1
DL-11577,Mwangi Supplies,0756796773,38378153,Uasin Gishu,General shop,2026-03-02,4,1.2,6370.0,1,1,0.4,0
DL-14227,Nyambura Enterprises,0781365962,14674923,Nairobi,Agrovet,2025-09-03,10,1.2,5650.0,3,4,0.25,0
DL-10022,Kamau Supplies,0741356851,36814569,Kiambu,Pharmacy,2024-01-12,30,1.1,,4,2,0.46,0
DL-13811,Mwangi Enterprises,0747879307,26383056,Meru,General shop,2026-03-02,4,2.0,7340.0,4,4,0.12,1
DL-14911,Chebet Mart,0778564478,19306257,Meru,Electronics,2025-08-04,11,1.4,2350.0,2,4,0.07,0
DL-13860,Auma Shop,0725645138,37571924,Nakuru,Mini mart,2025-02-05,17,0.2,20850.0,2,0,0.5,0
DL-14361,Otieno Stores,0718698642,20838647,Nakuru,General shop,2025-07-05,12,1.2,4780.0,0,0,0.13,0
DL-13955,Chebet Shop,0783978005,14526728,Nairobi,Mini mart,2025-02-05,17,0.8,7540.0,0,1,0.33,0
DL-14253,Otieno Mini Mart,0741262014,19706064,Nairobi,General shop,2024-01-12,30,0.8,2310.0,1,0,0.44,0
DL-12629,Omondi Enterprises,0773923963,16899312,Machakos,Hardware,2025-09-03,10,0.7,11200.0,2,1,0.14,1
DL-14017,Nyambura Duka,0785335272,24057071,Nairobi,Agrovet,2023-03-18,40,1.9,6650.0,3,5,0.48,0
DL-13906,Njeri Mart,0791012958,25497189,Nairobi,,2024-09-08,22,1.5,5300.0,3,4,0.28,0
DL-14497,Achieng Enterprises,0730073006,37402575,Kiambu,Pharmacy,2023-02-16,41,1.3,2850.0,3,4,0.0,0
DL-13466,Wafula Stores,0753539966,10680349,Kisumu,Electronics,2025-05-06,14,2.3,4190.0,3,1,0.39,0
DL-11740,Wairimu Traders,0724728758,33444089,Nairobi,Hardware,2024-12-07,19,1.6,8410.0,3,2,0.11,0
DL-11902,Omondi Enterprises,0770924629,14263623,Nairobi,Electronics,2025-12-02,7,2.0,3520.0,1,3,0.43,0
DL-12237,Wanjiku Shop,0710600681,14316636,Nakuru,General shop,2025-08-04,11,2.2,2590.0,1,1,0.29,0
DL-12095,Nyambura Mini Mart,0716403490,34905301,Kiambu,Electronics,2022-07-21,48,3.8,,3,3,0.13,0
DL-10437,Njeri Traders,0783522651,21974215,Nairobi,General shop,2025-08-04,11,1.2,3280.0,0,0,0.46,0
DL-11547,Auma Mini Mart,0719486098,37522106,Nairobi,General shop,2024-12-07,19,0.2,4840.0,2,0,0.33,1
DL-11624,Otieno Stores,0766867346,36049248,Nairobi,Mini mart,2025-06-05,13,1.3,6060.0,2,1,0.5,1
DL-10577,Njeri Shop,0776584707,14747613,Nairobi,Pharmacy,2025-08-04,11,2.5,,0,1,0.26,0
DL-10557,Kamau Supplies,0761957189,32216142,Machakos,Agrovet,2025-05-06,14,1.0,11770.0,0,0,0.17,0
DL-12742,Nyambura Mini Mart,0766976184,10752622,Nairobi,General shop,2024-04-11,27,1.7,11780.0,0,0,0.4,0
DL-13512,Kamau Shop,0729485754,35443445,Kiambu,General shop,2024-04-11,27,0.6,4140.0,0,0,0.71,0
DL-11865,Wanjiku Mini Mart,0754048141,30416547,Mombasa,General shop,2025-08-04,11,1.2,5610.0,1,0,0.15,0
DL-12209,Wanjiku Stores,0773373613,27226525,Uasin Gishu,Mini mart,2025-12-02,7,2.4,6250.0,2,0,0.41,0
DL-13060,Achieng Shop,0734601363,36251313,Nairobi,General shop,2025-04-06,15,1.7,13330.0,2,1,0.2,0
DL-14933,Njeri Shop,0773130197,22706067,Nairobi,General shop,2026-03-02,4,1.8,9440.0,2,1,0.57,0
DL-13521,Chebet Traders,0778180999,14941721,Uasin Gishu,General shop,2024-08-09,23,2.6,2230.0,1,0,0.23,0
DL-12840,Atieno Mart,0750935372,37176935,Mombasa,Electronics,2024-05-11,26,1.4,2820.0,0,1,0.06,0
DL-14797,Auma Supplies,0796944678,37679996,Nairobi,Mini mart,2025-06-05,13,0.4,5230.0,1,0,0.6,0
DL-10899,Achieng Mini Mart,0797218017,18261395,Nairobi,Agrovet,2025-02-05,17,1.3,6680.0,0,3,0.0,0
DL-12227,Wairimu Supplies,0752917405,24780619,Kisumu,General shop,2024-09-08,22,0.9,3640.0,2,1,0.0,0
DL-12437,Kamau Mini Mart,0791005293,26441853,Nairobi,General shop,2024-06-10,25,2.2,,2,6,0.23,0
DL-13007,Wairimu Shop,0741410777,37230314,Machakos,Hardware,2025-06-05,13,0.8,6260.0,0,1,0.22,0
DL-10873,Wanjiku Stores,0772350887,18110887,Kisumu,Mini mart,2024-05-11,26,3.3,8350.0,4,4,0.5,1
DL-11969,Kamau Enterprises,0756632210,29080776,Kisumu,Hardware,2025-09-03,10,0.1,6580.0,0,0,1.0,0
DL-14054,Chebet Mart,0745151548,35635372,Mombasa,,2025-04-06,15,0.5,6460.0,0,0,0.17,0
DL-12225,Njeri Stores,0781531152,29728217,Kisumu,Mini mart,2024-07-10,24,1.9,6460.0,2,1,0.78,0
DL-13436,Chebet Traders,0761189820,35936023,Nairobi,Electronics,2025-11-02,8,1.8,,0,1,0.14,0
DL-10626,Wairimu Enterprises,0733946729,36303070,Kiambu,Hardware,2022-12-18,43,1.3,2210.0,0,0,0.31,0
DL-13348,Kamau Mini Mart,0779273519,17709411,Nairobi,Hardware,2022-12-18,43,4.6,3000.0,2,5,0.11,0
DL-11464,Barasa Enterprises,0730379153,34911560,Nakuru,Mini mart,2026-05-01,2,1.5,4000.0,1,2,0.67,1
DL-14923,Wairimu Traders,0779023580,29979154,Nairobi,Electronics,2025-03-07,16,1.7,5180.0,1,3,0.55,0
DL-12665,Kamau Mini Mart,0725972926,30001106,Mombasa,General shop,2026-01-01,6,2.0,4940.0,1,0,0.08,1
DL-10836,Wafula Stores,0717748059,29465817,Mombasa,General shop,2025-08-04,11,1.5,10300.0,2,3,0.31,0
DL-10904,Wairimu Shop,0765753512,13936364,Kisumu,Mini mart,2025-05-06,14,1.9,6870.0,5,6,0.3,1
DL-10424,Mutua Enterprises,0727643139,25468784,Kiambu,General shop,2022-02-21,53,2.8,5800.0,7,7,0.03,0
DL-12366,Wafula Traders,0770551943,16245814,Mombasa,General shop,2025-12-02,7,1.1,9330.0,6,3,0.12,1
DL-14904,Wanjiku Shop,0736111173,20067579,Nakuru,Mini mart,2024-11-07,20,2.5,13100.0,3,5,0.4,0
DL-13452,Njeri Mini Mart,0783008293,34514464,Nairobi,General shop,2026-01-31,5,2.2,,1,1,0.18,0
DL-10498,Auma Stores,0725061190,13459615,Kiambu,Hardware,2022-05-22,50,1.8,2260.0,2,3,0.24,0
DL-10031,Wanjiku Shop,0744524993,33681348,Kiambu,Agrovet,2024-04-11,27,0.7,22510.0,0,0,0.12,0
DL-14164,Atieno Mart,0767225205,19699923,Kisumu,Mini mart,2025-08-04,11,1.8,5120.0,4,4,0.55,0
DL-13045,Omondi Enterprises,0744879947,21271067,Kisumu,General shop,2023-05-17,38,0.8,6580.0,0,0,0.3,0
DL-14705,Chebet Shop,0781275035,18988803,Nairobi,Pharmacy,2023-06-16,37,0.2,11290.0,0,0,0.0,0
DL-14531,Omondi Mini Mart,0749885746,30789967,Nairobi,General shop,2023-01-17,42,1.0,14040.0,0,1,0.08,0
DL-13695,Kamau Supplies,0738292015,17868734,Nairobi,Agrovet,2025-10-03,9,1.0,7080.0,0,0,0.33,0
DL-14450,Njeri Stores,0751973840,27689926,Nairobi,Agrovet,2023-04-17,39,1.1,10010.0,0,1,0.69,0
DL-12543,Kiprop Supplies,0764465475,29601684,Kisumu,General shop,2025-02-05,17,2.8,6250.0,2,1,0.35,0
DL-12317,Chebet Enterprises,0751982739,37753553,Nairobi,Electronics,2023-11-13,32,1.8,10880.0,2,1,0.41,0
DL-14414,Otieno Stores,0795480382,16512247,Nairobi,Electronics,2026-01-01,6,0.3,6520.0,2,2,0.0,0
DL-10018,Chebet Traders,0744561429,14288880,Nakuru,Hardware,2024-03-12,28,0.2,14740.0,0,0,0.0,0
DL-10447,Wanjiku Mart,0752786543,31285461,Kiambu,General shop,2025-11-02,8,3.6,10100.0,2,2,0.62,0
DL-14200,Atieno Mart,0739306073,34030856,Kiambu,Mini mart,2024-10-08,21,2.4,6910.0,1,1,0.45,0
DL-11506,Omondi Shop,0716848090,35843146,Machakos,Pharmacy,2025-03-07,16,1.2,1540.0,0,2,0.2,0
DL-10151,Achieng Mini Mart,0754855373,29833379,Nairobi,Agrovet,2026-04-01,3,0.7,6480.0,2,1,0.5,0
DL-11860,Wafula Enterprises,0729112103,28847998,Mombasa,General shop,2025-06-05,13,1.2,5950.0,1,1,0.2,1
DL-12573,Wafula Mart,0762595255,17762836,Nakuru,General shop,2025-11-02,8,1.2,7540.0,0,2,0.0,0
DL-13229,Otieno Stores,0745959223,27975847,Nairobi,Mini mart,2025-08-04,11,0.2,7550.0,2,0,0.5,0
DL-12256,Wafula Duka,0766029771,18156484,Nakuru,General shop,2024-09-08,22,1.4,6560.0,0,2,0.18,0
DL-10762,Kiprop Duka,0758188254,23564072,Nairobi,Pharmacy,2026-01-01,6,0.3,3360.0,0,1,0.5,1
DL-12285,Chebet Stores,0780928910,19831149,Kisumu,General shop,2025-04-06,15,1.3,11680.0,1,2,0.0,1
DL-13000,Chebet Traders,0725837780,18948968,Nairobi,Electronics,2025-03-07,16,1.8,7380.0,0,0,0.23,0
DL-12530,Kiprop Mart,0764577675,24528767,Nairobi,General shop,2024-01-12,30,0.8,8600.0,0,0,0.2,0
DL-12419,Nyambura Shop,0741601656,20650357,Mombasa,General shop,2025-05-06,14,0.2,4450.0,0,1,0.0,0
DL-14893,Atieno Shop,0778413509,14437599,Machakos,General shop,2025-06-05,13,0.6,6350.0,0,0,0.14,0
DL-10660,Atieno Mart,0775670923,35480277,Nairobi,Pharmacy,2023-07-16,36,1.8,8030.0,2,2,0.24,0
DL-13431,Atieno Enterprises,0772329108,14643041,Nairobi,General shop,2024-12-07,19,1.2,10420.0,1,0,0.13,0
DL-10533,Achieng Mini Mart,0788049472,29344593,Mombasa,Mini mart,2025-09-03,10,1.4,8150.0,2,0,0.79,0
DL-13209,Njeri Duka,0736689189,36722495,Kiambu,,2024-03-12,28,3.6,5630.0,2,0,0.3,0
DL-11704,Auma Stores,0785451175,33888040,Nairobi,Pharmacy,2025-06-05,13,0.2,2380.0,1,0,0.5,1
DL-12218,Barasa Traders,0780952007,14779221,Nairobi,Agrovet,2025-03-07,16,4.1,,2,1,0.1,0
DL-10977,Kiprop Traders,0738757711,19293971,Kiambu,Electronics,2025-06-05,13,0.8,,1,2,0.22,0
DL-12270,Wafula Mart,0747041830,33059628,Mombasa,General shop,2024-10-08,21,1.5,3270.0,1,0,0.22,0
DL-11842,Mwangi Shop,0734030487,39788459,Nakuru,Mini mart,2025-05-06,14,1.1,4990.0,1,0,0.15,0
DL-12455,Auma Stores,0777957505,35252259,Nairobi,Mini mart,2022-12-18,43,0.9,6870.0,1,2,0.18,0
DL-13794,Kamau Traders,0745228877,21411817,Kiambu,Mini mart,2024-02-11,29,1.1,4620.0,2,1,0.15,0
DL-13095,Mwangi Supplies,0794270776,21129960,Nairobi,General shop,2023-10-14,33,0.4,17520.0,1,2,0.0,0
DL-14975,Wairimu Mini Mart,0747270053,29488158,Nairobi,General shop,2024-12-07,19,7.8,3800.0,3,9,0.37,1
DL-14271,Otieno Duka,0763531104,37941931,Kisumu,Hardware,2026-04-01,3,0.7,17850.0,2,0,0.0,0
DL-13217,Atieno Shop,0759608885,24989281,Kiambu,Mini mart,2025-02-05,17,1.9,7560.0,2,0,0.0,0
DL-10038,Wafula Enterprises,0769638850,23101863,Machakos,General shop,2024-05-11,26,0.4,12110.0,1,2,0.2,0
DL-14419,Mutua Duka,0786344773,23434991,Nairobi,General shop,2024-06-10,25,0.7,5430.0,1,1,0.62,0
DL-10094,Achieng Traders,0786043335,34745480,Nairobi,Agrovet,2022-07-21,48,2.6,2840.0,1,2,0.19,0
DL-11668,Wanjiku Shop,0797587376,12379508,Kisumu,Agrovet,2024-11-07,20,1.6,2870.0,1,2,0.37,1
DL-14999,Wairimu Mart,0718893390,28351220,Machakos,General shop,2023-10-14,33,0.5,6160.0,0,0,0.0,0
DL-14061,Mutua Traders,0793800043,15723607,Nakuru,Mini mart,2024-07-10,24,0.8,2690.0,1,0,0.56,0
DL-10939,Njeri Enterprises,0733325192,13799301,Mombasa,Hardware,2025-10-03,9,1.0,3520.0,0,0,0.0,0
DL-14878,Kiprop Supplies,0799315519,35227341,Mombasa,Mini mart,2026-03-02,4,0.2,3850.0,1,1,0.0,0
DL-12800,Wafula Mart,0781211880,12804470,Mombasa,General shop,2024-03-12,28,0.8,5170.0,3,0,0.67,0
DL-12205,Nyambura Stores,0779454139,33832137,Machakos,Electronics,2024-01-12,30,1.3,2550.0,1,2,0.0,0
DL-12678,Kiprop Mart,0790970611,34519238,Nairobi,General shop,2025-09-03,10,1.9,12820.0,2,0,0.16,0
DL-14512,Njeri Mart,0756552398,10495314,Kiambu,Hardware,2024-08-09,23,0.6,11410.0,2,0,0.29,0
DL-14509,Barasa Supplies,0785214841,20566970,Kisumu,Mini mart,2021-12-23,55,0.2,2600.0,1,0,0.0,0
DL-13634,Kiprop Mart,0770049045,34585372,Kisumu,Pharmacy,2024-09-08,22,0.2,6460.0,0,0,0.67,0
DL-14023,Nyambura Stores,0751588547,31544105,Nairobi,Electronics,2026-01-01,6,1.0,2050.0,1,1,0.33,1
DL-11686,Wanjiku Supplies,0719645829,32131207,Meru,Mini mart,2026-04-01,3,2.7,4780.0,0,0,0.25,0
DL-11224,Mutua Mart,0743896746,10988137,Nairobi,General shop,2026-05-01,2,1.5,16070.0,3,0,0.0,0
DL-10380,Chebet Traders,0723849539,19953795,Kisumu,Mini mart,2025-12-02,7,0.6,5000.0,0,0,0.0,0
DL-14598,Barasa Mart,0738106082,21712076,Nakuru,Pharmacy,2024-04-11,27,1.5,8160.0,2,1,0.33,0
DL-13525,Omondi Mini Mart,0739430061,25905736,Nairobi,Hardware,2026-05-31,1,1.0,3590.0,0,0,0.0,0
DL-11134,Wanjiku Shop,0782783638,17077834,Kiambu,General shop,2023-07-16,36,1.8,5370.0,1,0,0.18,0
DL-11229,Achieng Mini Mart,0794628862,19777115,Nairobi,Pharmacy,2025-01-06,18,0.9,3480.0,2,1,0.36,0
DL-13902,Achieng Enterprises,0717302522,24836103,Nairobi,Mini mart,2025-05-06,14,1.7,2510.0,1,3,0.0,0
DL-13051,Kiprop Duka,0772685905,23717786,Nakuru,Pharmacy,2021-12-23,55,2.8,6260.0,3,4,0.03,0
DL-13866,Achieng Enterprises,0764312947,22502582,Nakuru,Agrovet,2025-03-07,16,2.1,5360.0,0,3,0.4,0
DL-14753,Atieno Duka,0736257470,39428467,Uasin Gishu,General shop,2025-07-05,12,0.6,4780.0,1,1,0.43,0
DL-14776,Kamau Duka,0735510485,29890418,Nairobi,,2026-04-01,3,5.0,5300.0,0,1,0.53,0
DL-12219,Wairimu Mart,0724380342,14589920,Kiambu,Agrovet,2025-09-03,10,0.4,2400.0,1,1,0.25,0
DL-10961,Nyambura Mini Mart,0735046010,18853900,Nairobi,General shop,2025-10-03,9,2.4,4700.0,2,2,0.05,1
DL-10966,Achieng Mart,0796559241,30335368,Kisumu,General shop,2021-12-23,55,1.1,4770.0,2,0,0.0,0
DL-14047,Atieno Shop,0756004256,23204699,Nakuru,Mini mart,2025-05-06,14,2.1,,1,3,0.84,0
DL-12550,Omondi Traders,0774730590,17610151,Kiambu,General shop,2025-09-03,10,1.9,10620.0,1,0,0.21,0
DL-11425,Kiprop Enterprises,0759613552,10598570,Kiambu,General shop,2026-05-01,2,2.0,15550.0,0,0,0.0,1
DL-12877,Mutua Shop,0720540186,36121110,Uasin Gishu,General shop,2025-03-07,16,0.3,5210.0,1,0,0.0,0
DL-11117,Mwangi Enterprises,0787569965,11193258,Machakos,Pharmacy,2024-10-08,21,0.2,6970.0,1,0,0.33,0
DL-14048,Njeri Shop,0793773878,15738894,Nakuru,General shop,2025-11-02,8,0.2,1600.0,0,0,0.0,0
DL-11503,Wairimu Traders,0795804360,18446462,Nairobi,General shop,2024-09-08,22,0.9,5320.0,3,2,0.09,0
DL-10308,Wanjiku Mart,0718737749,14754072,Nairobi,Pharmacy,2025-12-02,7,1.1,5570.0,0,0,0.12,0
DL-12624,Atieno Supplies,0736670561,24428485,Mombasa,Electronics,2025-12-02,7,0.1,6590.0,2,1,0.0,0
DL-12298,Omondi Traders,0767159884,32228040,Kisumu,Hardware,2025-09-03,10,0.6,8060.0,0,1,0.33,1
DL-14308,Wairimu Enterprises,0734899118,12299612,Mombasa,Electronics,2025-02-05,17,1.1,8450.0,0,0,0.54,0
DL-14199,Kiprop Traders,0723966266,23679440,Machakos,Mini mart,2025-09-03,10,0.8,3400.0,2,1,0.0,0
DL-10852,Omondi Shop,0727829040,25688920,Nakuru,Electronics,2025-04-06,15,1.1,6000.0,1,3,0.46,0
DL-10779,Mutua Shop,0768273380,24562617,Kisumu,Hardware,2026-03-02,4,0.5,4260.0,0,0,0.0,0
DL-13578,Mutua Supplies,0750367806,26305518,Nairobi,General shop,2024-10-08,21,0.8,4520.0,1,1,0.5,0
DL-10454,Chebet Shop,0741789489,29212111,Nairobi,General shop,2025-09-03,10,3.5,3500.0,1,1,0.2,0
DL-10519,Wairimu Stores,0735136778,32503669,Mombasa,General shop,2023-11-13,32,0.4,6310.0,0,0,0.0,0
DL-14963,Kamau Supplies,0749235947,39722137,Nairobi,General shop,2025-04-06,15,2.8,4230.0,5,9,0.03,1
DL-12556,Achieng Mini Mart,0729633012,17165982,Mombasa,Pharmacy,2025-11-02,8,2.2,4320.0,2,5,0.17,1
DL-12519,Omondi Duka,0763085308,36207184,Nairobi,Mini mart,2025-05-06,14,3.0,19060.0,0,6,0.11,0
DL-13771,Otieno Mart,0745077959,18101934,Nairobi,Pharmacy,2024-05-11,26,1.5,4470.0,2,4,0.44,0
DL-11868,Achieng Stores,0751756440,13492140,Mombasa,Pharmacy,2025-07-05,12,1.0,4530.0,0,0,0.58,0
DL-12058,Kiprop Enterprises,0713189142,13289932,Nairobi,General shop,2026-04-01,3,2.3,5510.0,3,3,0.0,0
DL-12407,Kamau Duka,0736963618,22897748,Meru,,2026-01-31,5,1.2,11410.0,2,4,0.33,0
DL-14918,Nyambura Mini Mart,0713950387,22464194,Kiambu,Electronics,2023-02-16,41,2.1,6660.0,2,4,0.24,0
DL-13853,Wairimu Shop,0799825337,21660783,Uasin Gishu,Mini mart,2024-06-10,25,0.8,2490.0,2,2,0.33,0
DL-10781,Wairimu Duka,0736274721,11764096,Kiambu,,2025-02-05,17,1.3,3860.0,3,1,0.38,1
DL-10848,Kiprop Duka,0797227493,38290105,Machakos,Agrovet,2022-02-21,53,2.7,2340.0,0,1,0.25,0
DL-10549,Wairimu Duka,0728251036,20150598,Kiambu,Mini mart,2024-07-10,24,1.2,9930.0,1,0,0.13,0
DL-13066,Chebet Mart,0793641283,26723173,Nairobi,Pharmacy,2025-09-03,10,0.4,3860.0,2,1,0.0,0
DL-12195,Auma Enterprises,0799641820,22883576,Nairobi,Agrovet,2023-06-16,37,0.8,6260.0,0,2,0.3,0
DL-13316,Wanjiku Mart,0772136663,38608374,Kisumu,Mini mart,2025-07-05,12,2.8,10860.0,1,1,0.38,0
DL-12561,Auma Mini Mart,0712687419,15414490,Nairobi,General shop,2025-04-06,15,0.1,17810.0,3,0,0.0,0
DL-13991,Njeri Traders,0750311008,14039783,Nakuru,Hardware,2023-08-15,35,2.3,4880.0,4,6,0.5,1
DL-13495,Auma Duka,0796549498,26112995,Kisumu,Pharmacy,2024-12-07,19,0.8,8260.0,1,2,0.4,0
DL-12512,Otieno Shop,0716363471,18339109,Kiambu,General shop,2026-04-01,3,0.3,22160.0,0,0,1.0,0
DL-11938,Wafula Duka,0718588977,13136597,Meru,General shop,2025-12-02,7,1.1,4850.0,3,3,0.0,0
DL-11140,Omondi Mart,0728878618,34007940,Mombasa,Pharmacy,2022-01-22,54,2.2,6570.0,3,3,0.08,0
DL-13609,Kamau Stores,0791004789,32363987,Nairobi,General shop,2026-05-31,1,1.0,8090.0,1,0,0.0,0
DL-10312,Wairimu Stores,0739386393,21238486,Machakos,General shop,2025-09-03,10,0.2,1540.0,0,1,0.0,0
DL-10157,Wairimu Duka,0773463232,11321981,Kisumu,Mini mart,2023-07-16,36,0.6,6580.0,0,1,0.29,0
DL-10195,Omondi Traders,0745100295,31927686,Nakuru,Mini mart,2024-07-10,24,2.0,13260.0,3,4,0.04,1
DL-12520,Barasa Stores,0715094013,26759407,Nairobi,Electronics,2025-01-06,18,1.2,5140.0,2,1,0.27,1
DL-11316,Nyambura Supplies,0754701436,21944338,Nairobi,Hardware,2025-11-02,8,1.6,,2,1,0.38,0
DL-13459,Wanjiku Shop,0734415097,23704550,Nairobi,Mini mart,2025-10-03,9,3.9,7070.0,2,6,0.46,1
DL-13557,Wairimu Mini Mart,0760997498,27409553,Nairobi,Agrovet,2024-08-09,23,1.4,3420.0,4,2,0.06,0
DL-13543,Omondi Enterprises,0721952279,39195581,Mombasa,Hardware,2023-11-13,32,5.0,2020.0,2,1,0.38,0
DL-14649,Wairimu Duka,0787512877,39837057,Nairobi,General shop,2025-09-03,10,2.1,7740.0,1,4,0.43,0
DL-10272,Achieng Enterprises,0740026182,12768165,Nairobi,Mini mart,2026-04-01,3,0.7,5800.0,0,0,0.0,1
DL-11659,Njeri Stores,0795451313,28923828,Mombasa,Hardware,2025-05-06,14,1.4,,0,1,0.29,0
DL-11585,Achieng Enterprises,0755865667,25584927,Nairobi,Hardware,2025-05-06,14,2.8,5000.0,1,1,0.38,0
DL-11621,Barasa Stores,0781709696,39148323,Nairobi,,2025-03-07,16,0.6,5160.0,0,1,0.57,0
DL-11291,Wafula Traders,0724227422,21034143,Kiambu,General shop,2025-05-06,14,0.4,8380.0,0,0,0.0,0
DL-12902,Atieno Duka,0790727217,16751782,Kiambu,Mini mart,2024-08-09,23,2.1,21610.0,3,3,0.56,0
DL-11931,Barasa Enterprises,0710817910,14903371,Nairobi,Mini mart,2025-10-03,9,1.4,4680.0,0,3,0.31,1
DL-13559,Achieng Stores,0734682995,33226157,Nairobi,Electronics,2023-12-13,31,0.9,5450.0,2,0,0.36,1
DL-13247,Omondi Mini Mart,0760360585,20391453,Meru,Electronics,2026-05-01,2,2.5,6270.0,1,0,1.0,1
DL-12831,Mwangi Enterprises,0787107418,39754109,Mombasa,Hardware,2026-03-02,4,4.2,3000.0,1,3,0.18,0
DL-13396,Wanjiku Stores,0781160719,10816131,Kiambu,General shop,2025-08-04,11,1.6,8540.0,0,0,0.61,1
DL-11561,Chebet Supplies,0719152633,25820227,Kisumu,General shop,2024-11-07,20,1.4,6240.0,2,5,0.24,0
DL-11094,Wairimu Mart,0771876321,33029305,Nairobi,Pharmacy,2024-02-11,29,2.4,3550.0,1,1,0.1,0
DL-12038,Mwangi Mart,0767985747,21109859,Nairobi,General shop,2026-05-31,1,1.0,4740.0,2,0,1.0,0
DL-12448,Wairimu Duka,0750195650,31550904,Nakuru,General shop,2023-07-16,36,0.2,3130.0,2,0,0.33,0
DL-11361,Njeri Enterprises,0734664509,13256624,Mombasa,General shop,2025-07-05,12,0.9,3650.0,1,1,0.18,0
DL-13934,Omondi Supplies,0718884010,11245518,Kisumu,Mini mart,2025-08-04,11,0.5,2020.0,3,2,0.5,0
DL-10375,Omondi Traders,0743941851,10696388,Nairobi,Hardware,2025-12-02,7,0.4,2080.0,0,0,0.33,0
DL-11947,Wanjiku Enterprises,0793347391,29670954,Machakos,General shop,2024-01-12,30,1.8,7040.0,1,3,0.05,0
DL-11238,Wairimu Stores,0772885949,18085721,Nairobi,Mini mart,2023-10-14,33,1.4,8990.0,1,0,0.0,0
DL-14970,Wanjiku Mart,0795216655,19159284,Nairobi,Agrovet,2024-08-09,23,0.8,2400.0,1,1,0.3,0
DL-11629,Wairimu Mart,0789656089,27031660,Kiambu,Agrovet,2023-05-17,38,1.8,4320.0,2,2,0.09,0
DL-13074,Njeri Enterprises,0775358622,10048278,Nakuru,Electronics,2024-05-11,26,1.2,4950.0,1,0,0.0,1
DL-12118,Achieng Mart,0724516095,30651729,Kiambu,General shop,2025-07-05,12,1.2,,1,0,0.07,0
DL-12895,Omondi Duka,0754748043,20898997,Nakuru,Agrovet,2025-06-05,13,0.4,15290.0,0,1,0.0,0
DL-10983,Auma Traders,0775917121,30165854,Kisumu,Mini mart,2025-05-06,14,1.2,5480.0,1,0,0.2,0
DL-10617,Chebet Traders,0740567952,27148028,Nairobi,General shop,2025-01-06,18,2.2,,4,3,0.19,0
DL-12378,Atieno Mini Mart,0752953811,25199559,Mombasa,Hardware,2022-04-22,51,1.3,6740.0,4,1,0.25,0
DL-13327,Njeri Duka,0795748385,23318921,Nakuru,General shop,2024-07-10,24,1.2,9230.0,0,0,0.07,0
DL-13489,Omondi Mini Mart,0719118115,19133278,Kiambu,General shop,2025-10-03,9,0.4,19040.0,2,2,0.5,0
DL-13678,Wairimu Supplies,0758444285,28261299,Nairobi,Mini mart,2025-10-03,9,1.1,3720.0,2,1,0.7,0
DL-13480,Wanjiku Mini Mart,0778417907,32275819,Nairobi,General shop,2025-12-02,7,2.4,6730.0,3,2,0.29,0
DL-10611,Njeri Stores,0795394578,30086599,Nairobi,Pharmacy,2023-05-17,38,0.4,4080.0,1,1,0.2,0
DL-14031,Auma Enterprises,0730015006,12897473,Nakuru,General shop,2022-05-22,50,0.7,13230.0,1,0,0.0,0
DL-11964,Otieno Mart,0732437641,20996673,Mombasa,General shop,2025-09-03,10,0.1,2750.0,1,0,1.0,0
DL-10698,Chebet Shop,0741246159,11783489,Nakuru,Electronics,2025-04-06,15,2.3,3600.0,1,5,0.21,1
DL-11171,Omondi Mart,0775322825,15272532,Mombasa,General shop,2025-11-02,8,2.5,5820.0,2,4,0.05,0
DL-10187,Wafula Supplies,0715550738,26954807,Mombasa,Mini mart,2023-04-17,39,0.2,6060.0,0,1,1.0,0
DL-11922,Wafula Duka,0761711335,16888963,Kisumu,General shop,2025-08-04,11,2.6,2840.0,0,1,0.34,0
DL-12933,Wafula Supplies,0734918510,37352707,Mombasa,General shop,2023-05-17,38,1.4,9010.0,5,3,0.12,0
DL-13611,Nyambura Duka,0790188915,26389785,Kiambu,Pharmacy,2024-08-09,23,2.8,7710.0,3,3,0.03,0
DL-11444,Chebet Shop,0737789292,10283764,Nakuru,Pharmacy,2026-05-01,2,0.5,9580.0,1,0,0.0,0
DL-14185,Wanjiku Duka,0776756291,21560763,Kisumu,Mini mart,2024-12-07,19,0.8,7140.0,0,0,0.0,0
DL-10128,Omondi Enterprises,0730808327,35623796,Machakos,Hardware,2025-05-06,14,1.2,5220.0,3,4,0.6,1
DL-10668,Wanjiku Mini Mart,0730515872,24749613,Machakos,General shop,2022-03-23,52,2.9,11980.0,5,4,0.23,0
DL-12973,Auma Traders,0741554687,21805051,Mombasa,Mini mart,2022-10-19,45,0.9,9030.0,0,2,0.09,0
DL-12380,Mutua Supplies,0776132317,39805588,Nairobi,Pharmacy,2024-04-11,27,2.4,6180.0,0,2,0.28,0
DL-10377,Wafula Shop,0771437522,31448097,Machakos,Agrovet,2022-05-22,50,0.8,2650.0,0,1,0.33,0
DL-14825,Kamau Mini Mart,0780601770,14230946,Nairobi,Agrovet,2022-07-21,48,0.8,5680.0,1,0,0.3,0
DL-13776,Omondi Stores,0754068526,12408700,Kiambu,General shop,2023-12-13,31,1.5,5090.0,1,3,0.11,0
DL-14650,Omondi Stores,0720043889,26797865,Meru,General shop,2025-04-06,15,1.5,9920.0,3,5,0.28,1
DL-12773,Wanjiku Shop,0779740671,11638376,Nairobi,Mini mart,2022-09-19,46,1.5,7080.0,3,1,0.44,0
DL-12588,Wafula Mart,0776849314,26645656,Nairobi,General shop,2024-06-10,25,0.5,5370.0,1,0,0.17,0
DL-10292,Otieno Supplies,0734199726,38756654,Uasin Gishu,Electronics,2025-05-06,14,1.5,11060.0,1,4,0.44,1
DL-14073,Auma Supplies,0740735470,39516473,Mombasa,Pharmacy,2024-09-08,22,0.9,8460.0,0,2,0.18,0
DL-14408,Nyambura Supplies,0775002605,28578353,Nairobi,General shop,2024-08-09,23,0.8,,3,4,0.5,0
DL-13075,Auma Mini Mart,0768509075,30704918,Nairobi,Hardware,2025-03-07,16,2.8,3160.0,1,3,0.42,1
DL-13262,Auma Traders,0779678029,32958103,Mombasa,General shop,2025-07-05,12,1.2,5590.0,1,0,0.2,0
DL-13245,Mwangi Enterprises,0726198445,30650859,Mombasa,General shop,2025-09-03,10,2.3,7080.0,0,2,0.74,0
DL-13999,Achieng Duka,0735655961,35083275,Mombasa,General shop,2024-12-07,19,1.9,6230.0,1,3,0.04,0
DL-12393,Barasa Duka,0730731886,25648314,Nairobi,Agrovet,2025-02-05,17,0.2,2240.0,0,0,0.0,0
DL-10386,Kiprop Enterprises,0792341027,37352573,Kisumu,Electronics,2024-10-08,21,1.0,5200.0,0,0,0.33,0
DL-12899,Kamau Shop,0775273142,10758324,Nairobi,Pharmacy,2024-06-10,25,2.8,7980.0,1,4,0.45,0
DL-13084,Nyambura Enterprises,0766832653,20567220,Mombasa,Electronics,2022-07-21,48,1.1,8640.0,4,3,0.92,0
DL-12241,Wanjiku Enterprises,0789810292,32496308,Nairobi,General shop,2025-12-02,7,2.1,3040.0,2,1,0.47,1
DL-13449,Achieng Stores,0714174800,21249883,Kisumu,Electronics,2023-02-16,41,0.8,2870.0,3,1,0.0,0
DL-14920,Barasa Stores,0785978944,27971644,Mombasa,General shop,2024-10-08,21,2.0,4980.0,3,3,0.33,0
DL-12139,Wanjiku Supplies,0788492955,30354660,Meru,Electronics,2025-02-05,17,0.8,8230.0,2,0,0.1,0
DL-10463,Njeri Stores,0772664092,19627562,Nairobi,General shop,2025-01-06,18,2.7,8100.0,4,5,0.03,0
DL-11376,Mutua Enterprises,0731432073,32583759,Nairobi,Pharmacy,2025-07-05,12,1.4,2850.0,0,0,0.29,0
DL-14290,Wairimu Stores,0783469100,26507030,Kiambu,General shop,2025-04-06,15,0.2,7760.0,0,0,0.0,0
DL-11021,Otieno Mini Mart,0725958874,22714693,Mombasa,Electronics,2025-09-03,10,1.3,7180.0,3,6,0.46,1
DL-13488,Auma Traders,0746286393,31300767,Uasin Gishu,Mini mart,2026-03-02,4,0.2,10520.0,0,0,0.0,0
DL-11187,Achieng Supplies,0712916139,32733465,Uasin Gishu,Mini mart,2025-07-05,12,3.3,4260.0,2,4,0.12,0
DL-13411,Njeri Mini Mart,0793501425,33639712,Kiambu,Electronics,2025-06-05,13,1.8,17160.0,0,1,0.91,0
DL-10246,Barasa Stores,0731236597,33898915,Kiambu,General shop,2025-11-02,8,0.5,11320.0,2,1,0.25,0
DL-11193,Wanjiku Stores,0741720670,27967040,Nairobi,Mini mart,2026-04-01,3,1.0,6110.0,1,0,0.67,0
DL-13232,Wairimu Traders,0798851640,21881017,Kiambu,General shop,2024-05-11,26,0.9,7590.0,2,1,0.27,1
DL-13616,Omondi Duka,0755998410,14578150,Machakos,General shop,2025-10-03,9,3.7,5840.0,2,2,0.18,1
DL-10138,Njeri Shop,0729052104,22675763,Machakos,General shop,2022-10-19,45,3.2,2730.0,0,4,0.53,0
DL-13078,Njeri Stores,0770127208,26855365,Kiambu,Electronics,2022-07-21,48,3.5,3900.0,0,6,0.12,0
DL-11799,Nyambura Shop,0747822389,27693886,Kiambu,Hardware,2023-10-14,33,1.2,5880.0,2,0,0.5,0
DL-12041,Nyambura Duka,0794746532,24494007,Kisumu,General shop,2025-09-03,10,1.4,5770.0,2,2,0.29,1
DL-11638,Chebet Duka,0781060672,19786932,Machakos,Mini mart,2023-11-13,32,1.1,6970.0,3,2,0.31,0
DL-10686,Auma Duka,0778027894,32409161,Nairobi,General shop,2024-02-11,29,0.5,9880.0,0,0,0.33,0
DL-12316,Otieno Traders,0729527598,39166251,Nairobi,General shop,2025-05-06,14,1.8,7790.0,0,0,0.33,0
DL-10125,Kamau Supplies,0784813784,26501207,Nakuru,Hardware,2021-07-26,60,0.6,7580.0,0,1,0.43,0
DL-14081,Auma Duka,0755187678,31526776,Kiambu,General shop,2025-12-02,7,1.1,10750.0,2,2,0.25,0
DL-12040,Njeri Traders,0768760258,22941667,Mombasa,General shop,2024-06-10,25,0.8,,0,0,0.22,0
DL-14392,Atieno Traders,0726281100,39255629,Mombasa,Pharmacy,2026-03-02,4,1.5,22760.0,0,2,0.67,0
DL-13917,Mwangi Stores,0719368219,15644444,Kisumu,Pharmacy,2025-03-07,16,0.5,11300.0,0,0,0.17,0
DL-12009,Nyambura Stores,0738922580,10958375,Kiambu,Pharmacy,2025-04-06,15,2.6,10360.0,5,5,0.03,1
DL-13153,Kamau Stores,0724944557,11440352,Uasin Gishu,Mini mart,2025-04-06,15,1.1,7180.0,0,1,0.69,0
DL-13360,Wairimu Mart,0714870872,17832002,Kiambu,General shop,2024-07-10,24,3.8,5120.0,3,5,0.27,0
DL-13925,Achieng Mart,0729822553,30986311,Nairobi,General shop,2026-03-02,4,0.8,8790.0,1,0,0.0,0
DL-14364,Achieng Enterprises,0786649194,39287173,Mombasa,General shop,2025-02-05,17,3.3,3250.0,1,0,0.25,1
DL-14550,Mwangi Traders,0712900723,10334590,Kisumu,Mini mart,2025-03-07,16,2.7,7750.0,1,6,0.22,1
DL-11037,Wafula Mini Mart,0725595385,10700081,Kiambu,General shop,2024-12-07,19,1.1,7040.0,2,4,0.62,1
DL-12409,Omondi Supplies,0788730969,39415363,Nairobi,General shop,2026-03-02,4,1.0,4770.0,1,2,0.25,0
DL-12841,Atieno Duka,0730616796,30505977,Nairobi,General shop,2024-11-07,20,1.0,5200.0,0,2,0.33,0
DL-14304,Nyambura Supplies,0780699421,29837068,Kiambu,Electronics,2024-07-10,24,0.2,3060.0,1,0,0.0,0
DL-13579,Barasa Supplies,0764947254,11954692,Nairobi,General shop,2024-11-07,20,2.3,6960.0,0,1,0.82,0
DL-12600,Mwangi Enterprises,0789517243,38044443,Mombasa,Mini mart,2023-07-16,36,0.8,4570.0,0,1,0.11,0
DL-12252,Kamau Mart,0721233648,22190222,Uasin Gishu,Agrovet,2024-12-07,19,0.9,5240.0,2,3,0.18,0
DL-12019,Otieno Enterprises,0748019256,11510215,Mombasa,General shop,2025-03-07,16,3.2,5630.0,2,2,0.39,1
DL-11231,Atieno Enterprises,0741336737,33643842,Kisumu,General shop,2024-11-07,20,2.2,7370.0,0,0,0.0,1
DL-14821,Nyambura Duka,0731927617,18872632,Kiambu,General shop,2023-07-16,36,0.3,3860.0,1,0,0.0,0
DL-11119,Kamau Stores,0783910980,10756340,Kiambu,General shop,2026-05-31,1,1.0,3740.0,2,0,0.0,1
DL-12147,Wanjiku Enterprises,0758650581,11083266,Nakuru,Hardware,2025-10-03,9,3.8,5320.0,7,11,0.06,1
DL-13041,Auma Enterprises,0715866347,11259701,Nakuru,Mini mart,2025-06-05,13,1.6,3070.0,0,0,0.42,0
DL-10898,Mutua Mart,0732910802,19277791,Uasin Gishu,Mini mart,2025-07-05,12,1.7,5310.0,0,1,0.3,0
DL-12491,Nyambura Mart,0771732164,38034070,Kiambu,Agrovet,2025-05-06,14,1.2,4900.0,2,0,0.71,0
DL-14437,Kiprop Shop,0730407206,30300799,Nakuru,Electronics,2026-03-02,4,1.0,5760.0,1,3,0.25,1
DL-10232,Mutua Duka,0720088637,28730227,Kisumu,Hardware,2024-10-08,21,0.5,4000.0,1,0,0.5,0
DL-14297,Mwangi Shop,0728347002,33874391,Kiambu,General shop,2024-12-07,19,4.2,11460.0,1,2,0.27,0
DL-14326,Chebet Mart,0769916002,25955704,Nairobi,Mini mart,2026-01-31,5,1.8,11600.0,1,1,0.56,0
DL-14340,Kiprop Mini Mart,0796328097,17633966,Kisumu,Hardware,2025-10-03,9,1.6,5600.0,0,3,0.14,0
DL-11277,Wairimu Duka,0732839473,30457896,Nairobi,Mini mart,2023-03-18,40,3.2,13290.0,5,7,0.15,0
DL-10838,Barasa Mart,0726595519,12991500,Nairobi,General shop,2025-08-04,11,1.0,6210.0,0,0,0.64,1
DL-11825,Otieno Mart,0739765786,27887624,Machakos,General shop,2021-12-23,55,1.6,3340.0,2,1,0.47,0
DL-13857,Chebet Enterprises,0750318994,21710111,Kiambu,General shop,2024-05-11,26,0.6,2610.0,3,2,0.0,0
DL-13349,Chebet Mart,0762246884,17779415,Machakos,Pharmacy,2025-08-04,11,0.5,14940.0,1,2,0.0,0
DL-13893,Njeri Mini Mart,0755280047,28807238,Nairobi,Agrovet,2023-11-13,32,2.4,2180.0,4,5,0.21,1
DL-12359,Omondi Stores,0721947265,20399381,Nairobi,General shop,2025-07-05,12,0.4,,0,0,0.2,0
DL-10303,Achieng Stores,0793830959,30355903,Nairobi,General shop,2024-07-10,24,1.8,8830.0,2,2,0.14,0
DL-12215,Mutua Mart,0765764894,18343572,Nakuru,Agrovet,2021-07-26,60,0.6,9340.0,0,0,0.14,0
DL-14335,Achieng Shop,0771250892,39379186,Nairobi,General shop,2025-09-03,10,0.4,5360.0,4,2,0.5,0
DL-11862,Auma Traders,0739591273,25063499,Nairobi,General shop,2023-05-17,38,2.3,,3,4,0.43,1
DL-10288,Wanjiku Mart,0767517040,21003561,Kiambu,Hardware,2026-01-31,5,2.0,,2,2,0.2,0
DL-12367,Wafula Enterprises,0795533491,19652589,Nakuru,Electronics,2024-01-12,30,0.3,4760.0,2,0,0.0,0
DL-11218,Wafula Supplies,0724112649,15311325,Nairobi,General shop,2025-09-03,10,0.6,4380.0,0,0,0.5,0
DL-14058,Auma Mart,0713605171,27005157,Nairobi,Mini mart,2023-09-14,34,0.4,25310.0,1,0,0.0,0
DL-13426,Mutua Traders,0713561383,12913442,Kiambu,Pharmacy,2024-03-12,28,0.3,10660.0,1,0,0.25,0
DL-10255,Chebet Stores,0796178956,35082173,Nairobi,Mini mart,2021-07-26,60,0.3,3420.0,0,0,0.25,0
DL-13755,Mutua Supplies,0726976894,24275752,Kisumu,Hardware,2025-04-06,15,0.9,14210.0,0,2,0.45,1
DL-12208,Omondi Traders,0750404381,29208924,Kiambu,Hardware,2026-05-01,2,2.5,9640.0,1,0,0.2,0
DL-10820,Otieno Duka,0737043411,10287356,Nairobi,General shop,2025-08-04,11,0.8,4690.0,2,1,0.22,1
DL-11199,Otieno Supplies,0785133111,35168936,Kiambu,Hardware,2025-01-06,18,2.4,4970.0,3,5,0.03,0
DL-12307,Kiprop Duka,0737000311,15467972,Nairobi,Mini mart,2026-03-02,4,1.0,5580.0,0,1,0.75,0
DL-12279,Njeri Shop,0789875118,15187380,Nakuru,General shop,2025-07-05,12,0.6,4540.0,2,1,0.14,1
DL-13129,Mwangi Mini Mart,0728899465,37428333,Mombasa,Mini mart,2024-03-12,28,1.0,6370.0,0,0,0.17,0
DL-14469,Mwangi Traders,0765187404,36289707,Nakuru,Agrovet,2026-01-01,6,1.7,2940.0,1,0,0.3,1
DL-13605,Wairimu Enterprises,0767508801,33812310,Nairobi,Mini mart,2023-07-16,36,3.9,8630.0,4,8,0.02,0
DL-12479,Mwangi Traders,0752843885,20585711,Kiambu,Pharmacy,2024-12-07,19,1.4,8640.0,2,1,0.71,0
DL-10490,Kiprop Stores,0729325215,15098518,Nakuru,Pharmacy,2023-09-14,34,0.8,7270.0,0,0,0.33,0
DL-11404,Barasa Stores,0753052177,29255650,Machakos,General shop,2025-12-02,7,1.1,11360.0,0,1,0.5,1
DL-14348,Wafula Mini Mart,0743247776,11583657,Mombasa,Pharmacy,2024-05-11,26,0.2,2500.0,1,0,0.0,0
DL-13450,Wairimu Stores,0756947388,37446857,Machakos,General shop,2025-05-06,14,2.8,5740.0,4,9,0.15,1
DL-12121,Mutua Stores,0738896041,11526495,Uasin Gishu,Mini mart,2023-08-15,35,0.4,5180.0,0,1,0.0,0
DL-12767,Kiprop Mart,0740068009,31805275,Machakos,Pharmacy,2024-10-08,21,0.6,2100.0,0,1,0.14,0
DL-10086,Njeri Traders,0785584163,25565193,Meru,Hardware,2026-01-31,5,1.2,5260.0,0,0,0.33,0
DL-13458,Otieno Stores,0718206400,31717734,Nairobi,General shop,2025-04-06,15,2.0,6050.0,0,2,0.71,0
DL-14082,Kiprop Mini Mart,0712274377,29554310,Uasin Gishu,Pharmacy,2024-09-08,22,1.1,24260.0,2,0,0.46,0
DL-13781,Auma Supplies,0757426735,14873998,Nairobi,General shop,2023-08-15,35,2.3,6680.0,3,1,0.46,0
DL-12428,Achieng Mart,0731139797,31097294,Nairobi,General shop,2026-01-31,5,1.8,20290.0,3,2,0.44,0
DL-11918,Wanjiku Mini Mart,0739209529,18010870,Nairobi,Mini mart,2026-01-01,6,2.3,7720.0,2,6,0.21,0
DL-13315,Omondi Mart,0712732889,23574527,Nairobi,Electronics,2024-08-09,23,1.2,5600.0,2,0,0.43,0
DL-10037,Atieno Shop,0789952811,10785176,Mombasa,General shop,2025-07-05,12,2.0,6360.0,1,0,0.12,0
DL-11394,Wanjiku Duka,0770507387,11190320,Kisumu,General shop,2025-08-04,11,0.2,4420.0,2,0,1.0,0
DL-14982,Otieno Traders,0777455408,18444969,Kiambu,General shop,2024-09-08,22,2.0,3000.0,3,4,0.38,0
DL-10893,Barasa Traders,0714562676,12029770,Nakuru,General shop,2025-06-05,13,1.2,7430.0,1,6,0.4,1
DL-12864,Otieno Shop,0795900208,24927582,Kisumu,General shop,2024-06-10,25,0.9,2160.0,1,0,0.18,0
DL-11623,Mwangi Mart,0775770768,26523636,Nairobi,General shop,2025-06-05,13,1.4,,2,1,0.0,0
DL-11285,Njeri Stores,0777259015,14482167,Uasin Gishu,General shop,2025-10-03,9,0.4,4150.0,2,0,0.5,0
DL-12106,Barasa Duka,0798469548,35980663,Mombasa,General shop,2025-02-05,17,0.9,8960.0,1,0,0.55,0
DL-12493,Chebet Supplies,0796641545,28350127,Nairobi,General shop,2024-11-07,20,0.9,4880.0,2,0,0.27,0
DL-13768,Omondi Mini Mart,0774366506,33594684,Machakos,General shop,2026-03-02,4,1.0,8020.0,0,0,0.25,0
DL-12510,Mutua Mart,0758474015,13233730,Meru,Agrovet,2026-01-01,6,1.3,,0,1,0.0,0
DL-14070,Chebet Mart,0727602653,22076095,Nakuru,Hardware,2025-09-03,10,0.8,11420.0,0,2,0.5,1
DL-11482,Wairimu Enterprises,0777488770,21456340,Nairobi,Hardware,2023-03-18,40,2.4,3410.0,0,1,0.28,0
DL-12364,Mwangi Enterprises,0765543063,36208336,Kisumu,General shop,2025-04-06,15,2.0,6430.0,2,4,0.67,0
DL-11332,Njeri Mart,0758154994,29129842,Kiambu,General shop,2026-04-01,3,3.0,8770.0,0,1,0.22,0
DL-13627,Auma Enterprises,0711623075,18984994,Nakuru,Pharmacy,2023-08-15,35,0.2,7110.0,0,0,0.33,0
DL-12878,Kiprop Duka,0796460617,37995618,Uasin Gishu,Hardware,2023-07-16,36,1.3,5840.0,1,3,0.25,0
DL-12022,Otieno Mini Mart,0796695035,21492651,Nakuru,General shop,2026-01-01,6,3.2,2540.0,0,1,0.05,0
DL-12004,Chebet Shop,0759826194,12374597,Kiambu,Pharmacy,2025-09-03,10,0.9,,0,1,0.11,0
DL-12802,Mwangi Shop,0753192731,31272404,Nairobi,Pharmacy,2025-02-05,17,3.0,2760.0,0,3,0.72,0
DL-13081,Nyambura Mart,0730915924,29921044,Nairobi,Mini mart,2026-05-01,2,0.5,1870.0,2,1,1.0,1
DL-12589,Kamau Mart,0780621670,16482714,Nairobi,Mini mart,2023-12-13,31,2.8,2160.0,0,3,0.32,0
DL-14726,Wanjiku Enterprises,0727518736,27706499,Meru,General shop,2024-04-11,27,1.0,4870.0,4,6,0.08,0
DL-10821,Barasa Supplies,0779091351,13786936,Uasin Gishu,Mini mart,2024-07-10,24,1.9,6830.0,0,1,0.26,0
DL-13986,Barasa Mart,0721778211,21051834,Kiambu,Pharmacy,2025-10-03,9,3.7,6540.0,3,4,0.12,0
DL-10602,Otieno Shop,0784917549,12152686,Mombasa,Pharmacy,2025-03-07,16,0.5,5860.0,1,2,0.17,0
DL-11409,Omondi Supplies,0727337343,30903704,Nakuru,Electronics,2024-03-12,28,0.8,1890.0,0,0,0.22,1
DL-10737,Njeri Traders,0764761719,32037281,Nairobi,General shop,2022-07-21,48,0.9,8110.0,2,1,0.0,0
DL-13427,Auma Duka,0733295032,33258438,Nairobi,Agrovet,2025-07-05,12,0.8,5290.0,0,1,0.3,0
DL-12985,Mutua Supplies,0781773051,16751639,Mombasa,General shop,2025-04-06,15,0.9,5840.0,2,0,0.18,1
DL-10725,Achieng Enterprises,0725297990,16043386,Kiambu,Electronics,2025-07-05,12,1.7,3290.0,1,2,0.2,0
DL-10406,Auma Enterprises,0720839860,31579630,Kiambu,Pharmacy,2023-05-17,38,1.9,2960.0,2,4,0.35,1
DL-12003,Barasa Mini Mart,0797718718,37972983,Mombasa,General shop,2021-07-26,60,1.3,1920.0,0,1,0.38,0
DL-14295,Wafula Enterprises,0739093126,31562672,Uasin Gishu,Hardware,2025-08-04,11,1.7,5780.0,1,0,0.53,0
DL-12875,Kiprop Enterprises,0711948686,22892512,Nairobi,General shop,2025-06-05,13,0.9,8640.0,1,0,0.09,0
DL-13878,Auma Mini Mart,0716865095,37293003,Kiambu,General shop,2025-06-05,13,0.4,4030.0,0,0,0.4,0
DL-14294,Atieno Mini Mart,0759335923,35318444,Mombasa,General shop,2025-12-02,7,2.1,8760.0,2,4,0.6,1
DL-12337,Kiprop Shop,0771160286,33784210,Meru,Pharmacy,2023-09-14,34,1.8,8600.0,3,9,0.43,1
DL-13714,Auma Mart,0775849685,23422050,Nairobi,Mini mart,2024-10-08,21,0.2,22160.0,0,0,0.67,0
DL-13207,Barasa Stores,0796990675,37109412,Nairobi,Pharmacy,2024-10-08,21,0.5,2750.0,0,0,0.17,0
DL-14603,Otieno Enterprises,0781247114,23778985,Machakos,Mini mart,2025-04-06,15,3.8,6910.0,1,3,0.35,1
DL-14298,Achieng Duka,0784918433,37826880,Nairobi,General shop,2025-10-03,9,0.2,2540.0,0,0,0.5,1
DL-10402,Mwangi Supplies,0723316298,24088766,Kiambu,General shop,2023-11-13,32,1.4,13690.0,2,7,0.29,1
DL-13952,Mwangi Shop,0768536458,11673528,Kiambu,Mini mart,2024-07-10,24,1.6,4950.0,3,2,0.37,0
DL-10226,Atieno Mart,0775711783,13008540,Nairobi,General shop,2023-08-15,35,1.2,2790.0,1,0,0.4,0
DL-14018,Wafula Mini Mart,0779987727,25025699,Mombasa,Pharmacy,2024-04-11,27,1.8,7070.0,0,3,0.0,0
DL-13216,Achieng Duka,0753891256,37293323,Kisumu,Agrovet,2025-06-05,13,0.5,7780.0,0,1,0.5,0
DL-11292,Kamau Mart,0736639146,12102728,Nakuru,Pharmacy,2026-01-31,5,1.2,2760.0,4,4,0.33,1
DL-11295,Kiprop Traders,0725103161,34742171,Nairobi,Mini mart,2025-09-03,10,3.4,2930.0,4,8,0.32,0
DL-13886,Auma Shop,0767088206,23078262,Machakos,Pharmacy,2024-01-12,30,1.7,15840.0,5,5,0.15,0
DL-14674,Kiprop Stores,0713006611,28444998,Nakuru,Mini mart,2023-11-13,32,2.2,11030.0,2,10,0.31,1
DL-12263,Nyambura Mini Mart,0743511926,22022294,Nairobi,Electronics,2024-12-07,19,1.5,2250.0,0,0,0.28,0
DL-10434,Mutua Enterprises,0744973113,22670144,Nairobi,General shop,2025-03-07,16,0.8,4710.0,0,0,0.44,0
DL-10382,Chebet Duka,0727263002,10438047,Nakuru,Mini mart,2025-11-02,8,1.1,10220.0,3,2,0.33,0
DL-10628,Mwangi Stores,0789141370,26582191,Kisumu,General shop,2025-09-03,10,2.3,4330.0,2,3,0.0,0
DL-11839,Barasa Traders,0714289345,36324388,Nairobi,Mini mart,2025-10-03,9,4.4,3790.0,3,2,0.12,0
DL-11188,Kamau Stores,0786656609,27651359,Mombasa,Agrovet,2024-11-07,20,1.9,3940.0,3,2,0.13,0
DL-14333,Atieno Duka,0719673736,14395983,Mombasa,Electronics,2026-01-31,5,0.6,3620.0,1,2,0.0,0
DL-11529,Barasa Shop,0772928418,12139481,Kisumu,Hardware,2024-03-12,28,0.8,14540.0,1,2,0.1,0
DL-13406,Omondi Stores,0766278823,19542784,Kiambu,Agrovet,2024-10-08,21,1.4,9730.0,2,2,0.0,0
DL-12861,Barasa Stores,0782598215,34401655,Uasin Gishu,Mini mart,2024-08-09,23,0.8,6720.0,3,4,0.56,1
DL-14384,Achieng Duka,0734047056,16279641,Meru,General shop,2025-06-05,13,0.1,3660.0,0,0,0.0,0
DL-11491,Mutua Traders,0760110742,33462792,Kisumu,Mini mart,2023-09-14,34,5.9,8050.0,1,5,0.39,0
DL-12776,Auma Enterprises,0773410595,29451739,Nairobi,General shop,2023-04-17,39,2.9,5310.0,7,7,0.06,0
DL-10325,Mwangi Mini Mart,0771810779,18396463,Nairobi,Mini mart,2025-06-05,13,1.5,,3,2,0.39,0
DL-14583,Kamau Supplies,0725182608,18041003,Mombasa,Hardware,2025-05-06,14,1.2,13630.0,1,1,0.0,0
DL-10747,Kamau Traders,0747195679,28706535,Kisumu,Agrovet,2026-01-01,6,0.5,8740.0,2,2,0.67,0
DL-14968,Chebet Mart,0711822590,23982288,Nakuru,Mini mart,2024-02-11,29,0.3,14760.0,0,0,0.0,0
DL-14210,Wairimu Duka,0755778227,27487061,Machakos,Electronics,2025-05-06,14,0.1,3700.0,1,0,1.0,0
DL-14877,Achieng Shop,0758791444,23693983,Nakuru,Mini mart,2026-04-01,3,2.3,3420.0,4,0,0.29,0
DL-11125,Atieno Supplies,0727310899,17978221,Uasin Gishu,Mini mart,2025-01-06,18,1.7,6580.0,2,7,0.55,1
DL-14391,Kiprop Stores,0730767373,32189109,Mombasa,Electronics,2026-01-01,6,2.2,4000.0,4,4,0.77,1
DL-13996,Auma Traders,0717795053,35252352,Nairobi,Agrovet,2023-12-13,31,2.0,8920.0,2,1,0.42,0
DL-13169,Nyambura Mini Mart,0788391423,38832357,Nairobi,,2023-08-15,35,0.1,3430.0,2,0,1.0,0
DL-13973,Wanjiku Supplies,0797379174,22120625,Uasin Gishu,Pharmacy,2025-11-02,8,1.0,25570.0,1,3,0.62,0
DL-10470,Kamau Mart,0725102991,19829944,Uasin Gishu,Mini mart,2026-01-01,6,1.0,5560.0,0,0,0.5,0
DL-14188,Njeri Mart,0716480615,30351851,Nairobi,Mini mart,2024-03-12,28,2.3,3320.0,3,2,0.14,0
DL-13181,Otieno Shop,0785873179,21807225,Mombasa,General shop,2026-01-01,6,0.2,9830.0,0,1,1.0,0
DL-13018,Nyambura Mini Mart,0712217744,39999532,Nairobi,General shop,2025-08-04,11,0.5,4880.0,3,1,0.2,0
DL-10636,Nyambura Mart,0726558329,21775446,Kiambu,Electronics,2023-01-17,42,1.0,5990.0,0,0,0.5,0
DL-11161,Otieno Traders,0724882584,29717704,Nairobi,General shop,2022-12-18,43,1.7,5140.0,0,2,0.65,0
DL-13963,Auma Shop,0744167800,25806163,Kiambu,Hardware,2025-12-02,7,0.7,11090.0,0,1,0.0,0
DL-10743,Mwangi Duka,0764105786,36297480,Nairobi,Hardware,2025-02-05,17,2.8,7720.0,1,0,0.06,0
DL-13869,Chebet Mart,0742669738,26668586,Mombasa,Hardware,2025-08-04,11,0.8,3240.0,0,1,0.22,0
DL-14992,Kiprop Duka,0714112669,27220723,Nairobi,Electronics,2024-06-10,25,0.4,3250.0,0,0,0.6,0
DL-14571,Wafula Enterprises,0747414309,27503112,Nakuru,Hardware,2025-07-05,12,2.8,6800.0,2,2,0.21,0
DL-14219,Kamau Mart,0717493373,12949710,Meru,Hardware,2024-10-08,21,0.8,6310.0,3,1,0.44,0
DL-13456,Kamau Mart,0782023990,34603766,Nairobi,General shop,2023-02-16,41,1.1,6140.0,1,1,0.0,0
DL-10077,Mutua Traders,0770278883,38994262,Nakuru,Agrovet,2025-01-06,18,0.3,5720.0,2,0,0.75,0
DL-13309,Nyambura Duka,0740396632,28934370,Nakuru,,2025-08-04,11,1.7,5400.0,1,1,0.26,0
DL-11054,Barasa Supplies,0793798983,11784860,Machakos,General shop,2021-07-26,60,0.7,4670.0,2,2,0.38,0
DL-10072,Njeri Duka,0726879806,28882088,Nairobi,Mini mart,2025-09-03,10,1.0,4560.0,2,2,0.1,0
DL-14941,Kamau Mini Mart,0780943454,35660288,Nairobi,General shop,2025-05-06,14,1.5,,1,2,0.11,0
DL-11901,Wanjiku Stores,0797440180,23966656,Nairobi,General shop,2024-11-07,20,0.6,6900.0,0,0,0.43,0
DL-14516,Mutua Enterprises,0793513208,13067565,Mombasa,Mini mart,2024-02-11,29,1.2,3390.0,0,1,0.14,0
DL-12680,Njeri Shop,0790036279,39735516,Nakuru,Mini mart,2025-06-05,13,2.3,6140.0,10,5,0.43,1
DL-14467,Wanjiku Shop,0793048369,13316535,Nairobi,Agrovet,2024-10-08,21,0.3,14930.0,1,1,0.25,0
DL-12410,Otieno Mart,0739226715,11280775,Meru,Hardware,2026-05-01,2,4.0,1990.0,0,2,0.38,0
DL-12384,Achieng Mart,0769509722,34216721,Nairobi,General shop,2024-10-08,21,1.0,2700.0,4,0,0.25,0
DL-13340,Wairimu Shop,0796822401,11119910,Uasin Gishu,Mini mart,2025-12-02,7,2.6,10480.0,1,3,0.44,0
DL-10841,Otieno Mini Mart,0725181106,37989114,Machakos,Electronics,2025-04-06,15,1.8,2760.0,0,1,0.29,0
DL-11349,Chebet Enterprises,0767577413,38659163,Nairobi,Hardware,2024-12-07,19,3.8,6780.0,5,7,0.47,0
DL-12611,Mutua Supplies,0770330206,11333994,Mombasa,Electronics,2025-04-06,15,0.2,6980.0,1,0,0.0,0
DL-14554,Omondi Duka,0790932991,28142934,Kisumu,Agrovet,2024-06-10,25,1.1,2010.0,2,0,0.46,0
DL-13563,Auma Supplies,0790913626,24369049,Nairobi,General shop,2024-06-10,25,1.3,,3,4,0.06,0
DL-11051,Kiprop Shop,0776429824,24678718,Nairobi,General shop,2024-06-10,25,2.5,4430.0,1,0,0.43,0
DL-14886,Otieno Mart,0711001398,26418478,Nairobi,Mini mart,2026-01-31,5,0.6,4970.0,1,1,0.33,0
DL-11087,Kiprop Traders,0711048749,36005263,Mombasa,Electronics,2025-04-06,15,1.3,1610.0,1,0,0.25,0
DL-12457,Njeri Shop,0782212661,17276507,Uasin Gishu,Agrovet,2022-07-21,48,0.8,8520.0,1,0,0.0,0
DL-14858,Wairimu Mart,0776914972,25803360,Nairobi,Mini mart,2026-01-01,6,0.5,7060.0,3,2,0.67,1
DL-10696,Wairimu Enterprises,0799337401,33302799,Nairobi,,2024-08-09,23,1.2,3310.0,3,0,0.2,0
DL-14066,Njeri Duka,0772181401,38332492,Meru,General shop,2026-01-31,5,2.0,13920.0,5,6,0.6,1
DL-12731,Kamau Supplies,0789862654,38468756,Nairobi,General shop,2025-11-02,8,3.0,5070.0,0,0,0.17,0
DL-13083,Omondi Stores,0784041227,27779288,Kisumu,,2024-11-07,20,0.4,6890.0,0,0,0.2,0
DL-13883,Otieno Duka,0762224908,26864684,Nakuru,Hardware,2025-11-02,8,1.5,9190.0,0,1,0.42,0
DL-12454,Wafula Stores,0779846696,12865673,Nairobi,Hardware,2023-07-16,36,0.5,12760.0,1,1,0.33,0
DL-11497,Atieno Duka,0774320275,11510422,Machakos,Agrovet,2022-12-18,43,0.2,5970.0,1,0,0.5,0
DL-13664,Omondi Mini Mart,0716291722,30442524,Uasin Gishu,Electronics,2025-01-06,18,0.6,7560.0,1,1,0.0,0
DL-14749,Kamau Enterprises,0716586937,21403872,Nakuru,Agrovet,2023-11-13,32,3.7,21960.0,8,11,0.25,1
DL-13987,Barasa Duka,0756201476,31279651,Kiambu,,2026-04-01,3,1.7,2290.0,1,2,0.2,1
DL-14124,Njeri Stores,0728579975,17357999,Nairobi,General shop,2025-06-05,13,1.6,4820.0,4,2,0.68,0
DL-13614,Wanjiku Mini Mart,0769843721,15057952,Nairobi,Mini mart,2025-03-07,16,0.7,7390.0,2,1,0.5,1
DL-10387,Mutua Duka,0726395802,29523086,Nairobi,Mini mart,2025-01-06,18,4.3,8370.0,2,2,0.52,0
DL-10581,Njeri Stores,0770487706,14017954,Nairobi,General shop,2025-06-05,13,2.2,11850.0,3,5,0.48,1
DL-11548,Barasa Duka,0760581387,39114285,Mombasa,Pharmacy,2024-07-10,24,1.4,11730.0,2,1,0.47,0
DL-13876,Auma Mart,0732312973,33268144,Nairobi,Mini mart,2021-07-26,60,2.8,3340.0,0,1,0.15,0
DL-12753,Wanjiku Enterprises,0740298069,32820829,Kisumu,Mini mart,2024-04-11,27,1.3,4550.0,2,2,0.62,0
DL-11233,Chebet Mini Mart,0769529637,39000355,Nairobi,General shop,2024-03-12,28,0.9,5000.0,2,1,0.18,0
DL-12134,Omondi Traders,0730754462,19296481,Meru,Pharmacy,2025-01-06,18,2.6,6990.0,2,1,0.68,1
DL-11263,Wairimu Stores,0765001859,10031398,Nairobi,General shop,2025-03-07,16,0.7,14980.0,1,0,0.25,0
DL-13507,Nyambura Duka,0746107318,23453225,Nakuru,Agrovet,2025-10-03,9,0.6,,0,0,0.6,0
DL-13237,Chebet Traders,0763697172,15196219,Nairobi,Electronics,2025-01-06,18,1.4,9740.0,0,0,0.35,0
DL-10618,Achieng Mart,0715913567,14433572,Nakuru,,2025-10-03,9,2.4,4930.0,3,3,0.18,0
DL-12352,Chebet Traders,0789892534,27520442,Kisumu,Mini mart,2026-05-31,1,1.0,5550.0,0,1,0.0,0
DL-11011,Njeri Mart,0769935738,33575264,Nakuru,Mini mart,2024-10-08,21,0.3,12220.0,0,0,0.5,0
DL-14403,Achieng Duka,0731291914,13951799,Nairobi,Electronics,2025-12-02,7,0.1,12220.0,1,0,1.0,1
DL-10566,Kamau Enterprises,0724320405,37174495,Nairobi,Mini mart,2025-05-06,14,0.6,12800.0,1,1,0.43,0
DL-11174,Barasa Shop,0752382770,19229961,Meru,General shop,2025-06-05,13,2.3,6810.0,1,5,0.54,0
DL-14929,Wafula Mini Mart,0726075275,11724274,Nairobi,Mini mart,2026-01-01,6,1.8,5560.0,2,0,0.18,0
DL-14038,Wafula Traders,0731742322,39439949,Nairobi,Hardware,2025-10-03,9,1.2,3320.0,1,0,0.18,0
DL-14127,Njeri Stores,0744137015,18272680,Machakos,Electronics,2025-09-03,10,1.3,4360.0,0,2,0.15,0
DL-14730,Omondi Mini Mart,0736158211,14004463,Nakuru,Pharmacy,2023-12-13,31,1.4,7630.0,4,1,0.24,0
DL-12818,Otieno Mini Mart,0747242071,38087368,Nairobi,General shop,2024-09-08,22,0.9,5140.0,1,0,0.0,0
DL-12911,Atieno Enterprises,0711661166,16000047,Nairobi,Mini mart,2023-12-13,31,0.6,4730.0,2,1,0.14,0
DL-13573,Auma Shop,0782782834,27338656,Mombasa,Hardware,2025-03-07,16,1.1,5930.0,2,1,0.54,0
DL-12846,Otieno Enterprises,0718016067,37451180,Nairobi,Hardware,2023-10-14,33,1.0,4890.0,2,4,0.25,1
DL-10460,Wairimu Duka,0789006026,25814881,Nairobi,Electronics,2023-02-16,41,0.4,10640.0,2,1,0.0,0
DL-14405,Otieno Shop,0718863875,11997365,Nairobi,General shop,2023-09-14,34,1.6,4950.0,1,2,0.26,0
DL-12951,Wairimu Mart,0763310845,13420938,Kisumu,Pharmacy,2025-01-06,18,2.3,3060.0,3,4,0.04,1
DL-10469,Chebet Supplies,0732425907,17617806,Nairobi,Mini mart,2024-10-08,21,3.8,6750.0,2,2,0.04,0
DL-11597,Otieno Duka,0784899605,22414055,Nakuru,Mini mart,2025-01-06,18,1.3,8020.0,4,4,0.12,1
DL-13358,Atieno Supplies,0776803263,17661143,Nairobi,General shop,2026-01-31,5,1.6,3930.0,3,3,0.38,0
DL-10751,Barasa Stores,0772097688,29845813,Nairobi,General shop,2025-03-07,16,3.9,5900.0,2,3,0.06,0
DL-11082,Atieno Traders,0775667783,26422115,Kiambu,Mini mart,2025-04-06,15,1.2,6310.0,3,2,0.0,0
DL-11046,Omondi Duka,0720947356,16032108,Kiambu,Hardware,2024-09-08,22,0.7,4300.0,1,0,0.12,0
DL-12733,Achieng Shop,0781040162,27540319,Nakuru,Mini mart,2024-05-11,26,0.7,4680.0,2,1,0.12,0
DL-13219,Njeri Supplies,0737441973,17005480,Kiambu,Agrovet,2025-06-05,13,3.2,2070.0,4,5,0.23,1
DL-10954,Wanjiku Mart,0761798236,21616942,Nakuru,General shop,2026-01-01,6,1.3,4360.0,1,2,0.0,0
DL-14386,Nyambura Duka,0758848215,26000704,Nairobi,Electronics,2025-05-06,14,1.4,8370.0,0,1,0.12,0
DL-14518,Wafula Mart,0739548601,25485432,Nairobi,Electronics,2025-08-04,11,0.1,5360.0,0,0,0.0,0
DL-13685,Otieno Supplies,0718606265,36024041,Nairobi,Hardware,2025-02-05,17,0.8,3300.0,2,2,0.4,0
DL-11249,Auma Traders,0758373372,19727710,Nairobi,Electronics,2022-03-23,52,1.5,12540.0,2,3,0.22,0
DL-14083,Wairimu Duka,0737361481,36729925,Kiambu,Agrovet,2024-07-10,24,1.5,5700.0,2,0,0.11,0
DL-10741,Njeri Supplies,0777540290,32584444,Nakuru,Mini mart,2026-01-31,5,2.4,,3,1,0.42,0
DL-13479,Kamau Enterprises,0760970210,32685464,Nairobi,Agrovet,2025-07-05,12,0.5,9390.0,1,1,0.5,1
DL-14496,Chebet Enterprises,0769480342,35352690,Machakos,Hardware,2025-02-05,17,0.4,6100.0,0,0,0.4,1
DL-12842,Atieno Mart,0781686586,19377810,Kiambu,Pharmacy,2025-09-03,10,2.4,2680.0,6,9,0.46,1
DL-13163,Wafula Traders,0742086744,12638709,Machakos,Mini mart,2024-09-08,22,1.3,4030.0,1,0,0.06,0
DL-14236,Mwangi Duka,0762554392,30224130,Kiambu,Mini mart,2025-06-05,13,1.3,6790.0,1,1,0.38,0
DL-14828,Kiprop Supplies,0773275928,26816316,Nakuru,General shop,2024-11-07,20,0.2,8920.0,0,0,0.5,0
DL-12889,Mutua Duka,0728401689,32326595,Kiambu,General shop,2025-07-05,12,2.1,3460.0,3,3,0.16,1
DL-11260,Omondi Traders,0783402999,28715825,Machakos,Pharmacy,2025-08-04,11,2.2,6700.0,1,6,0.29,1
DL-10971,Wafula Mart,0718485758,24461314,Nairobi,Agrovet,2025-08-04,11,1.4,11920.0,0,2,0.27,0
DL-11466,Kiprop Duka,0799290572,23787936,Mombasa,Mini mart,2024-12-07,19,2.0,16580.0,1,1,0.5,0
DL-10334,Atieno Mini Mart,0741307275,18175496,Nairobi,Pharmacy,2026-04-01,3,2.3,7070.0,0,0,0.57,0
DL-11670,Achieng Enterprises,0719512423,30735196,Mombasa,General shop,2025-02-05,17,1.7,5070.0,4,2,0.2,0
DL-11414,Kamau Duka,0773828235,23953992,Nairobi,Hardware,2024-11-07,20,1.3,3030.0,0,1,0.19,0
DL-10575,Wafula Duka,0748450520,26975523,Nairobi,Mini mart,2023-10-14,33,1.2,7860.0,0,0,0.36,0
DL-12175,Wairimu Enterprises,0767677323,17055684,Nairobi,General shop,2026-03-02,4,1.0,4610.0,0,0,0.0,0
DL-12537,Barasa Duka,0758243517,17779313,Nakuru,General shop,2026-01-31,5,1.6,11560.0,0,0,0.0,0
DL-14799,Njeri Mart,0789442436,39425385,Nakuru,Hardware,2024-07-10,24,0.7,5440.0,2,0,0.5,0
DL-13656,Mutua Supplies,0799944239,23508631,Kisumu,Mini mart,2025-12-02,7,1.4,16670.0,1,5,0.2,1
DL-14091,Otieno Traders,0712149463,28830486,Mombasa,Electronics,2024-02-11,29,2.3,2730.0,2,4,0.61,1
DL-11569,Mutua Duka,0771351383,27603512,Mombasa,Mini mart,2024-10-08,21,1.0,5980.0,1,0,0.08,0
DL-11074,Wanjiku Mini Mart,0793347811,35639471,Nairobi,Pharmacy,2025-10-03,9,2.2,7660.0,2,0,0.4,0
DL-14392,Atieno Traders,0726281100,39255629,Mombasa,Pharmacy,2026-03-02,4,1.5,22760.0,0,2,0.67,0
DL-14575,Wafula Shop,0720585757,19046264,Kiambu,General shop,2024-01-12,30,2.0,14310.0,0,3,0.75,1
DL-11196,Auma Traders,0750410054,27343241,Mombasa,Agrovet,2024-05-11,26,2.8,3730.0,4,2,0.21,0
DL-14147,Mutua Mart,0757246970,32194533,Nakuru,General shop,2024-01-12,30,2.4,5110.0,2,3,0.34,0
DL-10960,Wanjiku Stores,0764528679,35084980,Kiambu,General shop,2026-01-01,6,0.7,5620.0,1,0,0.25,0
DL-11546,Achieng Supplies,0780526440,15796699,Kiambu,General shop,2026-01-01,6,2.5,,2,3,0.07,0
DL-12100,Njeri Mart,0719693347,26725942,Nakuru,Pharmacy,2025-09-03,10,4.2,15030.0,8,5,0.26,1
DL-13367,Mutua Enterprises,0714198519,22415595,Nairobi,General shop,2022-07-21,48,1.3,4140.0,0,1,0.12,0
DL-10413,Wafula Mart,0781668856,29986962,Nairobi,General shop,2024-11-07,20,1.9,5570.0,0,3,0.96,0
DL-14453,Mwangi Mini Mart,0720060948,14364830,Machakos,General shop,2022-10-19,45,1.3,7210.0,2,3,0.19,0
DL-13645,Mwangi Enterprises,0757033346,27059494,Kisumu,General shop,2025-02-05,17,0.7,6110.0,3,1,0.25,0
DL-14529,Wairimu Duka,0735410424,33184527,Mombasa,Mini mart,2025-05-06,14,2.6,4230.0,0,1,0.68,0
DL-10173,Achieng Duka,0762901748,27960202,Mombasa,Hardware,2024-10-08,21,1.6,8170.0,2,1,0.11,1
DL-14761,Otieno Shop,0765089140,14824003,Nakuru,General shop,2025-05-06,14,2.2,2840.0,0,0,0.15,0
DL-10184,Wairimu Mini Mart,0799466836,14736220,Kiambu,Agrovet,2023-01-17,42,0.3,10630.0,0,0,0.5,0
DL-11443,Mutua Stores,0724660569,33459176,Machakos,General shop,2022-03-23,52,2.2,13990.0,1,2,0.07,0
DL-12471,Njeri Duka,0749272737,32789860,Nakuru,Mini mart,2025-09-03,10,1.0,5830.0,3,2,0.3,0
DL-10739,Otieno Traders,0758641040,22902839,Nakuru,Mini mart,2024-10-08,21,1.8,7250.0,0,3,0.33,0
DL-11746,Omondi Mart,0758792723,10670524,Nairobi,Hardware,2024-08-09,23,1.2,7960.0,7,3,0.4,1
DL-13791,Nyambura Duka,0784268761,28344253,Uasin Gishu,General shop,2025-07-05,12,1.9,,0,1,0.0,0
DL-13640,Njeri Supplies,0724385242,21896534,Nairobi,General shop,2025-07-05,12,0.7,14620.0,3,1,0.5,0
DL-12046,Omondi Traders,0770993137,24277258,Nairobi,Agrovet,2025-12-02,7,1.4,6430.0,3,3,0.2,0
DL-14662,Achieng Supplies,0742582859,15178390,Kiambu,Mini mart,2023-05-17,38,1.5,80750.0,3,4,0.33,0
DL-12915,Kamau Supplies,0761562966,14755058,Mombasa,Mini mart,2023-02-16,41,1.6,8420.0,1,0,0.16,0
DL-10701,Mutua Shop,0798828542,19938228,Nairobi,General shop,2025-08-04,11,0.3,,1,0,0.0,0
DL-11989,Chebet Duka,0766041744,25389716,Nairobi,Pharmacy,2025-11-02,8,0.4,7470.0,1,1,0.0,0
DL-10928,Kiprop Duka,0790298459,14506750,Nakuru,,2024-11-07,20,2.2,,6,6,0.56,1
DL-12983,Auma Mart,0772322619,17273105,Meru,General shop,2025-05-06,14,0.8,9190.0,3,2,0.3,0
DL-10603,Wanjiku Duka,0785660687,21958171,Nairobi,Hardware,2025-09-03,10,2.5,,6,7,0.36,1
DL-13290,Achieng Enterprises,0796985981,13717142,Nairobi,General shop,2024-05-11,26,0.7,6980.0,0,0,0.25,0
DL-13047,Achieng Stores,0770582167,39398572,Nakuru,Electronics,2024-12-07,19,2.5,7250.0,3,5,0.33,1
DL-13126,Mwangi Stores,0730200584,10187346,Mombasa,Mini mart,2024-09-08,22,0.5,4430.0,0,2,0.5,0
DL-14137,Wanjiku Supplies,0762367612,37964413,Kiambu,General shop,2025-08-04,11,0.9,3690.0,2,1,0.5,1
DL-12260,Otieno Shop,0762795992,20499130,Nakuru,General shop,2025-12-02,7,2.6,6920.0,4,5,0.22,1
DL-11651,Wairimu Shop,0773690523,38346937,Kisumu,Hardware,2025-05-06,14,1.2,3390.0,1,0,0.21,0
DL-13629,Wairimu Traders,0756985188,23104575,Nakuru,Mini mart,2025-02-05,17,0.8,,0,0,0.11,0
DL-10211,Nyambura Shop,0768565007,36534702,Nairobi,Mini mart,2025-03-07,16,0.7,6810.0,1,0,0.5,0
DL-12876,Wairimu Enterprises,0779729255,25372850,Uasin Gishu,General shop,2025-08-04,11,1.8,3740.0,3,2,0.3,0
DL-13900,Wanjiku Mini Mart,0738366501,28828309,Kisumu,General shop,2026-01-01,6,1.2,4050.0,0,1,0.14,0
DL-10116,Chebet Stores,0778859202,39320157,Nairobi,General shop,2024-10-08,21,1.2,10690.0,0,0,0.14,0
DL-13894,Auma Traders,0783820031,10575686,Nakuru,Mini mart,2022-10-19,45,0.8,8260.0,3,2,0.5,1
DL-13277,Chebet Mini Mart,0719563342,18927241,Kiambu,Hardware,2024-06-10,25,0.1,6650.0,0,0,0.0,0
DL-12239,Auma Stores,0765218829,13083084,Nairobi,General shop,2024-02-11,29,5.2,8040.0,4,9,0.17,0
DL-13604,Chebet Traders,0752538969,38757675,Machakos,,2025-09-03,10,1.3,7040.0,2,1,0.23,1
DL-11423,Wafula Duka,0752352555,12758151,Mombasa,General shop,2025-09-03,10,3.6,5870.0,3,5,0.14,0
DL-14956,Mwangi Traders,0731824297,38853144,Nairobi,Electronics,2024-05-11,26,2.6,6720.0,3,5,0.77,1
DL-12467,Wanjiku Stores,0748679254,12060062,Kiambu,General shop,2025-03-07,16,1.8,5120.0,0,3,0.19,0
DL-11072,Kiprop Enterprises,0770002712,24830520,Kisumu,Mini mart,2023-05-17,38,0.2,1880.0,0,0,0.0,0
DL-10112,Kamau Mini Mart,0722541161,23231423,Nairobi,Hardware,2025-01-06,18,3.1,4890.0,0,1,0.54,0
DL-11103,Wafula Mini Mart,0710093006,33711350,Kiambu,Mini mart,2021-07-26,60,1.2,2020.0,2,5,0.57,0
DL-11959,Omondi Stores,0722131481,22018555,Kiambu,Pharmacy,2025-03-07,16,2.2,,4,5,0.69,0
DL-12642,Atieno Supplies,0731162094,17840369,Mombasa,Agrovet,2025-10-03,9,4.1,,7,8,0.38,0
DL-10486,Barasa Traders,0784478171,17920601,Kiambu,Electronics,2023-12-13,31,2.0,2670.0,0,2,0.42,0
DL-10876,Kiprop Supplies,0723506060,19288634,Uasin Gishu,Agrovet,2025-10-03,9,0.7,6300.0,1,0,0.0,0
DL-12724,Otieno Stores,0757072685,27447291,Mombasa,General shop,2025-12-02,7,2.0,7040.0,3,4,0.21,0
DL-14837,Wairimu Supplies,0792674342,22640888,Mombasa,Pharmacy,2024-02-11,29,1.2,2620.0,0,0,0.14,0
DL-13828,Mwangi Traders,0733475400,33507287,Nairobi,Electronics,2026-03-02,4,2.0,9370.0,3,2,0.12,1
DL-12174,Omondi Supplies,0738320125,33204585,Meru,Electronics,2024-01-12,30,1.5,,2,1,0.56,0
DL-11012,Achieng Mini Mart,0766957729,35684925,Mombasa,Hardware,2024-05-11,26,1.9,5750.0,1,7,0.7,0
DL-11854,Nyambura Supplies,0785762910,11621074,Mombasa,General shop,2025-06-05,13,2.3,5660.0,3,2,0.0,0
DL-11228,Omondi Mini Mart,0794707632,38296576,Mombasa,Agrovet,2025-03-07,16,1.3,1470.0,3,1,0.06,0
DL-10680,Wairimu Mini Mart,0780006348,34460227,Nakuru,Pharmacy,2025-05-06,14,2.2,3110.0,5,6,0.46,1
DL-14220,Auma Stores,0757324994,28615323,Nairobi,Mini mart,2024-12-07,19,1.1,9060.0,0,1,0.15,0
DL-12472,Mwangi Mart,0745799015,33845915,Nakuru,Mini mart,2024-11-07,20,2.0,3730.0,4,6,0.17,1
DL-14289,Auma Mini Mart,0777062640,37895888,Uasin Gishu,General shop,2025-01-06,18,0.8,5340.0,2,2,0.2,0
DL-14740,Mwangi Enterprises,0724632593,38103664,Machakos,General shop,2025-08-04,11,0.4,5320.0,0,0,0.0,0
DL-10509,Atieno Duka,0758182726,32167107,Uasin Gishu,Hardware,2025-12-02,7,2.0,5940.0,2,1,0.14,0
DL-11808,Wafula Mini Mart,0792091602,15530402,Nakuru,Electronics,2022-08-20,47,2.3,10060.0,0,1,0.5,0
DL-12211,Kamau Shop,0770489109,30382508,Nairobi,General shop,2025-02-05,17,0.8,4600.0,1,0,0.1,0
DL-13595,Otieno Enterprises,0772463802,39593113,Meru,General shop,2026-03-02,4,1.5,9200.0,4,2,0.17,0
DL-13318,Omondi Duka,0769997334,35740936,Kiambu,General shop,2022-01-22,54,4.9,19430.0,9,14,0.37,1
DL-11009,Wanjiku Mart,0726001789,17546550,Nairobi,Mini mart,2024-03-12,28,0.6,8860.0,0,2,0.0,0
DL-10388,Wafula Mini Mart,0796324983,38762683,Kiambu,Agrovet,2026-01-31,5,1.6,4390.0,1,0,0.25,0
DL-14987,Nyambura Supplies,0763151751,19813552,Meru,Hardware,2025-02-05,17,1.5,4720.0,0,0,0.17,0
DL-12657,Chebet Duka,0771453609,16137953,Nairobi,Electronics,2024-09-08,22,0.4,17850.0,2,1,0.0,0
DL-12053,Mutua Traders,0783465935,17609004,Kisumu,Electronics,2023-03-18,40,0.1,3630.0,1,0,1.0,0
DL-10328,Atieno Shop,0731692375,16337080,Kiambu,General shop,2024-12-07,19,0.5,2840.0,1,2,0.0,0
DL-10160,Atieno Supplies,0774003623,29933143,Nairobi,Mini mart,2025-01-06,18,1.5,3440.0,1,0,0.17,1
DL-10982,Achieng Mini Mart,0734799057,33838447,Meru,Agrovet,2025-08-04,11,1.0,3570.0,1,1,0.27,0
DL-14759,Chebet Duka,0738157182,33767001,Kiambu,General shop,2025-05-06,14,2.6,3940.0,0,1,0.19,0
DL-11352,Kiprop Supplies,0716262674,21786589,Nairobi,General shop,2026-01-01,6,1.0,9800.0,2,3,0.5,1
DL-10810,Barasa Traders,0720463573,34343696,Machakos,Mini mart,2025-10-03,9,1.3,6610.0,0,1,0.67,0
DL-10938,Barasa Stores,0726466376,18638186,Nairobi,Electronics,2024-07-10,24,1.2,3930.0,3,1,0.47,0
DL-12451,Kamau Mart,0798915652,37218998,Machakos,Mini mart,2025-06-05,13,0.5,9370.0,1,0,0.17,1
DL-10323,Wanjiku Shop,0772527946,23011355,Nairobi,General shop,2026-03-02,4,1.8,4640.0,1,1,0.43,1
DL-13090,Mutua Mart,0792505679,15059583,Mombasa,General shop,2025-10-03,9,2.7,4100.0,2,3,0.12,0
DL-14218,Barasa Enterprises,0795164419,31993254,Kisumu,General shop,2024-09-08,22,1.4,5910.0,0,0,0.35,0
DL-11162,Mwangi Duka,0775540402,19479939,Nairobi,Pharmacy,2024-05-11,26,0.9,7670.0,1,1,0.36,0
DL-10795,Nyambura Supplies,0782663607,36569713,Nairobi,Electronics,2023-08-15,35,1.1,4430.0,2,4,0.46,0
DL-11948,Njeri Shop,0764019156,32892823,Kiambu,General shop,2026-01-31,5,0.6,6220.0,0,0,0.33,1
DL-13473,Wanjiku Supplies,0712056155,18942532,Nairobi,Mini mart,2021-07-26,60,1.1,4010.0,0,1,0.0,0
DL-12395,Nyambura Enterprises,0776953627,26219678,Kiambu,Agrovet,2021-12-23,55,0.9,6380.0,0,2,0.55,0
DL-13123,Wafula Mini Mart,0765170498,18040303,Nairobi,Hardware,2025-02-05,17,0.1,17500.0,0,0,0.0,0
DL-10254,Omondi Mini Mart,0789152564,16415031,Nairobi,Mini mart,2025-10-03,9,1.7,4190.0,0,1,0.0,0
DL-13033,Atieno Shop,0798480311,29752635,Nakuru,Hardware,2025-12-02,7,2.1,8520.0,1,1,0.07,0
DL-14418,Auma Mini Mart,0710978195,23613303,Mombasa,Mini mart,2023-01-17,42,3.7,9640.0,2,7,0.27,0
DL-14025,Mutua Enterprises,0742858906,39352036,Nairobi,Pharmacy,2024-05-11,26,1.0,4540.0,1,0,0.17,0
DL-11065,Nyambura Stores,0719910455,32541471,Nairobi,Mini mart,2025-06-05,13,0.6,6290.0,0,0,0.29,1
DL-10041,Chebet Traders,0764381594,24726106,Meru,General shop,2026-01-01,6,1.0,5500.0,1,0,0.17,0
DL-11410,Njeri Duka,0751406744,17424985,Kisumu,Hardware,2025-12-02,7,0.1,9530.0,0,0,0.0,0
DL-12636,Chebet Duka,0798877651,13041177,Kiambu,Pharmacy,2023-12-13,31,1.5,11490.0,2,3,0.0,0
DL-12829,Njeri Shop,0775682785,13103410,Machakos,General shop,2025-02-05,17,3.2,4760.0,2,2,0.16,0
DL-12216,Wairimu Duka,0718046870,13940691,Nairobi,Hardware,2025-05-06,14,1.6,,2,3,0.21,0
DL-13515,Auma Supplies,0751535441,28866676,Mombasa,Mini mart,2022-01-22,54,1.0,1440.0,5,3,0.08,0
DL-13383,Wanjiku Shop,0750554800,19736260,Nakuru,General shop,2024-03-12,28,1.2,5170.0,2,0,0.0,0
DL-10891,Otieno Enterprises,0795805943,33556122,Machakos,Pharmacy,2023-10-14,33,2.8,2920.0,3,7,0.15,0
DL-12782,Atieno Supplies,0791827683,29548253,Nairobi,General shop,2025-11-02,8,4.1,11580.0,5,4,0.36,0
DL-13357,Achieng Mini Mart,0745027551,22643776,Nairobi,Agrovet,2025-08-04,11,1.6,3580.0,5,6,0.39,0
DL-14323,Auma Stores,0773542816,33937492,Machakos,General shop,2024-12-07,19,3.1,8980.0,2,8,0.24,0
DL-13465,Kiprop Mini Mart,0732248109,39995471,Mombasa,Hardware,2023-12-13,31,2.5,4150.0,3,1,0.07,0
DL-11099,Auma Enterprises,0729456232,28294215,Nakuru,Electronics,2025-01-06,18,2.8,5740.0,2,6,0.3,0
DL-10719,Wanjiku Mini Mart,0714147327,39161429,Machakos,,2024-09-08,22,0.8,5170.0,0,0,0.22,0
DL-11377,Wairimu Traders,0748132844,39201824,Nairobi,General shop,2025-12-02,7,0.7,4800.0,1,1,0.4,0
DL-12305,Nyambura Mini Mart,0711237513,33939578,Nairobi,Pharmacy,2024-03-12,28,0.8,11680.0,0,2,0.3,0
DL-10718,Mutua Duka,0721324425,22225438,Nairobi,Mini mart,2023-08-15,35,2.6,6590.0,5,3,0.68,0
DL-13155,Auma Stores,0766984732,36197508,Mombasa,Hardware,2023-02-16,41,2.3,5020.0,1,4,0.32,0
DL-13596,Atieno Supplies,0734654448,38632941,Nakuru,General shop,2025-06-05,13,1.9,5220.0,0,0,0.39,0
DL-14254,Auma Mart,0759827306,11387841,Mombasa,Agrovet,2025-05-06,14,1.0,6180.0,0,5,0.33,0
DL-11925,Wairimu Traders,0736020311,27589782,Kisumu,Electronics,2024-10-08,21,0.9,4820.0,1,2,0.73,0
DL-12541,Auma Stores,0742325014,35005421,Mombasa,Pharmacy,2025-11-02,8,1.6,4200.0,0,0,0.31,0
DL-13012,Mwangi Supplies,0796912041,34618235,Nakuru,General shop,2024-03-12,28,3.9,12340.0,4,10,0.43,1
DL-12246,Mwangi Supplies,0766053469,15999772,Nairobi,Hardware,2025-04-06,15,2.6,4150.0,3,6,0.45,1
DL-12596,Mwangi Stores,0769264164,36190606,Nairobi,Electronics,2026-01-31,5,0.6,12210.0,1,0,0.33,1
DL-12946,Mutua Shop,0787781606,31846175,Nairobi,Mini mart,2025-02-05,17,0.1,5830.0,0,0,0.0,0
DL-11157,Kamau Shop,0712862919,28095218,Mombasa,General shop,2023-01-17,42,1.4,5070.0,1,2,0.18,0
DL-11391,Mutua Duka,0775723146,38787087,Nakuru,Agrovet,2026-04-01,3,1.0,3420.0,2,1,0.0,0
DL-13445,Otieno Mini Mart,0712219509,17259396,Nairobi,Pharmacy,2024-04-11,27,1.9,1880.0,4,5,0.65,1
DL-14628,Atieno Enterprises,0790926475,32828853,Machakos,General shop,2024-06-10,25,1.3,3910.0,0,1,0.25,0
DL-14839,Achieng Shop,0763493839,29219709,Kisumu,General shop,2023-06-16,37,1.4,5700.0,2,2,0.18,0
DL-11533,Kamau Traders,0767037266,14657704,Kisumu,General shop,2025-10-03,9,1.7,9880.0,3,2,0.07,1
DL-12956,Otieno Duka,0756506287,25444853,Kiambu,General shop,2025-03-07,16,1.3,11770.0,1,1,0.12,0
DL-14440,Kamau Enterprises,0781162823,34758163,Nairobi,General shop,2024-07-10,24,1.5,7320.0,1,0,0.22,0
DL-14343,Atieno Duka,0797439350,27813010,Kisumu,Agrovet,2026-03-02,4,1.5,5160.0,0,0,0.5,0
DL-13912,Wanjiku Duka,0747919451,15495352,Uasin Gishu,Mini mart,2023-10-14,33,0.5,6630.0,1,0,0.17,0
DL-12323,Wafula Duka,0769431676,21933598,Nairobi,General shop,2025-09-03,10,1.0,8390.0,1,2,0.2,0
DL-14564,Auma Enterprises,0729858942,35837934,Machakos,,2025-06-05,13,0.8,4470.0,2,1,0.22,0
DL-14275,Njeri Enterprises,0749069137,35084038,Mombasa,General shop,2025-04-06,15,1.4,10920.0,0,0,0.24,0
DL-14527,Kamau Traders,0713252829,13205331,Mombasa,Pharmacy,2023-09-14,34,0.8,9640.0,1,1,0.44,0
DL-14916,Kamau Duka,0720935331,15722963,Nairobi,Mini mart,2025-05-06,14,0.4,5980.0,1,0,0.0,1
DL-14291,Kamau Traders,0734235988,12099830,Nairobi,General shop,2025-01-06,18,1.2,8830.0,3,3,0.5,1
DL-12086,Wairimu Shop,0713849496,33164694,Nakuru,General shop,2026-05-01,2,2.5,2870.0,2,2,0.4,0
DL-11429,Otieno Supplies,0729548730,39031150,Kiambu,Pharmacy,2023-08-15,35,1.2,10070.0,3,3,0.47,1
DL-10175,Auma Enterprises,0732129505,11461599,Kiambu,Mini mart,2024-06-10,25,0.2,6120.0,2,0,0.33,0
DL-13444,Njeri Mart,0712178071,24735425,Nairobi,Agrovet,2024-05-11,26,1.0,6920.0,0,0,0.17,0
DL-10495,Wafula Mini Mart,0745688116,20939968,Machakos,General shop,2026-01-31,5,0.4,6960.0,0,0,0.5,0
DL-12676,Auma Stores,0751756530,14548663,Nairobi,Mini mart,2022-05-22,50,0.3,11940.0,0,0,0.25,0
DL-11637,Omondi Shop,0744245656,11270157,Nairobi,Mini mart,2024-12-07,19,0.8,4980.0,1,0,0.4,0
DL-11875,Otieno Supplies,0739342554,15319566,Nairobi,Mini mart,2023-09-14,34,6.8,5810.0,16,26,0.46,1
DL-10318,Wairimu Stores,0721090853,36850678,Mombasa,Electronics,2022-10-19,45,1.1,11290.0,1,2,0.15,0
DL-13822,Chebet Duka,0719952762,36597613,Machakos,General shop,2025-09-03,10,0.7,3990.0,1,0,0.14,0
DL-10992,Mwangi Stores,0755612138,38976348,Nairobi,General shop,2025-09-03,10,4.8,14060.0,3,5,0.25,0
DL-12778,Otieno Duka,0771336836,17018877,Mombasa,Mini mart,2024-01-12,30,0.2,13040.0,2,1,0.0,0
DL-11834,Chebet Stores,0775884223,20821160,Meru,Agrovet,2026-01-31,5,2.2,3790.0,0,2,0.27,0
DL-10008,Kamau Enterprises,0755523224,26532718,Kiambu,General shop,2024-01-12,30,0.2,7850.0,0,0,0.33,0
DL-10071,Otieno Supplies,0713816919,36052248,Kiambu,General shop,2025-10-03,9,5.7,5580.0,2,5,0.45,0
DL-11461,Auma Supplies,0754988185,21191053,Nairobi,,2023-07-16,36,1.6,1630.0,2,0,0.21,0
DL-10637,Kiprop Traders,0779867654,16100055,Kiambu,General shop,2024-09-08,22,0.1,3290.0,0,0,0.0,0
DL-11820,Kiprop Enterprises,0740369380,26212850,Nairobi,General shop,2026-03-02,4,3.2,4620.0,3,2,0.0,0
DL-11787,Kiprop Traders,0784986770,15087882,Nairobi,General shop,2023-03-18,40,1.0,8990.0,4,2,0.42,0
DL-13752,Nyambura Supplies,0754488421,21673025,Nairobi,General shop,2022-11-18,44,1.8,36140.0,1,0,0.68,0
DL-13071,Atieno Duka,0776546209,32431582,Uasin Gishu,General shop,2024-10-08,21,1.6,6300.0,0,0,0.26,0
DL-10228,Wafula Traders,0749298223,33838206,Nairobi,Hardware,2022-01-22,54,0.8,5820.0,1,1,0.7,0
DL-13896,Auma Supplies,0744200111,16268877,Nairobi,Mini mart,2025-04-06,15,2.7,7550.0,0,2,0.06,0
DL-10801,Kiprop Mart,0710382972,12499886,Machakos,Pharmacy,2025-01-06,18,1.4,8200.0,0,5,0.35,0
DL-11253,Wanjiku Duka,0719037618,33620318,Mombasa,,2024-11-07,20,0.2,7740.0,4,1,0.5,1
DL-13460,Barasa Traders,0753259570,32417464,Uasin Gishu,Pharmacy,2025-08-04,11,1.4,3730.0,0,2,0.13,0
DL-13942,Achieng Duka,0723105939,38221343,Meru,Electronics,2023-08-15,35,1.2,5730.0,2,4,0.27,1
DL-12102,Mwangi Mini Mart,0780812012,29890754,Mombasa,Mini mart,2025-11-02,8,0.2,16920.0,0,0,1.0,0
DL-10140,Mutua Duka,0763551507,18803977,Nairobi,Mini mart,2024-11-07,20,0.7,4420.0,0,0,0.0,0
DL-14934,Mwangi Enterprises,0754548160,10640662,Machakos,Mini mart,2025-08-04,11,6.5,12820.0,2,6,0.32,0
DL-14622,Mwangi Traders,0755132308,24474277,Nakuru,Pharmacy,2025-12-02,7,2.0,20030.0,3,1,0.21,0
DL-12616,Njeri Shop,0747599751,39846100,Kiambu,Mini mart,2024-10-08,21,1.0,7070.0,2,2,0.67,0
DL-14805,Nyambura Stores,0792389994,34263345,Mombasa,Agrovet,2024-04-11,27,4.1,4640.0,4,8,0.24,1
DL-13180,Mutua Enterprises,0785191527,32068253,Nairobi,,2025-11-02,8,1.2,7260.0,3,2,0.4,0
DL-10536,Mutua Mini Mart,0711243904,17136218,Machakos,General shop,2025-05-06,14,2.0,4010.0,0,1,0.25,0
DL-10409,Wafula Mini Mart,0739075820,36847978,Nairobi,General shop,2025-05-06,14,0.3,13800.0,3,1,0.5,0
DL-12961,Kamau Enterprises,0721296631,36961114,Meru,Agrovet,2026-01-01,6,0.2,3330.0,2,1,1.0,0
DL-13152,Wafula Supplies,0752868565,30392160,Nairobi,Pharmacy,2024-11-07,20,2.4,10780.0,0,1,0.69,0
DL-12308,Auma Supplies,0785965458,19333486,Nairobi,Mini mart,2026-01-01,6,1.2,11350.0,1,2,0.29,0
DL-14632,Chebet Enterprises,0719598888,37571906,Uasin Gishu,Pharmacy,2025-04-06,15,0.8,3610.0,1,1,0.1,0
DL-12021,Otieno Supplies,0776134788,23501765,Mombasa,General shop,2025-04-06,15,0.5,14110.0,1,1,0.5,0
DL-14053,Atieno Mini Mart,0714106121,11049463,Uasin Gishu,General shop,2023-11-13,32,0.9,5020.0,0,0,0.27,0
DL-11207,Mwangi Traders,0733259030,15864925,Kiambu,Pharmacy,2025-12-02,7,0.4,5700.0,4,1,0.33,0
DL-13335,Mutua Supplies,0786555098,18839395,Nairobi,General shop,2025-08-04,11,3.0,6100.0,4,5,0.0,1
DL-14714,Kiprop Traders,0722204054,22789943,Nairobi,General shop,2025-12-02,7,2.6,8240.0,0,2,0.33,0
DL-14887,Mwangi Duka,0781662663,23983138,Kisumu,General shop,2025-01-06,18,2.2,5100.0,2,5,0.23,0
DL-10477,Wanjiku Shop,0751452628,26697807,Meru,Mini mart,2026-04-01,3,1.0,2720.0,1,0,0.67,0
DL-11282,Otieno Traders,0779282522,27052533,Nairobi,Agrovet,2024-05-11,26,1.3,8520.0,2,2,0.44,0
DL-13998,Omondi Shop,0785127521,11438425,Nairobi,General shop,2024-10-08,21,2.8,3840.0,2,8,0.45,0
DL-11235,Auma Mart,0783962373,10006105,Nairobi,General shop,2025-04-06,15,3.3,6780.0,0,2,0.2,0
DL-10835,Chebet Stores,0740273630,30661825,Kisumu,Mini mart,2026-03-02,4,0.8,8110.0,0,2,0.33,1
DL-10563,Kamau Mini Mart,0754606219,11003382,Nairobi,Agrovet,2025-05-06,14,0.2,,1,0,0.0,0
DL-14255,Otieno Mart,0792792028,35831358,Nakuru,Mini mart,2022-12-18,43,0.3,1950.0,3,0,0.5,0
DL-11999,Otieno Supplies,0729896055,26435587,Meru,Hardware,2025-04-06,15,1.5,3710.0,1,3,0.33,0
DL-14517,Kiprop Traders,0723875442,14731834,Nairobi,Mini mart,2024-07-10,24,1.3,9070.0,4,4,0.06,0
DL-12495,Chebet Shop,0786569237,39158873,Nakuru,Mini mart,2025-10-03,9,4.6,9810.0,2,7,0.29,1
DL-14633,Achieng Duka,0736805184,29083729,Nairobi,General shop,2026-01-31,5,1.6,9240.0,2,1,0.12,0
DL-14195,Wairimu Traders,0796864289,16156222,Kisumu,Electronics,2025-03-07,16,3.0,8960.0,1,6,0.39,0
DL-13644,Barasa Enterprises,0715935534,22668758,Meru,General shop,2024-12-07,19,2.8,10260.0,2,7,0.06,0
DL-13813,Nyambura Mini Mart,0772151953,13680849,Nairobi,Mini mart,2025-08-04,11,1.2,5840.0,2,3,0.23,0
DL-13449,Achieng Stores,0714174800,21249883,Kisumu,Electronics,2023-02-16,41,0.8,2870.0,3,1,0.0,0
DL-13893,Njeri Mini Mart,0755280047,28807238,Nairobi,Agrovet,2023-11-13,32,2.4,2180.0,4,5,0.21,1
DL-14945,Otieno Supplies,0737887561,13884085,Nairobi,Hardware,2024-06-10,25,1.1,,0,0,0.38,0
DL-12882,Njeri Supplies,0742359822,15965787,Machakos,General shop,2023-04-17,39,0.8,5810.0,0,0,0.0,0
DL-10441,Wanjiku Traders,0787196491,21204014,Mombasa,,2025-02-05,17,0.8,2900.0,3,1,0.1,1
DL-10264,Otieno Mart,0767467850,37922989,Kisumu,Electronics,2023-02-16,41,1.0,4210.0,1,0,0.42,0
DL-13331,Kamau Stores,0734147050,24770082,Nairobi,General shop,2024-02-11,29,2.0,3090.0,0,1,0.38,0
DL-12030,Mutua Enterprises,0774622028,28253570,Kiambu,General shop,2021-07-26,60,0.1,17850.0,3,0,0.0,0
DL-13120,Kiprop Mart,0743978551,19559253,Kisumu,General shop,2026-01-01,6,1.2,3390.0,2,2,0.0,0
DL-13291,Kamau Supplies,0763637320,12580530,Mombasa,Mini mart,2024-04-11,27,0.5,2450.0,0,0,0.0,0
DL-10062,Kamau Traders,0793314354,24625888,Nakuru,Hardware,2023-01-17,42,0.7,7810.0,1,0,0.5,0
DL-12505,Omondi Shop,0739299588,34013674,Mombasa,General shop,2026-04-01,3,1.0,16210.0,2,1,0.0,0
DL-12165,Nyambura Traders,0714786917,35816722,Nakuru,General shop,2024-02-11,29,1.4,14500.0,0,2,0.18,0
DL-10870,Mutua Shop,0759714568,18430061,Nairobi,Electronics,2024-01-12,30,0.4,15160.0,0,2,0.2,0
DL-11281,Atieno Enterprises,0733491742,19416837,Machakos,Pharmacy,2023-02-16,41,2.6,7810.0,3,6,0.03,0
DL-10716,Nyambura Supplies,0714904779,31940747,Meru,Mini mart,2026-03-02,4,0.8,5150.0,1,0,0.0,0
DL-10724,Otieno Mini Mart,0784495428,33733971,Machakos,General shop,2024-07-10,24,3.1,4290.0,0,2,0.59,0
DL-12964,Nyambura Shop,0762209985,31234241,Uasin Gishu,Pharmacy,2024-05-11,26,1.7,9860.0,1,1,0.15,0
DL-14609,Chebet Stores,0729302196,14536283,Kisumu,Hardware,2025-10-03,9,0.7,8120.0,1,1,0.0,0
DL-13533,Achieng Stores,0764420625,16493104,Kiambu,Mini mart,2026-04-01,3,1.0,3890.0,1,0,0.0,0
DL-14367,Wanjiku Mart,0785397135,11091665,Machakos,General shop,2025-01-06,18,2.2,6280.0,0,1,0.15,0
DL-12051,Mutua Mini Mart,0744079531,27049892,Nairobi,Electronics,2024-10-08,21,0.1,1730.0,0,0,0.0,0
DL-13550,Chebet Duka,0781061893,37158237,Mombasa,Agrovet,2024-07-10,24,0.2,1470.0,0,0,0.33,0
DL-14912,Auma Traders,0778256757,34451378,Machakos,Agrovet,2026-04-01,3,1.3,4680.0,0,1,0.75,1
DL-13117,Kamau Stores,0747106702,28429631,Meru,Mini mart,2023-11-13,32,1.6,7310.0,2,3,0.0,0
DL-14656,Wafula Stores,0779377056,38853341,Mombasa,Mini mart,2026-01-01,6,1.2,5900.0,1,2,0.29,1
DL-10908,Kamau Traders,0779932401,20683273,Mombasa,Agrovet,2025-05-06,14,1.9,12710.0,3,3,0.48,1
DL-13587,Omondi Duka,0713148177,34974947,Mombasa,General shop,2024-02-11,29,0.9,2900.0,2,7,0.27,1
DL-12470,Mwangi Shop,0722068364,15602733,Nakuru,Mini mart,2024-06-10,25,1.0,10860.0,0,1,0.42,0
DL-10019,Wafula Supplies,0734237542,25221876,Nakuru,Mini mart,2026-01-01,6,0.8,5980.0,0,0,0.0,0
DL-12938,Wanjiku Enterprises,0724897264,32148220,Nairobi,General shop,2024-01-12,30,5.7,7110.0,2,4,0.31,0
DL-10749,Wafula Enterprises,0787905571,25499171,Mombasa,Agrovet,2024-10-08,21,0.4,8080.0,0,0,0.0,0
DL-10314,Wafula Stores,0737106721,11196065,Nairobi,Electronics,2024-11-07,20,0.7,7790.0,0,0,0.5,0
DL-10625,Otieno Traders,0718475611,39008413,Mombasa,Hardware,2026-03-02,4,0.5,7240.0,4,2,0.0,1
DL-14763,Wairimu Mart,0774624610,23112285,Nairobi,Mini mart,2025-07-05,12,1.9,8530.0,2,0,0.09,0
DL-13408,Kamau Duka,0764480990,36772260,Meru,Mini mart,2022-06-21,49,2.2,6790.0,4,2,0.0,0
DL-13165,Wairimu Stores,0713068719,13654082,Nakuru,Mini mart,2024-09-08,22,1.3,10700.0,2,1,0.0,0
DL-13149,Chebet Stores,0714763000,26229445,Nairobi,General shop,2025-11-02,8,1.2,9140.0,6,3,0.8,1
DL-13798,Wanjiku Traders,0747639510,28651034,Mombasa,Hardware,2025-02-05,17,0.4,4230.0,1,1,0.4,0
DL-12105,Omondi Stores,0745356669,36986148,Kiambu,Mini mart,2025-03-07,16,2.3,6190.0,1,0,0.04,0
DL-13256,Kamau Mart,0780541310,27902136,Nairobi,Electronics,2023-08-15,35,1.2,5440.0,2,2,0.4,1
DL-11622,Mutua Mini Mart,0749294327,16411559,Nairobi,General shop,2025-10-03,9,1.2,5750.0,0,0,0.27,1
DL-10134,Wanjiku Mart,0732592180,37009930,Nairobi,Agrovet,2024-12-07,19,2.4,2220.0,1,5,0.28,1
DL-14581,Auma Stores,0795822356,35649426,Nakuru,Pharmacy,2025-11-02,8,1.9,5780.0,2,0,0.33,1
DL-13909,Kamau Supplies,0726524398,14601706,Mombasa,Mini mart,2026-04-01,3,1.0,6980.0,1,1,0.0,0
DL-10243,Mutua Mart,0771397290,16566601,Machakos,Pharmacy,2025-01-06,18,0.6,3900.0,1,1,0.71,0
DL-12562,Nyambura Shop,0796031832,20601760,Nakuru,Mini mart,2025-07-05,12,1.4,8940.0,3,1,0.29,1
DL-13195,Wanjiku Supplies,0770062489,16011053,Nairobi,General shop,2023-12-13,31,1.5,5420.0,2,4,0.28,0
DL-11050,Omondi Enterprises,0721617326,24749719,Nairobi,Pharmacy,2024-11-07,20,1.4,6440.0,0,1,0.12,0
DL-14222,Mutua Enterprises,0715957965,33528578,Nairobi,Mini mart,2026-01-31,5,0.8,4340.0,0,0,0.5,0
DL-13690,Chebet Mart,0777412864,10448350,Mombasa,Agrovet,2025-05-06,14,4.3,18280.0,3,2,0.38,1
DL-14444,Barasa Mart,0799632956,38912218,Nairobi,Agrovet,2024-04-11,27,0.5,1940.0,2,0,0.0,1
DL-11142,Kiprop Mart,0790914263,28831436,Nairobi,Electronics,2024-02-11,29,3.1,11940.0,0,1,0.11,0
DL-11127,Wafula Shop,0767349970,15805833,Kiambu,Pharmacy,2025-08-04,11,2.1,8550.0,3,3,0.35,1
DL-12581,Wafula Shop,0738778361,19707549,Kiambu,Mini mart,2025-09-03,10,0.6,3580.0,0,0,0.0,0
DL-10123,Chebet Stores,0772348648,20337474,Nairobi,General shop,2021-08-25,59,1.3,6560.0,0,1,0.69,0
DL-11545,Atieno Duka,0724813615,34513927,Nairobi,Pharmacy,2025-04-06,15,2.1,5590.0,1,2,0.08,0
DL-14848,Wairimu Stores,0712627389,19528399,Machakos,,2023-12-13,31,1.8,5730.0,1,2,0.33,0
DL-10407,Kiprop Supplies,0716730640,35472921,Kisumu,Mini mart,2025-04-06,15,1.2,2260.0,1,0,0.27,0
DL-11234,Achieng Stores,0759321034,36309823,Kiambu,Hardware,2023-09-14,34,1.1,7650.0,3,4,0.15,0
DL-10880,Barasa Shop,0770569348,15216872,Nakuru,General shop,2021-07-26,60,0.4,3420.0,1,0,0.6,0
DL-11518,Kiprop Mart,0765319563,39233239,Kiambu,Agrovet,2024-12-07,19,3.4,9690.0,1,1,0.41,0
DL-13960,Chebet Mini Mart,0797178337,29544474,Nairobi,General shop,2024-10-08,21,0.5,2730.0,0,0,0.5,0
DL-10202,Njeri Enterprises,0736503703,23157151,Kisumu,Mini mart,2025-07-05,12,2.3,,3,4,0.18,1
DL-10028,Kiprop Traders,0748738674,14556941,Nairobi,Mini mart,2025-11-02,8,0.2,8860.0,1,1,1.0,0
DL-14480,Auma Stores,0723060181,30124588,Uasin Gishu,General shop,2026-03-02,4,0.8,12690.0,2,0,0.33,0
DL-11766,Kamau Stores,0727317204,21123199,Nairobi,General shop,2025-05-06,14,0.6,8530.0,1,2,0.0,0
DL-12522,Mwangi Enterprises,0741829121,21872441,Nairobi,Pharmacy,2025-12-02,7,2.4,8220.0,0,0,0.65,0
DL-11752,Kamau Shop,0742888988,37353601,Kiambu,Pharmacy,2026-03-02,4,0.8,4760.0,3,1,0.0,0
DL-11312,Atieno Mini Mart,0733991362,29707313,Meru,General shop,2021-07-26,60,3.7,7150.0,6,9,0.23,0
DL-11364,Wanjiku Enterprises,0736948639,33018622,Kisumu,Electronics,2025-01-06,18,1.2,8720.0,0,0,0.13,0
DL-11479,Mutua Supplies,0728854276,11999917,Mombasa,General shop,2026-01-31,5,1.2,,2,0,0.33,1
DL-11274,Achieng Supplies,0769758481,13414049,Kisumu,General shop,2024-12-07,19,2.5,2060.0,2,5,0.33,1
DL-14439,Kamau Enterprises,0735796871,22985125,Nairobi,General shop,2025-04-06,15,0.2,4570.0,3,0,0.33,1
DL-14155,Mutua Enterprises,0747224758,38743394,Nairobi,General shop,2023-12-13,31,1.7,25020.0,2,1,0.1,0
DL-10911,Nyambura Shop,0774635597,37100943,Kiambu,,2025-01-06,18,0.9,10740.0,1,0,0.36,0
DL-14802,Chebet Shop,0786124439,21580025,Nakuru,Electronics,2024-07-10,24,2.8,9600.0,0,0,0.56,0
DL-12497,Mwangi Mart,0763660041,14970863,Kiambu,Mini mart,2026-01-31,5,0.4,,0,0,0.0,0
DL-12188,Wanjiku Shop,0759115358,22861179,Kiambu,Electronics,2025-09-03,10,1.5,2790.0,5,2,0.13,1
DL-14800,Barasa Shop,0745137340,19908708,Nairobi,General shop,2026-01-01,6,3.0,5580.0,2,3,0.39,0
DL-14958,Wanjiku Supplies,0719288928,22866356,Mombasa,Agrovet,2024-07-10,24,2.6,,5,6,0.39,0
DL-11090,Atieno Enterprises,0777349942,10981221,Meru,General shop,2025-01-06,18,0.4,13680.0,2,0,0.0,0
DL-12916,Nyambura Mini Mart,0755773551,17086832,Kiambu,Agrovet,2023-11-13,32,1.2,8380.0,1,3,0.53,0
DL-11308,Wanjiku Duka,0718105432,10443823,Nairobi,General shop,2025-03-07,16,0.3,4510.0,1,2,0.0,0
DL-12755,Nyambura Mini Mart,0781247005,39161557,Nairobi,General shop,2025-04-06,15,0.2,2690.0,1,0,0.67,0
DL-13803,Otieno Mini Mart,0756311100,18434729,Mombasa,General shop,2025-03-07,16,0.3,5940.0,1,0,0.25,0
DL-10964,Atieno Supplies,0766800325,36233905,Uasin Gishu,Pharmacy,2026-04-01,3,2.7,4420.0,1,1,0.12,0
DL-13202,Otieno Supplies,0752256620,38093250,Nairobi,Hardware,2025-03-07,16,0.3,7980.0,0,0,0.25,0
DL-10542,Njeri Mini Mart,0755509481,35990153,Machakos,Mini mart,2024-08-09,23,0.8,3460.0,1,0,0.33,0
DL-13661,Mutua Shop,0727209373,20041389,Kiambu,General shop,2025-06-05,13,3.6,6940.0,3,6,0.37,1
DL-10914,Mutua Traders,0734551182,39590704,Nakuru,General shop,2025-02-05,17,1.5,7190.0,4,3,0.11,0
DL-14233,Nyambura Supplies,0759755930,19543884,Nairobi,Mini mart,2025-02-05,17,2.1,6560.0,5,3,0.32,0
DL-13468,Wafula Mini Mart,0799414691,10600832,Nakuru,Mini mart,2025-10-03,9,1.2,5790.0,3,3,0.55,1
DL-12374,Achieng Mini Mart,0772725710,15517427,Kisumu,Agrovet,2023-07-16,36,0.7,9150.0,1,2,0.38,0
DL-14109,Atieno Duka,0787264404,25491646,Kiambu,Mini mart,2025-08-04,11,0.7,2040.0,1,2,0.25,0
DL-10458,Otieno Traders,0758403888,17063457,Nairobi,Mini mart,2024-06-10,25,2.5,2790.0,6,6,0.17,1
DL-11968,Kiprop Stores,0763906272,36267312,Mombasa,General shop,2025-12-02,7,0.4,2940.0,2,0,0.33,1
DL-14479,Kamau Mart,0750868789,38301381,Nairobi,Pharmacy,2025-02-05,17,2.3,7740.0,1,1,0.18,0
DL-14655,Auma Stores,0733523486,13030234,Nairobi,Hardware,2025-07-05,12,3.8,6100.0,2,9,0.46,1
DL-13729,Auma Supplies,0792995441,33578839,Kiambu,General shop,2024-08-09,23,2.3,3200.0,4,6,0.39,1
DL-11655,Barasa Supplies,0796849507,27937547,Mombasa,General shop,2024-07-10,24,3.2,3020.0,2,1,0.34,0
DL-14696,Kamau Enterprises,0746795873,39757989,Meru,Mini mart,2025-10-03,9,2.7,3930.0,0,2,0.38,0
DL-13637,Nyambura Enterprises,0797031797,25805646,Nairobi,Mini mart,2025-01-06,18,2.3,10370.0,4,6,0.46,1
DL-14710,Njeri Supplies,0766784604,32592857,Nairobi,General shop,2022-06-21,49,2.7,5370.0,4,4,0.06,0
DL-12972,Wanjiku Supplies,0744409660,15638707,Mombasa,Electronics,2025-07-05,12,0.4,2270.0,0,0,0.2,0
DL-14321,Kamau Mini Mart,0739909562,19693334,Uasin Gishu,General shop,2024-05-11,26,0.3,5070.0,1,0,0.75,0
DL-12434,Nyambura Enterprises,0713718841,25641996,Nairobi,Mini mart,2024-08-09,23,0.9,3210.0,0,2,0.18,0
DL-14544,Chebet Traders,0736277489,14303028,Nakuru,Mini mart,2024-09-08,22,2.2,5190.0,0,0,0.11,0
DL-12815,Achieng Stores,0711126159,10893287,Nairobi,Hardware,2023-08-15,35,2.0,5330.0,2,0,0.12,0
DL-12212,Wafula Shop,0785075178,20156468,Kiambu,Mini mart,2025-02-05,17,3.3,9650.0,2,4,0.38,1
DL-14757,Njeri Shop,0742249984,23577509,Nairobi,Pharmacy,2025-04-06,15,2.4,,1,2,0.21,0
DL-12697,Barasa Supplies,0718581741,35310084,Nakuru,Agrovet,2025-12-02,7,0.6,4500.0,1,0,1.0,1
DL-11796,Omondi Mart,0755415390,16479798,Nairobi,Mini mart,2025-09-03,10,0.2,13080.0,2,0,0.5,0
DL-12488,Chebet Supplies,0790275655,31981105,Nakuru,Mini mart,2024-08-09,23,1.2,5950.0,1,2,0.43,0
DL-14808,Auma Supplies,0782343689,30478827,Machakos,Hardware,2025-01-06,18,1.3,9580.0,2,2,0.5,0
DL-14500,Achieng Supplies,0777385863,19273345,Kiambu,General shop,2025-12-02,7,0.6,6250.0,1,0,0.25,0
DL-13026,Otieno Mart,0726852278,23717427,Nairobi,General shop,2025-12-02,7,1.6,8050.0,0,1,0.09,0
DL-13560,Wairimu Enterprises,0710272591,39926219,Meru,Mini mart,2025-07-05,12,1.3,7950.0,0,2,0.56,0
DL-14172,Wafula Mart,0798186745,14868076,Machakos,Mini mart,2022-02-21,53,0.4,9310.0,1,1,0.2,0
DL-12719,Mwangi Mini Mart,0724688004,18079933,Meru,General shop,2022-06-21,49,1.0,3180.0,1,0,0.58,0
DL-14301,Kiprop Enterprises,0791957826,33929718,Nairobi,Electronics,2024-11-07,20,0.2,6040.0,0,0,0.33,0
DL-13945,Achieng Mart,0771539108,25861094,Mombasa,Hardware,2025-10-03,9,0.9,8290.0,5,4,0.38,1
DL-14114,Otieno Shop,0779540188,22299828,Nakuru,General shop,2025-03-07,16,1.6,5020.0,4,4,0.16,1
DL-13378,Mutua Stores,0770367657,27126067,Uasin Gishu,Pharmacy,2023-08-15,35,0.4,5350.0,0,0,0.0,0
DL-12688,Achieng Traders,0766777233,20186842,Kiambu,Hardware,2025-09-03,10,3.9,8760.0,2,3,0.72,0
DL-12181,Achieng Mini Mart,0777239418,37883354,Nairobi,Hardware,2026-03-02,4,1.2,8840.0,0,0,0.2,0
DL-11440,Wafula Duka,0775735523,12044806,Nairobi,Mini mart,2025-02-05,17,0.4,8570.0,3,0,0.2,0
DL-14829,Mwangi Mart,0728677383,13129530,Nairobi,Pharmacy,2025-05-06,14,1.3,4850.0,1,2,0.0,0
DL-10278,Wafula Stores,0729514896,31350575,Kiambu,General shop,2024-10-08,21,2.1,5990.0,1,3,0.52,0
DL-13528,Kamau Mart,0711082276,11482867,Uasin Gishu,Pharmacy,2023-10-14,33,0.8,10370.0,5,2,0.0,0
DL-11678,Nyambura Duka,0710590410,24337324,Machakos,General shop,2022-03-23,52,0.2,12620.0,0,0,0.0,0
DL-10692,Achieng Stores,0789207378,37576725,Kisumu,Mini mart,2025-01-06,18,0.4,4090.0,1,1,0.2,0
DL-11920,Atieno Duka,0748309324,27590409,Machakos,Mini mart,2024-10-08,21,2.2,5300.0,5,6,0.0,1
DL-11169,Mwangi Enterprises,0799558725,33875114,Nairobi,Electronics,2021-07-26,60,0.8,4130.0,1,2,0.3,0
DL-14635,Nyambura Mart,0795242179,32816229,Meru,General shop,2025-05-06,14,0.7,7460.0,0,1,0.12,0
DL-12564,Nyambura Traders,0742688995,13746129,Kiambu,General shop,2022-10-19,45,0.3,6150.0,1,0,0.0,0
DL-11463,Auma Stores,0747042789,34746287,Nakuru,Electronics,2025-06-05,13,2.4,8910.0,5,10,0.21,1
DL-12032,Kamau Duka,0780453142,19604623,Kisumu,Pharmacy,2024-06-10,25,0.9,6610.0,2,3,0.36,1
DL-12421,Wairimu Traders,0737625679,12091435,Kisumu,Pharmacy,2025-08-04,11,0.7,3770.0,2,3,0.0,0
DL-13019,Nyambura Mart,0759816217,24089379,Nairobi,Hardware,2025-05-06,14,4.5,11980.0,2,2,0.56,0
DL-13193,Kamau Stores,0786760073,16148236,Nairobi,General shop,2025-05-06,14,0.4,5100.0,1,0,0.0,0
DL-11417,Barasa Shop,0761333750,25393871,Nairobi,General shop,2025-11-02,8,0.6,5940.0,0,0,0.4,0
DL-12453,Chebet Stores,0754086696,18959479,Nairobi,Electronics,2026-01-31,5,0.2,13540.0,0,0,0.0,1
DL-12496,Auma Enterprises,0765515697,27451978,Nairobi,Pharmacy,2024-03-12,28,1.4,3460.0,4,4,0.29,1
DL-13631,Kamau Mini Mart,0711487485,26626315,Mombasa,Mini mart,2022-11-18,44,1.5,8390.0,2,0,0.44,0
DL-13657,Otieno Supplies,0752849089,23634264,Kiambu,Mini mart,2025-12-02,7,2.1,3500.0,0,1,0.33,0
DL-11993,Mutua Mini Mart,0749037660,25773251,Kisumu,Pharmacy,2022-12-18,43,0.5,7950.0,1,1,0.17,0
DL-12242,Wairimu Traders,0754272418,33503231,Nairobi,Agrovet,2024-06-10,25,0.8,5090.0,3,1,0.2,0
DL-14310,Otieno Supplies,0732696240,24424445,Nairobi,General shop,2026-01-01,6,3.2,4310.0,1,1,0.53,0
DL-14178,Mutua Shop,0719312988,26292031,Kiambu,General shop,2025-10-03,9,1.4,11170.0,3,2,0.23,1
DL-10588,Chebet Supplies,0794102998,27256074,Nairobi,Agrovet,2026-03-02,4,0.2,1700.0,1,0,0.0,0
DL-11679,Chebet Mart,0736238397,39081937,Kisumu,General shop,2025-03-07,16,0.2,4390.0,1,0,0.0,0
DL-12684,Kiprop Traders,0732380708,28795356,Uasin Gishu,Pharmacy,2023-08-15,35,3.8,4160.0,2,1,0.37,0
DL-12813,Wafula Shop,0788020387,16098502,Nairobi,Hardware,2025-07-05,12,2.0,71180.0,2,1,0.17,0
DL-10478,Chebet Duka,0787115508,22630496,Nairobi,Mini mart,2024-08-09,23,1.8,14100.0,2,5,0.41,1
DL-14890,Chebet Supplies,0741082423,24167489,Nairobi,Electronics,2024-02-11,29,1.3,9280.0,1,1,0.38,0
DL-10587,Nyambura Mini Mart,0748550443,36185119,Machakos,Agrovet,2025-12-02,7,0.9,3430.0,2,2,0.17,0
DL-12909,Kamau Stores,0770670236,37334204,Kiambu,Mini mart,2024-12-07,19,0.8,6020.0,3,4,0.33,1
DL-11830,Chebet Supplies,0733509417,23254009,Nairobi,Mini mart,2024-11-07,20,1.1,6520.0,2,2,0.31,0
DL-11727,Njeri Stores,0793262692,16053056,Mombasa,Pharmacy,2023-08-15,35,0.8,3130.0,1,0,0.3,0
DL-12422,Atieno Traders,0770257069,13256317,Kisumu,Hardware,2026-03-02,4,4.8,10840.0,1,2,0.37,0
DL-11005,Auma Shop,0772965259,25442671,Nakuru,Agrovet,2026-05-31,1,5.0,2780.0,1,0,0.4,0
DL-14586,Barasa Stores,0758319995,20153927,Mombasa,General shop,2025-09-03,10,0.3,3090.0,1,0,0.0,0
DL-13374,Wairimu Duka,0718011192,38770952,Machakos,Mini mart,2025-02-05,17,1.1,4810.0,3,1,0.15,0
DL-10392,Chebet Traders,0767659929,22879639,Nakuru,General shop,2025-12-02,7,1.4,3820.0,1,2,0.5,1
DL-10317,Njeri Supplies,0740694546,39942732,Nakuru,Hardware,2025-12-02,7,1.3,7400.0,1,1,0.11,0
DL-11970,Barasa Duka,0798174458,16769914,Kiambu,Electronics,2026-03-02,4,1.2,9140.0,2,1,0.4,0
DL-11373,Wafula Supplies,0766367304,31087905,Machakos,Electronics,2024-06-10,25,1.1,4730.0,0,0,0.23,0
DL-11801,Auma Shop,0722238938,32211496,Nairobi,General shop,2025-11-02,8,0.1,3280.0,1,0,1.0,0
DL-11354,Achieng Traders,0740701523,37555072,Nairobi,Electronics,2025-07-05,12,0.8,2540.0,1,3,0.0,0
DL-14675,Njeri Duka,0740807532,30556456,Machakos,Electronics,2025-01-06,18,0.9,8260.0,0,1,0.82,0
DL-11680,Atieno Duka,0791483988,33628574,Kiambu,Mini mart,2025-02-05,17,0.3,2930.0,1,2,0.0,0
DL-11489,Kiprop Enterprises,0760586650,26038104,Uasin Gishu,Electronics,2026-03-02,4,1.0,17110.0,0,0,0.25,0
DL-13947,Chebet Mini Mart,0794532248,39550392,Mombasa,Mini mart,2026-03-02,4,3.5,152280.0,2,2,0.07,1
DL-12633,Nyambura Supplies,0789167774,30893682,Nairobi,General shop,2025-12-02,7,2.0,10150.0,0,3,0.14,0
DL-12425,Kamau Traders,0712313177,32971309,Nairobi,Electronics,2025-11-02,8,1.9,3430.0,6,6,0.4,1
DL-13345,Wairimu Supplies,0792054816,32924586,Kiambu,General shop,2025-12-02,7,0.9,5570.0,1,0,0.83,0
DL-13668,Kamau Mini Mart,0742692983,23040250,Kisumu,General shop,2025-07-05,12,2.5,3670.0,4,9,0.37,1
DL-13796,Omondi Mart,0784669464,28027919,Nakuru,Mini mart,2025-05-06,14,1.3,7090.0,2,2,0.0,0
DL-11360,Barasa Enterprises,0714522034,29439213,Mombasa,General shop,2023-08-15,35,1.8,12120.0,5,2,0.48,0
DL-14174,Mutua Traders,0783683501,16342320,Mombasa,Mini mart,2025-10-03,9,0.9,12420.0,3,2,0.25,0
DL-11631,Wafula Duka,0736381049,27653330,Nairobi,General shop,2023-09-14,34,4.9,8030.0,1,2,0.07,0
DL-13218,Chebet Traders,0785493911,23210429,Nairobi,General shop,2025-01-06,18,0.2,5040.0,0,1,1.0,0
DL-10149,Omondi Mini Mart,0717239531,36047157,Uasin Gishu,Pharmacy,2025-05-06,14,0.8,23730.0,1,0,0.1,0
DL-14339,Chebet Shop,0796236094,37617964,Mombasa,Mini mart,2023-07-16,36,3.5,5470.0,0,0,0.24,0
DL-14402,Achieng Stores,0760238423,32064043,Mombasa,General shop,2024-07-10,24,2.3,2260.0,0,0,0.32,0
DL-12115,Auma Supplies,0753329058,37364758,Mombasa,Mini mart,2026-04-01,3,0.7,1860.0,2,0,0.0,0
DL-14713,Njeri Traders,0766844958,28245125,Uasin Gishu,General shop,2026-03-02,4,0.2,9440.0,0,0,0.0,0
DL-13532,Njeri Shop,0712090645,14297181,Nairobi,Mini mart,2025-03-07,16,1.8,9270.0,0,0,0.29,0
DL-11943,Nyambura Traders,0791570235,36293591,Machakos,Pharmacy,2025-09-03,10,0.7,11180.0,0,1,0.29,1
DL-11477,Kiprop Mart,0788252331,27981921,Mombasa,Pharmacy,2025-03-07,16,1.2,10520.0,1,1,0.07,0
DL-12119,Kiprop Enterprises,0773126785,37011140,Kisumu,Pharmacy,2025-09-03,10,0.2,4040.0,1,1,0.5,0
DL-12429,Omondi Stores,0757180875,14375058,Mombasa,Mini mart,2025-12-02,7,0.6,2340.0,0,2,0.0,1
DL-11530,Atieno Duka,0771321429,20784590,Kiambu,Pharmacy,2025-11-02,8,1.0,3140.0,2,2,0.25,1
DL-13698,Mwangi Shop,0774330577,32652460,Nairobi,General shop,2024-12-07,19,0.8,3820.0,0,0,0.33,0
DL-11079,Chebet Mini Mart,0740213416,19772558,Machakos,Mini mart,2024-06-10,25,1.3,5050.0,1,2,0.0,0
DL-12890,Wairimu Enterprises,0728311294,23791204,Uasin Gishu,Mini mart,2025-12-02,7,1.6,5700.0,6,2,0.36,1
DL-11455,Kamau Traders,0726001233,10560879,Nairobi,Electronics,2023-02-16,41,1.0,6060.0,0,1,0.0,0
DL-13542,Mutua Mini Mart,0782324214,33723474,Nairobi,Hardware,2024-06-10,25,1.9,6100.0,1,1,0.35,0
DL-14673,Nyambura Stores,0790862648,19270402,Kiambu,Hardware,2021-07-26,60,2.0,7170.0,3,3,0.42,0
DL-12764,Auma Enterprises,0732713902,28255868,Machakos,Mini mart,2024-06-10,25,1.7,6900.0,1,1,0.25,0
DL-10731,Njeri Enterprises,0723566775,23288652,Kisumu,General shop,2025-02-05,17,0.9,13950.0,1,0,0.82,0
DL-14261,Achieng Mart,0735427124,25914586,Nairobi,Hardware,2025-06-05,13,1.5,5230.0,3,5,0.11,0
DL-12123,Auma Supplies,0728452104,11086024,Kiambu,General shop,2024-09-08,22,1.7,2540.0,2,0,0.0,0
DL-11047,Auma Supplies,0743202701,23640089,Meru,Electronics,2023-12-13,31,1.8,10210.0,3,1,0.1,0
DL-11496,Chebet Shop,0779322949,25989033,Nairobi,Agrovet,2023-10-14,33,1.1,3490.0,5,2,0.69,0
DL-12797,Omondi Enterprises,0774317274,23002264,Kiambu,Pharmacy,2024-11-07,20,1.0,13460.0,0,0,0.0,0
DL-13856,Mutua Supplies,0739021313,17829746,Mombasa,General shop,2025-05-06,14,3.8,11220.0,1,1,0.38,0
DL-11132,Auma Mini Mart,0723659853,29446496,Meru,Pharmacy,2023-11-13,32,1.8,8700.0,2,2,0.32,0
DL-12498,Kiprop Traders,0737479952,28345866,Kisumu,Pharmacy,2025-02-05,17,0.6,5350.0,3,3,0.71,1
DL-10059,Barasa Mini Mart,0730009685,24223515,Mombasa,Mini mart,2025-12-02,7,1.0,6660.0,2,1,0.57,0
DL-14679,Nyambura Supplies,0731447285,29397978,Mombasa,Pharmacy,2024-05-11,26,1.6,5240.0,1,1,0.21,0
DL-12887,Mwangi Traders,0767480216,15213732,Nairobi,Mini mart,2025-10-03,9,1.2,3720.0,3,2,0.09,0
DL-14925,Otieno Supplies,0741781033,15025631,Machakos,General shop,2024-11-07,20,0.8,10660.0,0,0,0.1,0
DL-14206,Otieno Stores,0776314022,12461231,Mombasa,Agrovet,2023-03-18,40,0.5,6100.0,1,0,0.5,0
DL-14862,Mwangi Duka,0733314510,23678995,Mombasa,Mini mart,2024-07-10,24,1.2,19990.0,0,0,0.36,0
DL-12135,Wanjiku Mart,0726049577,12722496,Nairobi,General shop,2025-05-06,14,0.9,7010.0,0,1,0.18,0
DL-10370,Achieng Shop,0777014314,30668208,Kiambu,Electronics,2024-07-10,24,4.4,7830.0,6,7,0.21,0
DL-10404,Kamau Duka,0739287271,20809496,Machakos,Mini mart,2025-11-02,8,1.8,6890.0,0,1,0.43,0
DL-11241,Omondi Enterprises,0761564405,34344875,Kisumu,General shop,2023-12-13,31,0.8,7890.0,0,1,0.78,0
DL-14119,Barasa Mini Mart,0767410742,33105186,Uasin Gishu,Electronics,2021-07-26,60,3.6,9330.0,2,2,0.56,0
DL-13716,Achieng Shop,0784021049,20986835,Machakos,General shop,2025-03-07,16,0.4,8970.0,1,1,0.6,0
DL-11625,Auma Enterprises,0776579462,37590532,Mombasa,General shop,2026-01-01,6,0.2,1970.0,0,1,1.0,0
DL-11555,Wanjiku Shop,0798187246,20897566,Nakuru,Mini mart,2023-09-14,34,1.2,7910.0,1,3,0.43,0
DL-13764,Kamau Stores,0728099786,37379521,Nakuru,Pharmacy,2022-11-18,44,1.8,2900.0,0,3,0.62,0
DL-14785,Kamau Traders,0743948768,14285924,Nairobi,General shop,2024-11-07,20,2.0,9680.0,1,6,0.17,1
DL-12474,Omondi Traders,0777831863,39195783,Machakos,Agrovet,2025-07-05,12,0.4,5040.0,0,2,0.4,0
DL-13517,Wafula Duka,0739961346,27770013,Uasin Gishu,General shop,2025-08-04,11,2.0,2460.0,1,1,0.45,0
DL-12530,Kiprop Mart,0764577675,24528767,Nairobi,General shop,2024-01-12,30,0.8,8600.0,0,0,0.2,0
DL-13389,Nyambura Traders,0734752627,20786363,Machakos,Mini mart,2025-04-06,15,0.2,21040.0,0,0,0.33,0
DL-13527,Mutua Stores,0737141804,34084711,Nairobi,Electronics,2024-10-08,21,0.8,5500.0,1,0,0.0,0
DL-14486,Njeri Duka,0725250911,37326043,Kiambu,Hardware,2022-11-18,44,1.5,4440.0,2,0,0.33,0
DL-11460,Achieng Traders,0750872013,14564283,Nairobi,General shop,2024-08-09,23,1.5,13710.0,3,1,0.33,0
DL-14359,Otieno Mart,0787917712,15363680,Mombasa,Mini mart,2025-02-05,17,0.7,3560.0,1,0,0.0,0
DL-11769,Auma Duka,0790483059,28112886,Nairobi,General shop,2026-01-01,6,0.2,4200.0,0,0,0.0,0
DL-10597,Otieno Duka,0740569772,13141575,Machakos,General shop,2024-03-12,28,0.8,8100.0,1,1,0.5,0
DL-12334,Njeri Mart,0775952922,24694016,Nakuru,General shop,2025-09-03,10,0.3,10610.0,0,3,0.0,0
DL-13148,Barasa Duka,0777679996,14937621,Kiambu,Agrovet,2025-03-07,16,0.7,4440.0,1,0,0.0,0
DL-10464,Barasa Enterprises,0727477475,32137479,Uasin Gishu,General shop,2025-04-06,15,2.2,6220.0,0,0,0.31,0
DL-11876,Wafula Shop,0733169944,38986981,Kiambu,Mini mart,2025-11-02,8,0.1,5860.0,1,0,1.0,1
DL-11619,Mutua Duka,0719285570,10872162,Machakos,Hardware,2022-10-19,45,2.1,5720.0,2,7,0.52,1
DL-12705,Nyambura Supplies,0797418493,36608511,Machakos,Hardware,2024-04-11,27,2.8,,1,1,0.03,0
DL-10901,Achieng Mini Mart,0789869490,36197752,Meru,General shop,2025-02-05,17,0.4,9700.0,0,2,0.0,1
DL-14748,Wairimu Mini Mart,0750593162,20702843,Nairobi,Mini mart,2025-09-03,10,0.6,5310.0,2,1,0.17,0
DL-12072,Mutua Shop,0773727876,34800337,Nairobi,Mini mart,2025-10-03,9,3.1,11990.0,4,8,0.11,1
DL-14098,Nyambura Mini Mart,0784660762,38249882,Nairobi,General shop,2024-11-07,20,1.0,5700.0,0,2,0.08,0
DL-14399,Kamau Stores,0736951812,10760375,Uasin Gishu,Hardware,2023-02-16,41,0.8,2340.0,0,0,0.11,0
DL-14264,Njeri Shop,0715625865,12515854,Nakuru,Electronics,2025-07-05,12,0.4,4230.0,0,0,0.0,0
DL-12287,Wairimu Stores,0728962862,22793584,Nakuru,Pharmacy,2025-06-05,13,3.5,5010.0,1,1,0.62,0
DL-13014,Achieng Shop,0736229161,39117435,Meru,Agrovet,2024-02-11,29,0.8,14480.0,3,2,0.44,0
DL-13932,Mwangi Mini Mart,0740410856,27359677,Kiambu,Electronics,2021-11-23,56,2.0,6040.0,0,2,0.38,0
DL-13403,Achieng Supplies,0776012738,29867317,Nairobi,General shop,2025-05-06,14,1.2,8570.0,4,6,0.0,1
DL-14138,Nyambura Supplies,0759073001,30722298,Kisumu,Pharmacy,2026-01-31,5,3.2,9140.0,3,9,0.25,0
DL-10000,Auma Supplies,0755117916,26394352,Nakuru,Hardware,2024-10-08,21,0.8,3020.0,2,2,0.3,0
DL-13276,Wairimu Mart,0748777104,31871730,Mombasa,Mini mart,2025-07-05,12,0.1,,0,0,0.0,0
DL-12355,Wairimu Shop,0787343357,27594417,Nairobi,General shop,2025-06-05,13,1.7,7030.0,1,2,0.3,0
DL-13520,Nyambura Supplies,0783031211,33850741,Nairobi,General shop,2025-05-06,14,0.5,,0,0,0.17,0
DL-14608,Kiprop Traders,0778510238,14689416,Nairobi,General shop,2024-02-11,29,3.6,6970.0,1,3,0.51,0
DL-13570,Mwangi Stores,0712515226,32121482,Kisumu,Electronics,2024-03-12,28,0.4,7170.0,2,1,0.0,0
DL-11153,Nyambura Duka,0765050469,12094105,Nairobi,General shop,2024-11-07,20,0.6,2490.0,2,1,1.0,0
DL-14242,Otieno Stores,0768922726,36080136,Nairobi,Mini mart,2025-01-06,18,0.2,5770.0,2,0,0.5,0
DL-14249,Chebet Traders,0773798562,29908984,Nairobi,,2024-10-08,21,0.4,12370.0,1,1,0.0,0
DL-10398,Barasa Shop,0756121816,12842260,Nairobi,Mini mart,2025-12-02,7,0.4,,2,1,0.0,0
DL-13058,Kiprop Enterprises,0791415171,36584154,Meru,Mini mart,2024-03-12,28,1.3,1860.0,2,2,0.5,0
DL-12904,Wafula Shop,0724629683,13658443,Nakuru,Electronics,2024-12-07,19,2.7,6670.0,2,3,0.06,0
DL-11726,Njeri Traders,0796803504,11883985,Nairobi,General shop,2026-05-01,2,1.5,6280.0,1,1,0.0,0
DL-14568,Barasa Enterprises,0795951410,26036815,Meru,Mini mart,2024-11-07,20,1.3,4610.0,1,0,0.25,0
DL-13941,Njeri Shop,0711009019,37136326,Nakuru,Hardware,2021-07-26,60,0.2,3020.0,1,0,0.0,0
DL-14766,Kamau Duka,0716179769,10114205,Nakuru,Pharmacy,2023-04-17,39,2.6,2900.0,3,5,0.42,1
DL-12376,Mutua Shop,0792334759,38085899,Nairobi,Mini mart,2026-03-02,4,0.2,3860.0,0,0,1.0,1
DL-11720,Wafula Traders,0753156439,17090344,Kiambu,General shop,2024-07-10,24,0.6,1490.0,4,1,0.14,1
DL-10902,Mwangi Mini Mart,0782493775,17322870,Nairobi,Mini mart,2025-07-05,12,2.7,4460.0,0,3,0.06,0
DL-11333,Nyambura Duka,0788026126,22866244,Mombasa,General shop,2025-12-02,7,0.6,4950.0,0,1,0.25,0
DL-13100,Kamau Mart,0716462530,29042636,Kisumu,General shop,2023-12-13,31,1.2,4360.0,2,0,0.21,0
DL-14416,Otieno Mini Mart,0768024567,38786863,Nakuru,Mini mart,2024-01-12,30,1.1,23450.0,0,0,0.23,0
DL-14860,Wairimu Stores,0792844787,37804027,Nairobi,General shop,2026-04-01,3,0.3,10480.0,0,0,0.0,1
DL-10991,Auma Traders,0791447523,11324220,Nairobi,Hardware,2021-07-26,60,1.9,3660.0,1,2,0.74,0
DL-13956,Chebet Traders,0723981550,31449200,Machakos,General shop,2023-05-17,38,0.9,2090.0,0,0,0.73,0
DL-13739,Kiprop Enterprises,0738234778,32656264,Nairobi,,2025-10-03,9,0.6,7790.0,0,1,0.2,1
DL-14016,Kiprop Duka,0753161689,16928206,Nakuru,,2025-12-02,7,0.7,,0,2,0.2,0
DL-11776,Wairimu Stores,0762833789,31048520,Nakuru,Mini mart,2024-12-07,19,2.2,10100.0,1,0,0.46,0
DL-12795,Otieno Enterprises,0773702685,29888759,Nairobi,General shop,2025-03-07,16,0.9,5160.0,1,0,0.45,0
DL-11912,Chebet Duka,0789852346,38112142,Meru,Agrovet,2024-06-10,25,0.6,2830.0,1,1,0.14,0
DL-14252,Chebet Traders,0728531478,27081989,Meru,Electronics,2023-06-16,37,0.2,6690.0,1,1,0.33,1
DL-13680,Mutua Enterprises,0759707835,28248194,Kiambu,General shop,2025-04-06,15,0.4,3760.0,0,1,0.2,0
DL-11831,Wairimu Duka,0742885018,22108048,Nairobi,General shop,2024-08-09,23,0.6,,2,2,0.71,0
DL-13485,Mutua Duka,0734508776,12901954,Uasin Gishu,General shop,2024-04-11,27,1.1,5770.0,2,1,0.46,0
DL-12010,Mutua Shop,0792819752,13026531,Machakos,Hardware,2024-01-12,30,0.7,8050.0,2,2,0.12,0
DL-11976,Kamau Mini Mart,0772048918,21133365,Mombasa,,2025-06-05,13,1.7,3220.0,1,2,0.2,1
DL-13406,Omondi Stores,0766278823,19542784,Kiambu,Agrovet,2024-10-08,21,1.4,9730.0,2,2,0.0,0
DL-11244,Wafula Stores,0750878484,35552548,Machakos,Mini mart,2025-01-06,18,1.1,9900.0,2,1,0.0,0
DL-10711,Otieno Supplies,0733485404,18273484,Nairobi,General shop,2023-02-16,41,0.2,4670.0,0,0,0.5,0
DL-10371,Atieno Stores,0774951733,15081074,Nakuru,General shop,2024-11-07,20,1.0,6740.0,2,1,0.5,0
DL-12559,Nyambura Shop,0777734023,23150659,Meru,General shop,2024-09-08,22,0.2,11420.0,1,0,0.0,0
DL-12459,Njeri Mini Mart,0728473218,22313129,Machakos,General shop,2024-11-07,20,0.5,2830.0,0,0,0.0,0
DL-12501,Omondi Shop,0737222949,13036384,Kisumu,General shop,2024-01-12,30,0.9,7500.0,1,0,0.0,0
DL-13244,Atieno Enterprises,0760543186,37075288,Nairobi,Mini mart,2025-09-03,10,0.6,5580.0,1,1,0.33,1
DL-11092,Atieno Duka,0789412445,11015091,Nairobi,General shop,2025-07-05,12,0.8,1770.0,0,1,0.67,0
DL-14165,Chebet Stores,0778272904,34935415,Kiambu,Mini mart,2025-02-05,17,0.2,1180.0,0,0,0.0,0
DL-11646,Chebet Enterprises,0782999588,28904099,Mombasa,Electronics,2024-03-12,28,1.9,4000.0,6,3,0.22,0
DL-12918,Atieno Shop,0730743565,38423371,Kiambu,Agrovet,2023-10-14,33,2.7,3180.0,4,3,0.62,0
DL-11136,Achieng Supplies,0737007461,13663836,Nairobi,Mini mart,2021-07-26,60,0.9,8060.0,1,2,0.45,0
DL-11513,Omondi Shop,0724368217,13922222,Uasin Gishu,General shop,2025-03-07,16,0.5,6030.0,1,1,0.0,0
DL-14676,Auma Duka,0725418523,20507710,Kiambu,Hardware,2025-11-02,8,1.5,21440.0,2,0,0.42,0
DL-10122,Wafula Shop,0733825260,34538197,Kisumu,Hardware,2026-04-01,3,2.7,5150.0,5,3,0.38,0
DL-11681,Njeri Supplies,0740822789,11298959,Meru,General shop,2026-03-02,4,1.2,11930.0,0,2,0.2,0
DL-14035,Kamau Shop,0793485993,10043765,Nakuru,Hardware,2023-10-14,33,3.7,5150.0,3,2,0.32,0
DL-10025,Kiprop Duka,0797890917,26924734,Nairobi,Pharmacy,2026-03-02,4,0.5,7330.0,2,0,0.5,1
DL-14640,Atieno Mini Mart,0748322386,14581925,Nakuru,Agrovet,2022-08-20,47,0.9,6750.0,1,1,0.36,0
DL-11351,Wanjiku Duka,0721480795,38141827,Mombasa,General shop,2025-04-06,15,2.3,4200.0,1,1,0.54,0
DL-11057,Barasa Mart,0761376568,34577321,Nairobi,Agrovet,2025-06-05,13,0.3,7010.0,2,1,0.25,0
DL-10973,Mwangi Mini Mart,0716237140,10943189,Nairobi,Electronics,2025-05-06,14,1.7,6400.0,3,4,0.1,1
DL-11882,Barasa Supplies,0794351121,17481407,Mombasa,General shop,2025-07-05,12,1.3,6280.0,0,2,0.31,0
DL-12370,Wanjiku Mini Mart,0730540014,17561771,Kiambu,Mini mart,2024-12-07,19,0.8,10810.0,3,2,0.78,1
DL-14667,Auma Traders,0782715270,15958252,Kiambu,Agrovet,2024-11-07,20,1.1,9170.0,2,1,0.38,0
DL-13257,Barasa Mart,0782916927,39968606,Nairobi,Mini mart,2026-01-31,5,2.0,4340.0,4,3,0.5,1
DL-11211,Omondi Enterprises,0794985510,15373097,Machakos,Hardware,2025-08-04,11,5.8,5450.0,4,5,0.03,0
DL-12379,Chebet Stores,0722920868,24613624,Kiambu,General shop,2024-05-11,26,1.4,3830.0,2,2,0.18,1
DL-11083,Mutua Mini Mart,0751192044,22996972,Kiambu,Mini mart,2021-11-23,56,0.2,8390.0,0,0,0.0,0
DL-11710,Auma Traders,0777937653,19427376,Nairobi,General shop,2023-09-14,34,0.6,,1,2,0.57,0
DL-12715,Nyambura Stores,0787466740,35744926,Mombasa,General shop,2023-07-16,36,2.7,7920.0,2,0,0.34,0
DL-12333,Barasa Mini Mart,0726360869,29693551,Mombasa,Mini mart,2025-09-03,10,1.1,4630.0,2,4,0.18,0
DL-11658,Atieno Shop,0724971623,12766321,Nakuru,Agrovet,2024-03-12,28,1.2,13800.0,2,3,0.6,0
DL-10871,Wafula Stores,0764021139,16696385,Machakos,Pharmacy,2025-09-03,10,1.3,4110.0,2,1,0.54,1
DL-10805,Otieno Duka,0714069760,12363932,Kiambu,Hardware,2025-02-05,17,0.7,6350.0,2,0,0.0,0
DL-11886,Nyambura Traders,0720870600,33899718,Mombasa,Pharmacy,2025-03-07,16,3.5,5370.0,5,7,0.05,0
DL-12898,Atieno Traders,0787245059,35839892,Nakuru,General shop,2022-03-23,52,0.2,7270.0,0,0,0.67,0
DL-12965,Njeri Mart,0711149882,24787631,Kiambu,General shop,2023-06-16,37,1.6,4510.0,1,2,0.21,0
DL-11626,Njeri Stores,0712906571,15954207,Kiambu,General shop,2026-05-01,2,1.0,3400.0,2,0,0.5,0
DL-11379,Mwangi Enterprises,0789490587,20408935,Nairobi,Mini mart,2023-09-14,34,3.5,5150.0,1,2,0.4,0
DL-13258,Omondi Duka,0732126125,10626369,Uasin Gishu,General shop,2026-01-01,6,2.7,9870.0,2,2,0.19,1
DL-12539,Wairimu Mart,0714145875,32595045,Machakos,Pharmacy,2023-09-14,34,0.2,3400.0,0,0,0.33,0
DL-11617,Wafula Supplies,0757580792,17801212,Machakos,Pharmacy,2025-06-05,13,3.5,3340.0,4,7,0.26,1
DL-14240,Auma Mart,0783757635,37037403,Nairobi,Hardware,2023-12-13,31,0.2,5160.0,2,0,0.0,0
DL-10357,Achieng Mini Mart,0795266217,11349710,Nairobi,General shop,2025-11-02,8,1.6,6560.0,1,1,0.31,0
DL-10422,Kiprop Enterprises,0760352096,31736347,Nakuru,Hardware,2025-06-05,13,0.8,6940.0,1,0,0.22,0
DL-10250,Omondi Supplies,0743896730,21080373,Nairobi,General shop,2025-06-05,13,0.5,9100.0,0,0,0.0,0
DL-11481,Njeri Enterprises,0748246554,14268411,Nairobi,General shop,2022-10-19,45,1.7,11570.0,2,1,0.05,0
DL-12513,Chebet Stores,0748336160,13237065,Nairobi,Mini mart,2023-03-18,40,1.6,5820.0,0,1,0.05,0
DL-13800,Mwangi Duka,0738955625,23790608,Kiambu,General shop,2025-06-05,13,1.6,3890.0,2,5,0.26,1
DL-14840,Wanjiku Enterprises,0713945778,16455505,Uasin Gishu,Pharmacy,2021-07-26,60,1.4,3730.0,6,2,0.18,0
DL-11115,Wafula Duka,0782518242,35887487,Machakos,Pharmacy,2024-04-11,27,3.2,2900.0,2,0,0.28,0
DL-14012,Wanjiku Duka,0729886732,10893301,Kiambu,General shop,2023-03-18,40,2.0,4450.0,2,1,0.08,0
DL-14336,Wairimu Stores,0730448687,16343555,Nairobi,Electronics,2025-05-06,14,3.2,5770.0,7,9,0.32,1
DL-10302,Auma Shop,0738226417,24069949,Kiambu,Mini mart,2024-11-07,20,0.7,5130.0,3,4,0.25,0
DL-14411,Kamau Duka,0768158520,33368944,Kiambu,Hardware,2023-12-13,31,2.2,3310.0,0,2,0.48,0
DL-11031,Wairimu Supplies,0780111211,16759961,Machakos,Electronics,2026-05-01,2,2.0,5510.0,0,0,0.0,0
DL-14358,Mutua Stores,0789428137,21997769,Nairobi,Electronics,2026-05-01,2,5.0,2700.0,2,2,0.2,0
DL-13113,Omondi Shop,0711562774,21610539,Kiambu,General shop,2022-11-18,44,1.7,7210.0,1,1,0.35,0
DL-12475,Achieng Traders,0723876007,23727502,Nairobi,Electronics,2025-06-05,13,0.8,,1,0,0.4,0
DL-13429,Chebet Mart,0719966035,34153901,Kiambu,General shop,2025-05-06,14,0.5,2360.0,1,0,0.0,0
DL-14971,Atieno Traders,0766880148,39634826,Nairobi,Mini mart,2025-08-04,11,2.0,5750.0,0,2,0.18,0
DL-12836,Achieng Duka,0742224806,29690730,Kisumu,Pharmacy,2022-11-18,44,0.6,5050.0,0,1,0.14,0
DL-12368,Wanjiku Shop,0789288145,30961638,Nakuru,Electronics,2024-07-10,24,0.4,5010.0,2,0,0.6,0
DL-13404,Nyambura Supplies,0739806288,17907072,Machakos,Electronics,2023-12-13,31,0.4,7350.0,0,0,0.0,0
DL-10069,Barasa Stores,0715533276,16881783,Nairobi,General shop,2024-09-08,22,0.8,2810.0,1,1,0.44,0
DL-10462,Mwangi Shop,0745448629,18814483,Meru,General shop,2025-06-05,13,0.3,4640.0,0,0,0.5,0
DL-14020,Njeri Supplies,0744640288,22938121,Nairobi,Electronics,2025-11-02,8,0.1,3880.0,0,0,0.0,0
DL-10287,Wafula Traders,0725711594,17129492,Nairobi,Agrovet,2024-07-10,24,0.4,2200.0,2,1,0.0,0
DL-10195,Omondi Traders,0745100295,31927686,Nakuru,Mini mart,2024-07-10,24,2.0,13260.0,3,4,0.04,1
DL-11420,Atieno Supplies,0769963102,36739660,Kiambu,General shop,2026-01-01,6,0.3,,0,0,0.0,1
DL-10976,Wafula Mart,0743514779,18040849,Machakos,General shop,2024-02-11,29,1.1,12220.0,0,0,0.08,0
DL-11020,Omondi Shop,0722615789,27877268,Nairobi,Electronics,2025-08-04,11,0.3,,0,0,0.33,0
DL-10215,Wairimu Duka,0780142868,38782412,Kisumu,Hardware,2024-02-11,29,0.7,4290.0,1,0,0.38,0
DL-11089,Njeri Mini Mart,0758223012,30402900,Kiambu,General shop,2025-08-04,11,2.4,6220.0,1,1,0.23,0
DL-11914,Mwangi Stores,0712934758,20105758,Nakuru,Mini mart,2025-01-06,18,1.8,6140.0,3,3,0.14,1
DL-11736,Chebet Shop,0725687116,28049434,Nairobi,General shop,2023-11-13,32,2.1,2770.0,1,3,0.0,0
DL-14368,Auma Supplies,0768680381,10283645,Kiambu,Agrovet,2025-02-05,17,1.0,2990.0,3,0,0.17,1
DL-11314,Mwangi Shop,0766833383,28735403,Nairobi,Electronics,2025-10-03,9,1.3,4440.0,1,4,0.25,0
DL-13829,Omondi Duka,0792513621,29408668,Nairobi,Pharmacy,2024-07-10,24,1.7,8330.0,0,0,0.35,0
DL-14988,Kamau Mart,0719554308,13643013,Kisumu,General shop,2023-06-16,37,2.2,13570.0,3,3,0.31,0
DL-14371,Mwangi Traders,0751569063,10611458,Nairobi,Hardware,2026-04-01,3,0.3,4940.0,1,0,1.0,0
DL-11698,Wafula Stores,0796855527,21249449,Nairobi,Electronics,2024-12-07,19,3.4,1430.0,4,2,0.17,0
DL-12839,Wairimu Duka,0739183663,13792551,Nairobi,Electronics,2025-05-06,14,1.0,6310.0,1,1,0.17,0
DL-11432,Nyambura Stores,0733177396,17213749,Nairobi,Agrovet,2025-06-05,13,2.3,5310.0,1,2,0.11,0
DL-13514,Kiprop Mini Mart,0733579540,29406524,Meru,Mini mart,2022-06-21,49,0.8,3710.0,0,2,0.2,1
DL-13954,Omondi Enterprises,0713910669,29276890,Mombasa,General shop,2026-01-31,5,0.2,2080.0,1,0,0.0,0
DL-12230,Mutua Mini Mart,0735399049,23063140,Kiambu,Electronics,2025-09-03,10,1.5,7580.0,2,3,0.6,0
DL-12274,Nyambura Mart,0732260120,34031991,Nakuru,General shop,2025-11-02,8,3.2,3420.0,4,3,0.5,1
DL-13210,Achieng Enterprises,0735131055,11681840,Nairobi,Pharmacy,2024-06-10,25,1.9,4570.0,0,0,0.35,0
DL-12775,Wafula Mini Mart,0725177046,34626988,Nairobi,Mini mart,2025-10-03,9,0.6,4040.0,1,1,0.2,0
DL-11944,Omondi Traders,0799744457,25628677,Mombasa,Pharmacy,2024-09-08,22,2.2,4200.0,1,1,0.31,0
DL-11905,Otieno Mini Mart,0742696670,19234896,Uasin Gishu,Mini mart,2024-06-10,25,1.7,7280.0,4,6,0.65,1
DL-10510,Chebet Traders,0752389238,28068529,Kisumu,Pharmacy,2025-02-05,17,1.1,5350.0,0,2,0.38,0
DL-12190,Wafula Stores,0749809941,29332855,Kiambu,Hardware,2025-08-04,11,1.2,11720.0,2,2,0.08,1
DL-13980,Omondi Enterprises,0717909846,32913018,Kiambu,General shop,2021-11-23,56,1.6,7340.0,1,3,0.21,0
DL-10953,Mutua Traders,0793461144,30874292,Meru,,2023-08-15,35,0.7,2400.0,3,0,0.25,0
DL-13565,Mwangi Enterprises,0796078736,25345010,Uasin Gishu,Mini mart,2024-01-12,30,2.8,,5,5,0.59,0
DL-13674,Njeri Enterprises,0787012493,27452742,Meru,Mini mart,2025-11-02,8,2.6,3990.0,1,0,0.05,1
DL-12276,Chebet Traders,0763102887,32267315,Kisumu,General shop,2024-10-08,21,1.5,3150.0,0,0,0.17,0
DL-10895,Auma Mart,0742633979,19837836,Meru,Pharmacy,2025-04-06,15,0.2,8840.0,1,1,0.5,0
DL-12805,Mutua Mini Mart,0720600723,27162913,Nairobi,Hardware,2025-07-05,12,2.6,3870.0,1,2,0.39,0
DL-13562,Otieno Duka,0771314192,37411177,Nakuru,Electronics,2024-08-09,23,1.5,,1,1,0.11,0
DL-13395,Otieno Shop,0784292833,28666997,Kiambu,General shop,2024-11-07,20,2.2,5970.0,0,2,0.22,0
DL-12477,Omondi Enterprises,0741882942,34632240,Nairobi,General shop,2023-11-13,32,2.3,5510.0,1,1,0.11,0
DL-12560,Otieno Enterprises,0778345297,15805258,Nairobi,Mini mart,2025-08-04,11,1.8,1540.0,3,3,0.45,1
DL-14764,Wanjiku Supplies,0763810900,31959004,Uasin Gishu,Mini mart,2024-04-11,27,0.1,4960.0,0,0,0.0,0
DL-10877,Atieno Stores,0729905318,16111790,Nakuru,,2025-12-02,7,2.3,2080.0,0,1,0.19,0
DL-14181,Achieng Mini Mart,0735745978,12854539,Machakos,General shop,2024-07-10,24,2.2,5460.0,2,2,0.27,0
DL-11384,Otieno Enterprises,0751311520,19153069,Mombasa,General shop,2025-08-04,11,1.1,3780.0,2,1,0.25,1
DL-10658,Otieno Traders,0714961343,29416845,Kiambu,Electronics,2022-04-22,51,0.1,4070.0,2,1,0.0,0
DL-13150,Chebet Supplies,0796370378,13358190,Nakuru,Pharmacy,2026-01-31,5,0.8,6540.0,0,2,0.5,1
DL-10828,Otieno Enterprises,0710547825,36134509,Nairobi,General shop,2024-11-07,20,3.7,5630.0,2,1,0.36,0
DL-11166,Achieng Traders,0716993712,23070760,Kiambu,Mini mart,2023-07-16,36,1.8,11020.0,5,4,0.43,1
DL-11982,Atieno Stores,0781197109,16212863,Kiambu,General shop,2024-06-10,25,1.0,6410.0,2,4,0.0,1
DL-13789,Mwangi Duka,0755265657,15198858,Mombasa,Pharmacy,2026-01-01,6,0.7,4290.0,3,2,0.0,0
DL-10144,Mutua Mini Mart,0753084220,29122180,Nairobi,Hardware,2025-12-02,7,0.7,7040.0,1,2,0.0,1
DL-12357,Achieng Shop,0727035582,25044891,Meru,Electronics,2025-04-06,15,2.6,4180.0,3,7,0.1,1
DL-13157,Barasa Mini Mart,0717500523,39600761,Nairobi,Mini mart,2026-03-02,4,2.8,7060.0,3,1,0.45,0
DL-11164,Otieno Enterprises,0778894673,30337681,Nairobi,General shop,2026-01-01,6,0.5,6340.0,0,0,0.0,0
DL-12007,Wairimu Mini Mart,0728362781,26937412,Nairobi,Pharmacy,2025-11-02,8,1.9,16530.0,4,6,0.47,1
DL-13549,Barasa Mini Mart,0722588092,11110022,Nairobi,General shop,2024-09-08,22,2.7,6430.0,1,0,0.62,0
DL-10045,Achieng Mart,0748399800,17327884,Nairobi,General shop,2025-07-05,12,2.2,1830.0,0,0,0.5,0
DL-10206,Auma Mini Mart,0741667723,12769904,Kiambu,Pharmacy,2026-05-31,1,5.0,3070.0,3,1,0.2,0
DL-10448,Auma Traders,0794086663,29475673,Nairobi,General shop,2025-07-05,12,1.1,,4,7,0.31,1
DL-14629,Mutua Traders,0716117566,11046816,Kisumu,Electronics,2025-11-02,8,0.5,3660.0,1,0,0.5,0
DL-11771,Wafula Mini Mart,0743675089,14127079,Nairobi,Agrovet,2024-04-11,27,0.5,7280.0,2,1,0.0,0
DL-14790,Wafula Mini Mart,0789517777,23272692,Nakuru,Electronics,2024-12-07,19,0.3,11090.0,1,0,0.5,0
DL-11861,Wafula Mini Mart,0728786081,20473480,Kisumu,Hardware,2024-01-12,30,3.2,7910.0,3,5,0.0,0
DL-13689,Achieng Supplies,0781070262,13599362,Nakuru,General shop,2025-11-02,8,1.0,6400.0,1,2,0.12,1
DL-12793,Achieng Mart,0729159681,16400059,Nakuru,General shop,2022-08-20,47,0.9,9500.0,0,1,0.27,0
DL-12516,Njeri Traders,0724232657,25240082,Nairobi,Pharmacy,2024-09-08,22,0.4,,0,0,0.4,0
DL-11121,Chebet Enterprises,0753153552,39241204,Kiambu,Pharmacy,2024-08-09,23,1.8,9280.0,3,4,0.36,1
DL-10640,Wanjiku Mart,0716669816,12536309,Kiambu,Electronics,2025-05-06,14,4.1,4590.0,11,16,0.12,1
DL-10330,Chebet Mart,0726874336,37378511,Nakuru,Pharmacy,2022-08-20,47,0.1,4090.0,0,0,1.0,0
DL-13420,Njeri Traders,0722959965,19922922,Machakos,Mini mart,2025-06-05,13,3.7,8750.0,1,2,0.16,1
DL-11749,Otieno Shop,0795908430,10694002,Nakuru,General shop,2025-06-05,13,0.2,8070.0,0,0,0.5,0
DL-10185,Barasa Duka,0795273611,17947539,Nairobi,Mini mart,2025-10-03,9,1.7,6660.0,3,5,0.27,0
DL-13282,Nyambura Duka,0768291063,10876414,Kiambu,Hardware,2024-02-11,29,3.3,8690.0,1,3,0.2,0
DL-12811,Otieno Shop,0769342447,23427342,Machakos,Hardware,2024-08-09,23,0.6,4780.0,0,1,0.29,0
DL-11824,Chebet Stores,0733517953,16682141,Nakuru,Agrovet,2026-05-01,2,0.5,6780.0,0,1,0.0,0
DL-13638,Wairimu Traders,0794904065,24457611,Kiambu,Electronics,2025-09-03,10,5.0,6440.0,2,2,0.24,1
DL-12943,Njeri Enterprises,0797444936,22316917,Machakos,Pharmacy,2025-02-05,17,1.7,10770.0,1,1,0.1,0
DL-14546,Mutua Stores,0712903184,37928431,Nairobi,Mini mart,2023-12-13,31,1.8,9430.0,1,1,0.55,0
DL-14389,Otieno Duka,0751040612,11860367,Kiambu,Pharmacy,2024-07-10,24,2.1,9740.0,1,2,0.44,0
DL-13830,Barasa Mart,0777117100,31768327,Nairobi,General shop,2025-10-03,9,2.0,9200.0,4,5,0.44,0
DL-10643,Barasa Traders,0723409118,34070372,Kisumu,,2024-11-07,20,0.5,3840.0,0,0,0.17,0
DL-10070,Barasa Traders,0754856501,28801697,Kiambu,General shop,2026-05-01,2,1.0,3460.0,0,0,0.0,0
DL-14826,Wairimu Mini Mart,0727222399,28523077,Kisumu,General shop,2023-02-16,41,3.0,10430.0,1,1,0.56,0
DL-10186,Otieno Mini Mart,0710654653,15490562,Nakuru,General shop,2024-02-11,29,0.4,6780.0,1,0,0.6,0
DL-14584,Auma Stores,0767759181,22123743,Uasin Gishu,General shop,2023-08-15,35,1.7,3080.0,1,1,0.5,0
DL-12288,Achieng Shop,0786676511,13590944,Uasin Gishu,General shop,2024-09-08,22,0.6,12110.0,0,2,0.14,0
DL-12078,Mutua Enterprises,0713433677,31604182,Mombasa,Pharmacy,2024-09-08,22,0.8,6730.0,2,4,0.0,0
DL-12814,Kiprop Shop,0719803354,25123549,Machakos,General shop,2024-04-11,27,0.8,3630.0,0,0,0.44,0
DL-14559,Omondi Shop,0766284983,33949253,Kiambu,Electronics,2024-12-07,19,1.2,4150.0,0,2,0.2,0
DL-12386,Omondi Stores,0782797712,22650768,Nairobi,Mini mart,2025-02-05,17,0.6,4570.0,0,0,0.43,0
DL-10627,Mwangi Shop,0771528205,26325580,Nairobi,Hardware,2024-10-08,21,0.7,4670.0,0,0,0.12,0
DL-13215,Wafula Duka,0740756558,16451529,Mombasa,General shop,2024-02-11,29,2.8,8280.0,2,2,0.45,0
DL-11723,Achieng Enterprises,0722798081,27223905,Mombasa,General shop,2026-03-02,4,2.8,4810.0,1,1,0.55,0
DL-10623,Kamau Mart,0750732265,32311551,Nakuru,Mini mart,2025-01-06,18,0.2,7500.0,0,0,0.0,0
DL-14435,Wanjiku Mart,0745283042,31811820,Kiambu,Hardware,2024-12-07,19,2.6,6050.0,2,3,0.23,0
DL-14432,Barasa Stores,0714438001,39687412,Nakuru,General shop,2025-11-02,8,0.1,2090.0,0,0,1.0,1
DL-11558,Auma Supplies,0739827837,21498815,Nairobi,General shop,2024-11-07,20,2.8,10420.0,4,4,0.3,1
DL-14245,Wafula Duka,0719907014,22471113,Nakuru,Mini mart,2022-11-18,44,0.8,9350.0,2,1,0.56,0
DL-13748,Auma Duka,0723586202,21491021,Nairobi,Mini mart,2022-12-18,43,2.0,6380.0,0,0,0.25,0
DL-13486,Njeri Enterprises,0797062156,36086678,Nairobi,Mini mart,2025-06-05,13,0.5,12680.0,0,0,0.33,0
DL-12245,Kamau Traders,0762674469,10248205,Nairobi,Agrovet,2023-12-13,31,2.2,5560.0,5,3,0.0,0
DL-14240,Auma Mart,0728580233,37037403,Nairobi,Hardware,2023-12-13,31,0.2,5160.0,2,0,0.0,0
DL-12788,Kamau Mini Mart,0762197955,32436831,Mombasa,General shop,2025-01-06,18,1.2,3940.0,0,0,0.33,0
DL-11035,Omondi Mini Mart,0770701294,36976979,Mombasa,General shop,2025-03-07,16,1.1,7560.0,2,3,0.0,0
DL-10152,Wairimu Duka,0756845822,12197567,Kisumu,Pharmacy,2022-07-21,48,0.3,2580.0,0,0,0.0,0
DL-12686,Otieno Mini Mart,0770412202,14037709,Nairobi,Electronics,2025-05-06,14,1.1,3670.0,1,1,0.23,0
DL-12235,Wairimu Duka,0746300671,10214107,Kiambu,Electronics,2026-01-31,5,0.4,3140.0,1,1,0.0,0
DL-12584,Kamau Stores,0792565284,22740638,Mombasa,Electronics,2024-11-07,20,0.6,4630.0,2,1,0.14,0
DL-13703,Kiprop Stores,0734093983,15203836,Nairobi,Hardware,2024-03-12,28,1.6,8450.0,3,4,0.16,0
DL-14100,Chebet Stores,0771175967,37399624,Nairobi,Pharmacy,2025-07-05,12,0.4,7990.0,0,0,0.4,0
DL-14076,Omondi Traders,0725547857,10586567,Mombasa,General shop,2024-05-11,26,1.2,4240.0,4,3,0.36,0
DL-10565,Njeri Supplies,0798542872,27471886,Nairobi,Mini mart,2026-05-01,2,3.0,17710.0,3,1,0.17,0
DL-12180,Mwangi Duka,0785965401,22200055,Mombasa,Mini mart,2025-05-06,14,3.2,12130.0,4,5,0.0,1
DL-11289,Nyambura Enterprises,0797045598,24135567,Meru,Agrovet,2024-12-07,19,0.8,2600.0,0,1,0.33,0
DL-12830,Barasa Duka,0719212580,33992105,Nakuru,Hardware,2025-06-05,13,1.1,6940.0,3,1,0.08,0
DL-10730,Otieno Mart,0798075184,38316124,Mombasa,Hardware,2024-08-09,23,1.8,4670.0,2,2,0.5,0
DL-13421,Kiprop Shop,0756934756,36113317,Meru,General shop,2025-08-04,11,0.4,14480.0,0,1,0.25,0
DL-11967,Kamau Shop,0794866308,38235069,Machakos,General shop,2025-05-06,14,2.7,6760.0,4,12,0.22,0
DL-10499,Barasa Supplies,0795305376,27192573,Kiambu,Hardware,2025-04-06,15,0.8,4680.0,0,0,0.3,0
DL-14937,Otieno Traders,0726599430,19338138,Nakuru,General shop,2024-01-12,30,1.3,4760.0,1,2,0.38,0
DL-10942,Barasa Duka,0762784446,20128402,Nairobi,Hardware,2024-08-09,23,0.7,2570.0,1,1,0.38,0
DL-13470,Kamau Stores,0784246085,32406965,Mombasa,Agrovet,2025-05-06,14,1.4,,0,3,0.12,1
DL-11390,Barasa Mini Mart,0728602687,27904561,Mombasa,Electronics,2025-01-06,18,2.0,3500.0,1,2,0.25,0
DL-10163,Wairimu Supplies,0776653475,19264648,Kiambu,Mini mart,2025-01-06,18,1.1,10690.0,0,2,0.46,0
DL-14136,Wafula Supplies,0746658528,13709651,Nairobi,Mini mart,2026-01-31,5,2.2,3960.0,1,1,0.0,0
DL-13006,Auma Enterprises,0796969119,35319807,Mombasa,Mini mart,2023-02-16,41,1.0,6540.0,2,3,0.33,0
DL-10121,Wafula Mart,0753923616,23306849,Nakuru,Mini mart,2025-11-02,8,2.4,2660.0,0,2,0.21,0
DL-12238,Atieno Mart,0761018541,34994109,Nairobi,General shop,2023-09-14,34,3.7,2470.0,1,8,0.32,1
DL-13950,Barasa Shop,0784694791,24645868,Nakuru,Agrovet,2024-10-08,21,4.6,8710.0,4,11,0.25,1
DL-14474,Atieno Stores,0746131574,25389339,Nairobi,General shop,2024-09-08,22,3.4,7260.0,4,6,0.32,1
DL-10857,Wafula Traders,0728190212,39507398,Uasin Gishu,Electronics,2022-02-21,53,1.7,4750.0,0,2,0.4,0
DL-13490,Barasa Enterprises,0743424491,27616590,Nairobi,General shop,2025-10-03,9,1.1,4000.0,6,5,0.5,1
DL-13167,Kamau Mart,0738462087,26871693,Kiambu,Electronics,2022-11-18,44,1.9,7890.0,5,6,0.09,1
DL-12087,Mwangi Enterprises,0783109661,11677888,Nairobi,General shop,2021-08-25,59,5.4,4950.0,7,9,0.34,0
DL-10154,Omondi Shop,0774176303,20823101,Uasin Gishu,General shop,2025-03-07,16,0.1,4620.0,0,0,1.0,1
DL-11261,Nyambura Duka,0720975262,19666518,Machakos,Mini mart,2021-11-23,56,1.3,7360.0,0,0,0.06,0
DL-10955,Mwangi Mini Mart,0743790541,19604287,Nairobi,Agrovet,2025-12-02,7,2.1,4330.0,0,2,0.2,0
DL-10034,Mutua Shop,0731125957,29087121,Nairobi,Electronics,2026-01-31,5,0.8,4190.0,1,0,0.0,0
DL-10475,Chebet Stores,0771617366,33031174,Nakuru,General shop,2024-10-08,21,4.3,4720.0,1,0,0.17,0
DL-12296,Kiprop Supplies,0726301216,34031124,Uasin Gishu,Agrovet,2025-07-05,12,3.9,5890.0,5,9,0.19,0
DL-11871,Auma Duka,0722146349,39730404,Kisumu,Mini mart,2023-12-13,31,0.2,4740.0,1,0,0.33,0
DL-14520,Wanjiku Shop,0715958809,24091245,Uasin Gishu,Hardware,2025-08-04,11,3.9,15590.0,0,6,0.3,1
DL-12506,Mutua Shop,0711902515,13722088,Nairobi,General shop,2024-02-11,29,1.2,2390.0,0,0,0.07,0
DL-12672,Otieno Stores,0797626101,26432795,Meru,General shop,2024-12-07,19,1.1,7830.0,0,0,0.62,0
DL-14600,Chebet Supplies,0746394954,24447151,Kiambu,,2024-05-11,26,0.8,2680.0,1,0,0.0,0
DL-10785,Mwangi Stores,0741417094,21970380,Kisumu,Pharmacy,2025-04-06,15,2.0,7890.0,2,7,0.04,0
DL-10061,Wafula Mart,0734221371,33144839,Mombasa,Electronics,2024-02-11,29,0.9,2690.0,1,0,0.36,0
DL-10465,Barasa Supplies,0741435410,32793241,Kisumu,Mini mart,2025-04-06,15,0.8,7420.0,1,2,0.1,0
DL-10750,Wafula Supplies,0776376250,21329234,Nakuru,Electronics,2024-07-10,24,4.4,5650.0,5,5,0.17,1
DL-12502,Njeri Shop,0764846542,34564413,Kisumu,Agrovet,2023-09-14,34,0.6,11270.0,1,0,0.71,0
DL-12819,Mwangi Mini Mart,0738238225,30682662,Mombasa,General shop,2024-03-12,28,0.6,2370.0,1,2,0.14,0
DL-13959,Njeri Stores,0795040234,26828729,Nairobi,Mini mart,2026-03-02,4,1.5,6910.0,2,0,0.5,1
DL-13272,Kiprop Stores,0763181561,35170304,Mombasa,Mini mart,2023-07-16,36,0.7,4420.0,0,0,0.62,0
DL-11216,Wafula Stores,0717655247,16146380,Nairobi,Mini mart,2026-01-01,6,3.0,12720.0,3,5,0.5,0
DL-12947,Chebet Shop,0784373977,12181795,Kisumu,General shop,2024-04-11,27,2.9,4170.0,3,8,0.23,1
DL-11971,Omondi Shop,0715694799,24644299,Kisumu,Pharmacy,2024-11-07,20,0.6,5510.0,0,2,0.14,0
DL-13899,Wairimu Stores,0734816925,20919384,Nakuru,Hardware,2024-06-10,25,1.3,3660.0,3,3,0.12,0
DL-10183,Omondi Duka,0742112712,31568696,Mombasa,Mini mart,2025-12-02,7,0.1,9420.0,1,0,0.0,0
DL-10695,Njeri Mini Mart,0784577693,39874015,Kiambu,Mini mart,2023-01-17,42,1.2,6170.0,1,2,0.21,0
DL-12093,Njeri Enterprises,0763935082,28790785,Nairobi,Pharmacy,2025-02-05,17,0.8,,3,1,0.4,0
DL-11135,Mwangi Duka,0755917636,33740265,Kiambu,Pharmacy,2023-07-16,36,1.1,3550.0,0,1,0.15,0
DL-14694,Nyambura Mini Mart,0760676394,18066916,Nakuru,Pharmacy,2025-12-02,7,1.1,5880.0,2,1,0.0,0
DL-12202,Njeri Supplies,0795973993,10923277,Kisumu,General shop,2025-03-07,16,1.2,4030.0,2,6,0.43,0
DL-14152,Mwangi Traders,0741335423,33036633,Nairobi,General shop,2022-12-18,43,0.5,10820.0,1,1,0.5,0
DL-14832,Mwangi Duka,0723054453,39483454,Uasin Gishu,Pharmacy,2025-05-06,14,2.2,7200.0,1,3,0.07,0
DL-14818,Kiprop Enterprises,0721261578,25081787,Kisumu,Mini mart,2025-03-07,16,2.8,3100.0,4,5,0.21,0
DL-12413,Kamau Duka,0777538767,19038618,Machakos,Hardware,2026-03-02,4,0.2,3000.0,1,1,0.0,0
DL-13697,Nyambura Mini Mart,0738502295,13843219,Kiambu,General shop,2025-04-06,15,0.6,6750.0,0,0,0.14,0
DL-13457,Achieng Mart,0790394781,32520747,Kisumu,Pharmacy,2025-10-03,9,1.6,12050.0,2,0,0.43,0
DL-10766,Nyambura Mini Mart,0716052089,23126362,Nairobi,Mini mart,2025-03-07,16,1.2,10860.0,0,1,0.4,1
DL-14594,Kamau Supplies,0784708722,31501121,Nairobi,Agrovet,2025-10-03,9,0.2,8700.0,0,0,0.0,0
DL-13172,Mutua Enterprises,0777229639,22681120,Nakuru,Electronics,2025-06-05,13,0.2,2360.0,2,0,0.0,1
DL-13809,Nyambura Enterprises,0794289322,29102358,Machakos,Hardware,2023-03-18,40,4.3,7290.0,9,10,0.37,1
DL-13407,Wanjiku Traders,0712413289,13660407,Meru,General shop,2023-03-18,40,1.1,4690.0,1,1,0.23,0
DL-13709,Wairimu Mini Mart,0794711954,19254346,Mombasa,Agrovet,2023-09-14,34,0.4,4780.0,1,0,0.4,0
DL-13266,Wafula Mini Mart,0722279375,34138036,Uasin Gishu,Mini mart,2025-09-03,10,0.4,3310.0,0,0,0.25,0
DL-11575,Auma Mart,0786952138,29888900,Mombasa,General shop,2024-12-07,19,0.3,17460.0,2,1,0.5,0
DL-12754,Chebet Duka,0722157532,29356456,Uasin Gishu,General shop,2025-10-03,9,0.2,2260.0,1,1,0.0,0
DL-12620,Wafula Shop,0754807295,13663747,Nairobi,Mini mart,2024-07-10,24,1.1,2420.0,0,1,0.23,0
DL-10632,Njeri Stores,0779853058,15104872,Nairobi,Pharmacy,2025-07-05,12,1.1,5870.0,0,1,0.38,0
DL-10537,Chebet Duka,0712984376,38208637,Nairobi,Mini mart,2025-05-06,14,0.7,5160.0,0,0,0.25,0
DL-14732,Mwangi Stores,0763225371,27764528,Kisumu,General shop,2023-09-14,34,0.4,,1,2,0.6,0
DL-11048,Barasa Enterprises,0783507238,35993588,Kiambu,Mini mart,2024-07-10,24,0.2,4240.0,1,0,0.33,0
DL-11293,Mwangi Traders,0737926993,29319417,Nairobi,Pharmacy,2024-02-11,29,2.6,2570.0,1,0,0.29,0
DL-13671,Atieno Duka,0712218585,36443831,Meru,General shop,2024-08-09,23,1.2,4920.0,0,1,0.13,0
DL-13482,Otieno Enterprises,0745149500,31213214,Mombasa,General shop,2025-09-03,10,0.2,8950.0,0,0,0.5,0
DL-12075,Otieno Traders,0735577029,24863560,Nairobi,General shop,2025-10-03,9,1.9,5620.0,1,4,0.18,1
DL-10120,Kiprop Shop,0723503485,14981473,Mombasa,General shop,2021-07-26,60,0.6,4380.0,3,1,0.57,0
DL-14338,Otieno Stores,0778545211,22800872,Kisumu,Mini mart,2026-01-31,5,2.6,3310.0,0,0,0.54,1
DL-13184,Auma Mart,0735602575,28812333,Nairobi,General shop,2024-08-09,23,0.8,,2,1,0.22,0
DL-10403,Atieno Mini Mart,0726012816,32549524,Nairobi,General shop,2023-10-14,33,0.2,8430.0,3,0,0.5,0
DL-10181,Wafula Mart,0725680228,34129668,Machakos,General shop,2025-04-06,15,2.1,2430.0,5,6,0.52,1
DL-14783,Kiprop Supplies,0737091684,34340647,Mombasa,Mini mart,2022-11-18,44,1.1,4070.0,0,1,0.38,0
DL-13529,Chebet Mini Mart,0710453128,18647796,Nairobi,General shop,2024-01-12,30,0.6,2890.0,0,0,0.57,0
DL-11053,Wairimu Mart,0740987124,36672599,Meru,General shop,2025-03-07,16,0.9,3280.0,2,1,0.36,1
DL-11014,Wanjiku Enterprises,0780585532,14572895,Kisumu,Hardware,2025-12-02,7,3.4,1970.0,1,1,0.33,0
DL-14626,Wairimu Supplies,0724271906,27084356,Mombasa,General shop,2024-10-08,21,2.1,,3,3,0.32,1
DL-11027,Omondi Mart,0748463551,35013868,Machakos,Hardware,2025-06-05,13,1.6,5410.0,1,1,0.26,0
DL-14398,Omondi Duka,0772892854,17093279,Nakuru,,2025-04-06,15,0.6,6000.0,0,0,0.14,0
DL-11556,Wafula Mart,0747998904,39556769,Nairobi,Pharmacy,2021-12-23,55,0.6,8270.0,4,1,0.0,0
DL-10269,Chebet Mini Mart,0789998911,10683337,Nairobi,Electronics,2026-03-02,4,0.5,5720.0,1,0,0.0,0
DL-12717,Nyambura Traders,0777669612,17007061,Nairobi,Mini mart,2023-05-17,38,2.5,9240.0,1,1,0.2,0
DL-12001,Omondi Traders,0735334472,22791755,Nairobi,General shop,2024-06-10,25,1.6,4120.0,0,2,0.37,0
DL-12939,Kiprop Supplies,0710526954,26467278,Nairobi,Hardware,2024-02-11,29,0.4,4400.0,1,0,0.0,0
DL-13814,Atieno Duka,0787713148,11883535,Nairobi,Mini mart,2025-07-05,12,1.7,9880.0,0,0,0.45,0
DL-13186,Wanjiku Shop,0716366399,30769587,Mombasa,Hardware,2025-02-05,17,1.8,4920.0,3,2,0.48,1
DL-10216,Otieno Duka,0790160138,22833744,Machakos,Electronics,2026-01-31,5,1.4,7780.0,1,1,0.57,0
DL-14067,Mwangi Enterprises,0723964077,26889425,Machakos,Pharmacy,2025-09-03,10,1.1,6690.0,3,1,0.36,0
DL-14121,Wairimu Traders,0769588081,31610590,Machakos,General shop,2025-12-02,7,1.0,1560.0,1,1,0.29,0
DL-10293,Mwangi Duka,0777771890,29861617,Uasin Gishu,General shop,2025-06-05,13,1.1,8950.0,3,1,0.31,0
DL-12487,Kiprop Supplies,0775659162,37143713,Uasin Gishu,Mini mart,2025-08-04,11,1.5,9370.0,1,1,0.65,0
DL-14915,Wairimu Mini Mart,0752090805,38230117,Nakuru,Mini mart,2024-11-07,20,1.2,3160.0,2,1,0.5,0
DL-10148,Atieno Supplies,0740598029,30446823,Machakos,Agrovet,2023-01-17,42,0.9,6300.0,1,0,0.27,0
DL-11584,Mutua Stores,0761342312,24809213,Nairobi,Agrovet,2023-10-14,33,0.3,4280.0,0,1,0.5,0
DL-11891,Mutua Shop,0750991556,22712958,Nakuru,Mini mart,2024-09-08,22,0.8,10120.0,1,0,0.22,0
DL-14695,Chebet Stores,0767895878,25012432,Mombasa,Mini mart,2025-12-02,7,0.3,1970.0,0,0,0.5,0
DL-14644,Omondi Traders,0732977953,22166583,Nakuru,General shop,2025-07-05,12,0.7,7500.0,2,1,0.0,0
DL-14350,Barasa Shop,0745818473,38008880,Nairobi,Pharmacy,2025-04-06,15,2.2,6400.0,0,2,0.33,0
DL-10583,Nyambura Mini Mart,0769359439,29517522,Nakuru,General shop,2025-11-02,8,5.5,8170.0,4,8,0.41,0
DL-11111,Chebet Supplies,0786069978,22470471,Kisumu,Electronics,2024-07-10,24,1.5,7840.0,1,4,0.11,1
DL-12012,Omondi Shop,0715348465,15584905,Kiambu,Mini mart,2024-06-10,25,1.7,5020.0,1,4,0.0,1
DL-11743,Chebet Enterprises,0731576929,25100921,Nairobi,General shop,2024-07-10,24,1.0,6360.0,0,1,0.33,0
DL-12486,Auma Traders,0717186516,11000996,Nairobi,Electronics,2026-03-02,4,1.0,8020.0,0,1,0.0,0
DL-12503,Mutua Stores,0740294704,24387717,Meru,General shop,2025-12-02,7,1.3,6370.0,2,0,0.44,0
DL-14909,Mutua Duka,0740754455,31847877,Nairobi,General shop,2026-01-01,6,1.5,4200.0,5,3,0.22,1
DL-14981,Atieno Mart,0752799754,22011677,Machakos,Hardware,2024-01-12,30,3.8,4210.0,1,1,0.18,0
DL-12919,Achieng Shop,0711725463,14720471,Nakuru,Mini mart,2024-05-11,26,2.0,8570.0,1,3,0.08,0
DL-12458,Otieno Mart,0775646993,36793506,Nairobi,Hardware,2025-07-05,12,0.3,20880.0,2,0,0.5,0
DL-13819,Otieno Traders,0778473482,25051417,Uasin Gishu,Mini mart,2025-09-03,10,3.1,2600.0,4,5,0.52,1
DL-14397,Barasa Stores,0798319235,38047641,Machakos,General shop,2024-04-11,27,4.2,4630.0,0,1,0.14,0
DL-14611,Wafula Supplies,0727893004,12297771,Mombasa,General shop,2026-01-31,5,2.8,7140.0,2,5,0.57,1
DL-13064,Wairimu Supplies,0713764499,39629174,Nairobi,General shop,2025-08-04,11,0.8,14010.0,3,0,0.56,1
DL-11113,Nyambura Supplies,0768475752,22289548,Kisumu,Electronics,2025-03-07,16,0.8,7250.0,4,1,0.1,0
DL-12757,Kamau Traders,0719696708,25851629,Kiambu,General shop,2025-05-06,14,1.0,3130.0,1,0,0.08,0
DL-14194,Auma Enterprises,0797460074,18231923,Nairobi,Hardware,2024-11-07,20,0.5,5050.0,1,0,0.17,0
DL-10150,Omondi Enterprises,0753199298,30001024,Machakos,General shop,2024-10-08,21,3.6,4800.0,4,4,0.47,0
DL-11343,Achieng Duka,0780301841,31547060,Machakos,General shop,2024-04-11,27,1.2,6300.0,2,1,0.13,0
DL-11721,Barasa Shop,0748280153,14205392,Mombasa,Hardware,2023-03-18,40,1.7,3060.0,7,5,0.1,0
DL-11934,Mutua Supplies,0755344850,36718229,Nairobi,,2024-10-08,21,0.8,1520.0,2,0,0.0,1
DL-12925,Mutua Enterprises,0747605421,39813820,Machakos,Hardware,2025-07-05,12,0.8,5190.0,1,2,0.6,1
DL-11131,Njeri Shop,0777062410,12948110,Kiambu,General shop,2024-04-11,27,2.8,6670.0,2,1,0.64,0
DL-12835,Wairimu Traders,0780086882,38456655,Kiambu,General shop,2025-12-02,7,1.7,3970.0,2,6,0.83,1
DL-12332,Kamau Duka,0739438931,31088147,Machakos,Mini mart,2022-10-19,45,0.2,9790.0,0,0,0.33,0
DL-10298,Wafula Mini Mart,0771881003,10823668,Nairobi,General shop,2022-04-22,51,1.2,4000.0,0,2,0.43,0
DL-14754,Mwangi Mini Mart,0719490252,31747159,Nairobi,Mini mart,2024-06-10,25,2.8,10030.0,5,5,0.38,1
DL-12261,Atieno Shop,0717974644,37249460,Machakos,Agrovet,2025-02-05,17,1.5,3090.0,2,6,0.0,0
DL-14307,Atieno Stores,0724227718,18449615,Machakos,Mini mart,2025-03-07,16,0.4,3470.0,0,0,0.6,0
DL-12570,Kiprop Mini Mart,0767434496,29354487,Nakuru,General shop,2025-09-03,10,0.3,4680.0,0,0,0.0,0
DL-10491,Wafula Shop,0747832095,27320825,Kiambu,General shop,2026-01-31,5,2.0,6210.0,2,1,0.2,0
DL-14502,Barasa Traders,0732562541,32599729,Nairobi,Agrovet,2026-01-01,6,0.5,3300.0,0,1,0.67,1
DL-13390,Mutua Stores,0789644563,35924304,Nakuru,Hardware,2024-05-11,26,0.2,6880.0,5,1,0.0,0
DL-10168,Otieno Duka,0722757776,14517023,Nakuru,Pharmacy,2024-05-11,26,0.5,9940.0,2,0,0.67,0
DL-14842,Wafula Mart,0710178204,19806850,Nairobi,Agrovet,2025-02-05,17,2.5,1980.0,3,3,0.33,1
DL-11039,Kiprop Supplies,0718027850,33347984,Machakos,Electronics,2025-01-06,18,1.3,6490.0,1,2,0.19,0
DL-13938,Njeri Enterprises,0765836515,14502251,Kisumu,General shop,2026-04-01,3,0.3,4160.0,2,0,1.0,1
DL-10221,Mutua Duka,0740991925,20880500,Kiambu,General shop,2025-09-03,10,0.7,6120.0,1,1,0.57,0
DL-10164,Nyambura Shop,0792711737,11118864,Nakuru,General shop,2024-03-12,28,2.1,3700.0,3,4,0.28,0
DL-12036,Nyambura Duka,0718403802,15709205,Kisumu,General shop,2025-10-03,9,1.1,3970.0,0,0,0.2,0
DL-14646,Kiprop Mart,0735660109,11487289,Nairobi,General shop,2025-11-02,8,0.9,5240.0,3,2,0.43,1
DL-11610,Nyambura Shop,0758510430,31296387,Uasin Gishu,Electronics,2024-10-08,21,0.7,6590.0,1,0,0.25,0
DL-12500,Chebet Stores,0791555388,10110566,Mombasa,Electronics,2025-08-04,11,1.0,1480.0,2,1,0.27,0
DL-14830,Kamau Stores,0728363504,36463177,Mombasa,General shop,2025-06-05,13,2.3,1650.0,2,4,0.21,1
DL-10244,Wafula Shop,0739069485,29799502,Kiambu,General shop,2025-03-07,16,1.2,3040.0,1,3,0.2,1
DL-10706,Achieng Traders,0782955874,23951959,Kiambu,Hardware,2023-05-17,38,2.5,4520.0,0,1,0.3,0
DL-13009,Mutua Duka,0727240921,13313259,Mombasa,General shop,2025-10-03,9,2.8,6220.0,2,2,0.24,0
DL-10356,Mwangi Mini Mart,0783026011,35097618,Mombasa,General shop,2023-10-14,33,1.5,5930.0,1,1,0.0,0
DL-13043,Kamau Enterprises,0723229587,27082099,Meru,Electronics,2024-10-08,21,0.2,5040.0,0,0,0.5,0
DL-12052,Kamau Mart,0742527737,20569158,Nairobi,Mini mart,2025-12-02,7,0.6,,1,1,0.5,0
DL-14357,Njeri Stores,0728592901,16759390,Nairobi,Pharmacy,2024-09-08,22,1.2,6390.0,3,2,0.47,1
DL-11441,Auma Shop,0794779314,13209452,Kisumu,Mini mart,2025-02-05,17,0.6,7850.0,2,1,0.29,0
DL-10511,Chebet Traders,0768966083,36254006,Kiambu,Mini mart,2025-06-05,13,2.0,6240.0,3,5,0.0,0
DL-13352,Nyambura Supplies,0786736629,38115350,Nairobi,General shop,2022-04-22,51,1.0,3370.0,1,1,0.33,0
DL-13982,Njeri Mart,0762047524,13501399,Nakuru,Hardware,2024-10-08,21,2.5,2650.0,7,6,0.0,1
DL-14827,Kamau Enterprises,0745045579,30585131,Kiambu,Agrovet,2025-03-07,16,1.1,,1,0,0.15,0
DL-12485,Atieno Enterprises,0715483076,34595995,Nakuru,Hardware,2025-08-04,11,2.3,5140.0,2,5,0.2,0
DL-13410,Nyambura Stores,0746477026,10988155,Nakuru,Agrovet,2025-06-05,13,0.9,3400.0,0,1,0.45,0
DL-12866,Kiprop Duka,0787561439,25842575,Mombasa,General shop,2026-04-01,3,3.0,8050.0,2,0,0.22,0
DL-11251,Kiprop Supplies,0713140315,18327809,Kiambu,General shop,2023-09-14,34,2.9,4530.0,2,3,0.63,0
DL-11273,Atieno Supplies,0762266921,37956476,Kiambu,General shop,2024-05-11,26,3.0,5890.0,3,5,0.31,0
DL-13168,Atieno Supplies,0776211714,34832581,Nairobi,Mini mart,2024-02-11,29,0.8,11410.0,1,0,0.56,0
DL-13677,Barasa Supplies,0773825609,32229470,Nairobi,General shop,2025-05-06,14,0.2,5020.0,2,1,0.5,0
DL-10535,Achieng Enterprises,0726906508,29885074,Nakuru,Mini mart,2023-01-17,42,2.1,6990.0,0,2,0.16,0
DL-10650,Njeri Mart,0719090867,37973191,Kiambu,Hardware,2025-11-02,8,0.6,3920.0,1,1,0.2,0
DL-11879,Otieno Traders,0793662999,11328656,Kisumu,Pharmacy,2025-11-02,8,0.4,2030.0,0,1,0.0,0
DL-14844,Wairimu Mart,0757102925,19538315,Uasin Gishu,Mini mart,2025-08-04,11,1.5,15460.0,3,2,0.41,0
DL-14379,Atieno Shop,0767743762,18951584,Mombasa,General shop,2024-10-08,21,1.1,9730.0,2,2,0.46,0
DL-10532,Wafula Mini Mart,0754841636,16811288,Mombasa,General shop,2025-07-05,12,0.5,6330.0,1,1,0.0,0
DL-11392,Otieno Traders,0739218837,32042451,Meru,Agrovet,2026-01-31,5,0.2,7440.0,0,0,0.0,0
DL-14727,Wanjiku Mini Mart,0741645300,36393411,Nairobi,Pharmacy,2025-12-02,7,1.6,12680.0,3,2,0.36,0
DL-11421,Kamau Traders,0732594360,38021142,Machakos,Agrovet,2022-12-18,43,1.4,12200.0,0,3,0.29,0
DL-13769,Barasa Supplies,0727023503,27511310,Kiambu,General shop,2024-11-07,20,1.0,2340.0,2,5,0.08,0
DL-11130,Nyambura Supplies,0769441895,10083441,Nairobi,Mini mart,2024-08-09,23,3.4,6850.0,0,1,0.51,0
DL-10030,Mutua Stores,0777505441,22851566,Nairobi,General shop,2024-12-07,19,1.8,3130.0,0,4,0.1,0
DL-10389,Atieno Stores,0776323923,28626677,Nairobi,General shop,2022-07-21,48,0.8,13700.0,1,1,0.11,0
DL-11013,Kamau Supplies,0716674767,22203442,Nairobi,Hardware,2025-10-03,9,0.7,10840.0,1,1,0.67,0
DL-14996,Nyambura Stores,0716237895,11225641,Meru,General shop,2023-06-16,37,2.0,3760.0,5,4,0.33,0
DL-12054,Mutua Stores,0795691635,17165079,Kiambu,General shop,2025-12-02,7,4.4,3910.0,2,1,0.26,0
DL-14780,Omondi Mini Mart,0754388111,11060949,Kiambu,General shop,2023-11-13,32,1.1,12130.0,0,0,0.08,0
DL-14400,Atieno Shop,0726658586,34846832,Mombasa,General shop,2026-03-02,4,3.2,11520.0,4,4,0.23,0
DL-13079,Auma Enterprises,0745315459,29404230,Nairobi,General shop,2025-10-03,9,0.7,5950.0,0,1,0.17,0
DL-13707,Atieno Supplies,0719596551,14988975,Mombasa,Agrovet,2025-07-05,12,1.6,5220.0,1,2,0.11,0
DL-14365,Wanjiku Stores,0734017997,35107642,Meru,Electronics,2025-09-03,10,2.3,5470.0,2,3,0.17,1
DL-10058,Achieng Mart,0754624487,15154875,Uasin Gishu,Agrovet,2022-10-19,45,0.3,7520.0,2,1,0.0,0
DL-11501,Achieng Mini Mart,0765817679,12488978,Kiambu,Pharmacy,2024-11-07,20,0.4,,3,1,0.6,0
DL-11290,Omondi Stores,0781144530,15843395,Meru,Electronics,2025-11-02,8,0.5,12720.0,2,0,0.25,0
DL-13846,Njeri Enterprises,0792941880,10006849,Nairobi,General shop,2022-09-19,46,0.9,11530.0,1,0,0.27,0
DL-11806,Wairimu Stores,0778267573,20704724,Mombasa,General shop,2023-04-17,39,1.4,6420.0,3,5,0.24,0
DL-11601,Atieno Stores,0783694785,39184375,Machakos,Hardware,2026-01-31,5,0.4,5040.0,0,1,1.0,0
DL-14711,Kamau Stores,0715037802,17873232,Kiambu,General shop,2022-04-22,51,1.0,12900.0,0,0,0.25,0
DL-14410,Njeri Stores,0750884237,21084213,Machakos,Mini mart,2026-01-31,5,1.6,6970.0,4,6,0.12,0
DL-13109,Wairimu Duka,0754854151,17879279,Nairobi,Mini mart,2025-04-06,15,0.1,12890.0,0,0,1.0,0
DL-12525,Wairimu Stores,0789369137,15933698,Mombasa,Agrovet,2025-09-03,10,0.7,1250.0,2,0,0.43,0
DL-12845,Achieng Shop,0719243351,28016625,Kiambu,General shop,2025-12-02,7,1.3,5010.0,0,2,0.11,0
DL-12349,Atieno Traders,0784492869,25968943,Meru,Mini mart,2025-08-04,11,0.7,8630.0,0,1,0.25,0
DL-14069,Mwangi Stores,0769958600,39109798,Mombasa,General shop,2024-07-10,24,2.2,3960.0,5,5,0.15,0
DL-14202,Achieng Enterprises,0786436684,21591949,Nairobi,General shop,2023-11-13,32,0.7,5870.0,1,0,0.12,0
DL-14905,Auma Supplies,0765015755,19033675,Nakuru,Mini mart,2026-04-01,3,0.7,3540.0,1,0,0.0,0
DL-11084,Chebet Stores,0767738762,28396007,Nakuru,Hardware,2024-04-11,27,0.3,9540.0,1,0,0.0,0
DL-12893,Auma Stores,0756372032,22747801,Nairobi,Mini mart,2025-07-05,12,1.3,4060.0,1,3,0.19,0
DL-11790,Omondi Mart,0778706829,25130322,Kisumu,Mini mart,2023-01-17,42,0.2,2420.0,1,2,0.0,0
DL-11732,Wairimu Shop,0784831995,29677561,Kiambu,Hardware,2025-01-06,18,0.4,,0,0,0.0,0
DL-11516,Njeri Stores,0756077059,39846693,Kiambu,Pharmacy,2025-06-05,13,0.5,4890.0,1,0,0.0,0
DL-14401,Nyambura Stores,0742175436,30830834,Mombasa,Mini mart,2025-07-05,12,1.3,13610.0,4,3,0.31,0
DL-13957,Wafula Traders,0750551750,34988499,Kiambu,General shop,2022-09-19,46,2.9,11410.0,1,3,0.31,0
DL-13555,Wairimu Traders,0715369681,18501107,Mombasa,Mini mart,2021-07-26,60,0.8,4930.0,1,0,0.6,0
DL-12991,Barasa Shop,0757516769,32717816,Kiambu,General shop,2024-11-07,20,2.3,11550.0,1,0,0.39,0
DL-11474,Atieno Enterprises,0734196749,17794152,Mombasa,Pharmacy,2025-01-06,18,1.5,6510.0,1,2,0.39,0
DL-10515,Barasa Traders,0717913023,31867776,Machakos,Mini mart,2025-02-05,17,3.3,9040.0,2,3,0.1,0
DL-13359,Mutua Mart,0718176265,30846142,Nairobi,Mini mart,2025-10-03,9,0.8,3000.0,1,1,0.43,0
DL-13265,Kamau Stores,0792381707,29969691,Uasin Gishu,General shop,2025-05-06,14,0.8,3840.0,1,1,0.5,0
DL-12311,Mwangi Traders,0790341375,24948453,Nairobi,Hardware,2025-09-03,10,2.4,4910.0,3,3,0.21,1
DL-11328,Nyambura Stores,0775580718,18252512,Nakuru,Mini mart,2025-05-06,14,0.8,6610.0,1,1,0.22,0
DL-10615,Wairimu Supplies,0759763380,38350112,Kisumu,Agrovet,2024-06-10,25,0.8,2590.0,0,0,0.1,0
DL-12984,Njeri Shop,0726523696,13451943,Kisumu,Agrovet,2026-05-31,1,1.0,10800.0,1,0,0.0,0
DL-12605,Achieng Stores,0786246554,16730069,Kiambu,General shop,2025-05-06,14,0.2,6390.0,2,1,0.0,1
DL-10862,Wafula Stores,0739402511,37955866,Nairobi,Mini mart,2026-01-31,5,0.4,1390.0,2,1,0.0,0
DL-11010,Njeri Stores,0726576144,10004823,Nakuru,General shop,2023-11-13,32,0.4,7590.0,3,0,0.4,0
DL-14601,Atieno Supplies,0763389080,13634223,Kisumu,Electronics,2024-03-12,28,2.2,8620.0,1,2,0.19,0
DL-10321,Wafula Enterprises,0730894778,12047268,Meru,General shop,2025-04-06,15,0.4,7400.0,0,1,0.4,0
DL-13753,Otieno Supplies,0794345439,17527560,Mombasa,Agrovet,2024-08-09,23,2.0,5300.0,2,3,0.12,1
DL-10194,Barasa Mini Mart,0766954085,27136791,Machakos,Mini mart,2025-10-03,9,0.6,10400.0,3,0,0.4,0
DL-10836,Wafula Stores,0754281526,29465817,Mombasa,General shop,2025-08-04,11,1.5,10300.0,2,3,0.31,0
DL-11439,Mutua Mini Mart,0745411692,25773641,Nairobi,,2025-08-04,11,1.3,2700.0,1,1,0.43,0
DL-12812,Wanjiku Enterprises,0715085644,28667500,Mombasa,Agrovet,2024-09-08,22,0.4,5740.0,0,1,0.2,0
DL-10210,Auma Shop,0755709190,20365044,Nairobi,Pharmacy,2025-10-03,9,2.6,3590.0,1,0,0.3,0
DL-14838,Chebet Stores,0735036300,17807528,Mombasa,Pharmacy,2026-04-01,3,1.3,1540.0,3,2,0.25,1
DL-14677,Kamau Shop,0710128353,38086430,Kisumu,Agrovet,2025-02-05,17,1.4,5870.0,1,0,0.12,0
DL-13556,Kamau Enterprises,0731659222,36224233,Kiambu,General shop,2025-08-04,11,0.1,9150.0,1,0,0.0,0
DL-14960,Nyambura Supplies,0719328851,35611631,Nairobi,General shop,2023-05-17,38,1.8,1790.0,1,0,0.57,0
DL-11615,Chebet Mini Mart,0734209540,38953591,Mombasa,Pharmacy,2024-10-08,21,1.2,3720.0,1,5,0.33,1
DL-12688,Achieng Traders,0766777233,20186842,Kiambu,Hardware,2025-09-03,10,3.9,8760.0,2,3,0.72,0
DL-10234,Achieng Mart,0748426099,37820347,Kiambu,General shop,2026-01-01,6,1.2,10060.0,0,4,0.29,0
DL-10546,Barasa Traders,0732945654,19233507,Nairobi,General shop,2025-09-03,10,1.0,,1,0,0.7,1
DL-14197,Mutua Duka,0763570246,11717153,Nairobi,General shop,2022-07-21,48,0.4,1800.0,0,1,0.0,0
DL-12586,Mutua Traders,0754781566,39442515,Kiambu,Electronics,2025-12-02,7,2.3,6040.0,0,1,0.62,0
DL-12259,Barasa Mini Mart,0790410051,26967271,Nairobi,General shop,2024-11-07,20,1.8,4400.0,2,1,0.33,1
DL-12310,Auma Shop,0794570090,10227843,Nairobi,General shop,2025-12-02,7,0.3,5840.0,1,2,0.5,1
DL-14260,Barasa Traders,0793306328,14312124,Meru,Mini mart,2023-03-18,40,2.7,8670.0,3,2,0.22,0
DL-13691,Otieno Enterprises,0788335080,10553210,Kisumu,Mini mart,2025-08-04,11,0.5,11210.0,2,2,0.33,0
DL-10126,Chebet Supplies,0792315514,28452094,Nakuru,Agrovet,2025-06-05,13,2.1,9810.0,0,1,0.2,0
DL-14708,Otieno Shop,0796322726,10387876,Nairobi,General shop,2022-09-19,46,2.5,3920.0,2,3,0.03,0
DL-13923,Wafula Mart,0742718874,18453950,Nairobi,Pharmacy,2024-01-12,30,1.2,2840.0,0,0,0.36,0
DL-11511,Mutua Shop,0716776314,10223277,Meru,Electronics,2023-02-16,41,0.5,,3,2,0.17,0
DL-13166,Wafula Mini Mart,0783207974,30350461,Machakos,Mini mart,2021-10-24,57,1.8,9450.0,1,1,0.0,0
DL-13725,Wanjiku Mini Mart,0745575084,22910780,Nakuru,Hardware,2025-12-02,7,2.0,5640.0,0,0,0.36,0
DL-12868,Wanjiku Mini Mart,0719943246,33713336,Nairobi,General shop,2024-09-08,22,2.8,2920.0,2,4,0.76,0
DL-13248,Wafula Mini Mart,0737159109,24489570,Uasin Gishu,Electronics,2026-01-01,6,2.2,2460.0,1,0,0.38,1
DL-13774,Achieng Mart,0715582930,20894768,Machakos,General shop,2025-02-05,17,1.2,5540.0,3,3,0.21,0
DL-14879,Auma Stores,0732194617,28640855,Uasin Gishu,Mini mart,2024-01-12,30,0.9,3230.0,0,0,0.18,0
DL-10867,Atieno Traders,0771093510,36311430,Nakuru,Hardware,2026-01-31,5,0.2,15320.0,2,1,0.0,0
DL-10760,Njeri Enterprises,0788501274,19309939,Meru,General shop,2024-05-11,26,0.5,9340.0,0,0,0.17,0
DL-10788,Wanjiku Traders,0781235739,29583526,Kiambu,Pharmacy,2023-12-13,31,1.0,3410.0,0,0,0.17,0
DL-13958,Njeri Mini Mart,0779560944,35393545,Kiambu,Pharmacy,2024-10-08,21,3.2,4780.0,4,2,0.53,0
DL-10466,Mwangi Duka,0727546920,20045570,Nairobi,Mini mart,2025-05-06,14,1.2,6610.0,1,1,0.2,0
DL-10840,Mwangi Enterprises,0731552500,16784913,Uasin Gishu,Mini mart,2025-08-04,11,2.9,11310.0,2,4,0.47,0
DL-11754,Otieno Traders,0725216905,25842149,Nairobi,Pharmacy,2023-04-17,39,1.2,6130.0,1,1,0.07,0
DL-10455,Omondi Supplies,0712910898,34292915,Kiambu,Mini mart,2025-05-06,14,1.2,4660.0,0,1,0.47,0
DL-11852,Kamau Duka,0713485843,21765691,Kisumu,General shop,2024-11-07,20,3.2,7270.0,6,7,0.38,1
DL-10989,Otieno Stores,0759387610,19326697,Nairobi,General shop,2024-09-08,22,1.8,12510.0,2,1,0.27,0
DL-11151,Njeri Traders,0751627887,24957783,Uasin Gishu,Mini mart,2024-12-07,19,2.5,5580.0,3,4,0.37,1
DL-13802,Wairimu Enterprises,0757253261,30762969,Nairobi,,2025-07-05,12,3.2,11520.0,5,4,0.58,1
DL-14428,Kiprop Mini Mart,0755216734,36727786,Kiambu,Mini mart,2024-04-11,27,1.0,5900.0,2,4,0.58,0
DL-11209,Achieng Traders,0769442834,22373800,Kisumu,Mini mart,2025-06-05,13,0.3,7820.0,2,1,0.5,0
DL-11939,Achieng Duka,0719343216,17347130,Nairobi,Electronics,2026-03-02,4,1.8,6040.0,2,0,0.43,0
DL-11459,Omondi Enterprises,0740549496,27735976,Kisumu,Hardware,2024-11-07,20,0.6,3430.0,2,1,0.0,0
DL-12760,Nyambura Duka,0719455067,19903703,Machakos,Mini mart,2024-09-08,22,1.6,5210.0,1,0,0.53,0
DL-11729,Nyambura Mini Mart,0725179560,37430812,Machakos,Hardware,2023-11-13,32,0.8,11440.0,0,0,0.0,0
DL-10710,Chebet Enterprises,0756750640,26732085,Nairobi,General shop,2025-05-06,14,1.1,,2,1,0.38,1
DL-10270,Wanjiku Duka,0727218492,21514787,Nairobi,General shop,2025-08-04,11,0.2,4150.0,3,0,1.0,0
DL-13981,Wanjiku Mini Mart,0754282819,10359266,Kiambu,Electronics,2024-08-09,23,1.4,1920.0,0,3,0.47,0
DL-14636,Kamau Mini Mart,0758323064,31655629,Nakuru,General shop,2024-12-07,19,5.4,9530.0,2,2,0.77,0
DL-13158,Wairimu Enterprises,0748680837,16637681,Nairobi,Electronics,2024-09-08,22,3.0,,5,4,0.11,0
DL-11088,Wafula Supplies,0787769327,31077188,Kisumu,Agrovet,2025-05-06,14,0.2,18410.0,0,0,0.33,0
DL-14864,Nyambura Mini Mart,0722649885,19442351,Kiambu,Electronics,2024-05-11,26,0.9,8230.0,1,0,0.0,0
DL-10197,Auma Traders,0723719707,10124910,Meru,Hardware,2024-08-09,23,0.8,3320.0,0,0,0.44,0
DL-11243,Nyambura Traders,0737503873,33668010,Nairobi,General shop,2024-11-07,20,0.8,2330.0,0,0,0.0,0
DL-12193,Mutua Traders,0731792583,10548595,Nakuru,General shop,2024-03-12,28,2.3,2500.0,4,3,0.07,0
DL-13537,Njeri Enterprises,0761950047,34994516,Nairobi,Mini mart,2024-09-08,22,3.2,6810.0,2,2,0.1,1
DL-14329,Wairimu Supplies,0790434338,22722253,Uasin Gishu,General shop,2025-04-06,15,0.8,4070.0,0,1,0.11,0
DL-11167,Kiprop Stores,0777208327,15487642,Machakos,General shop,2022-11-18,44,2.0,9730.0,1,0,0.12,0
DL-10481,Mutua Supplies,0775882468,27455430,Nakuru,General shop,2025-02-05,17,1.5,3480.0,0,0,0.67,0
DL-12816,Wanjiku Mini Mart,0775969694,24128205,Mombasa,General shop,2026-03-02,4,0.2,3950.0,1,0,0.0,0
DL-14187,Atieno Mart,0730037790,26605276,Uasin Gishu,Agrovet,2023-10-14,33,1.2,3710.0,1,2,0.4,1
DL-10593,Omondi Stores,0778265671,13202744,Kisumu,Agrovet,2026-01-31,5,0.4,,1,0,0.5,0
DL-10768,Wafula Duka,0718080003,23473317,Nakuru,General shop,2025-10-03,9,1.1,10290.0,2,3,0.3,1
DL-12117,Auma Traders,0726701407,12178899,Nairobi,Hardware,2024-10-08,21,0.8,5980.0,3,1,0.2,0
DL-11604,Wanjiku Mart,0718328200,17611616,Nairobi,General shop,2024-01-12,30,2.2,6960.0,2,6,0.04,0
DL-11493,Chebet Supplies,0761245749,16109483,Nairobi,Electronics,2025-06-05,13,0.7,11000.0,2,2,0.62,1
DL-13094,Atieno Shop,0745039514,17623493,Uasin Gishu,Hardware,2023-02-16,41,0.5,6550.0,0,1,0.33,0
DL-12439,Nyambura Stores,0747647036,23441725,Meru,General shop,2025-11-02,8,2.2,6800.0,3,2,0.44,1
DL-11341,Wairimu Mart,0713053694,12280281,Kisumu,Agrovet,2026-05-31,1,1.0,9950.0,1,0,0.0,1
DL-13743,Wairimu Duka,0798109021,39212958,Meru,Mini mart,2025-04-06,15,4.8,4320.0,2,5,0.29,1
DL-13312,Chebet Stores,0711681244,34400063,Nairobi,Hardware,2025-11-02,8,1.5,8500.0,0,0,0.42,0
DL-13613,Mutua Duka,0717626312,30009084,Nairobi,Hardware,2025-07-05,12,1.1,10800.0,4,3,0.62,1
DL-12120,Nyambura Duka,0772223814,34462293,Nairobi,Agrovet,2025-10-03,9,2.7,18760.0,0,2,0.04,0
DL-12538,Mwangi Stores,0733568247,27135899,Nakuru,,2024-07-10,24,1.9,6520.0,2,5,0.09,1
DL-11412,Nyambura Stores,0731113314,27964392,Machakos,Electronics,2023-11-13,32,3.2,8580.0,1,1,0.21,0
DL-13708,Omondi Duka,0723874484,12613017,Kiambu,Agrovet,2026-01-01,6,1.2,4380.0,2,2,0.71,1
DL-10885,Mwangi Shop,0755755209,22994713,Nairobi,General shop,2024-11-07,20,0.9,6090.0,0,0,0.09,0
DL-13795,Omondi Stores,0781519592,21672295,Nakuru,Electronics,2023-03-18,40,0.7,,1,0,0.38,0
DL-10990,Auma Stores,0755288868,20356975,Kiambu,Agrovet,2025-03-07,16,3.0,5860.0,1,4,0.11,0
DL-14951,Mwangi Duka,0781815787,12664415,Mombasa,Hardware,2024-02-11,29,0.4,3360.0,1,0,0.0,0
DL-13285,Omondi Shop,0746103220,33865688,Nairobi,Electronics,2024-03-12,28,0.8,9390.0,0,0,0.56,0
DL-13244,Atieno Enterprises,0760543186,37075288,Nairobi,Mini mart,2025-09-03,10,0.6,5580.0,1,1,0.33,1
DL-14773,Chebet Traders,0720041936,12261831,Mombasa,Mini mart,2025-03-07,16,0.8,11180.0,3,2,0.11,0
DL-11403,Wafula Traders,0740136695,32199024,Uasin Gishu,General shop,2023-11-13,32,1.5,5770.0,2,3,0.44,1
DL-10562,Wafula Supplies,0729697336,28470188,Nairobi,Mini mart,2025-05-06,14,1.4,8130.0,1,0,0.18,0
DL-10266,Mutua Stores,0767220265,12253616,Nairobi,Electronics,2024-11-07,20,1.1,5160.0,2,1,0.31,0
DL-10177,Chebet Shop,0790736366,25249452,Kiambu,Electronics,2024-01-12,30,1.2,5400.0,0,1,0.43,0
DL-14733,Wafula Stores,0769443352,35352232,Kiambu,General shop,2025-12-02,7,2.1,6930.0,0,3,0.33,0
DL-14955,Njeri Shop,0720702335,34466672,Kiambu,Hardware,2025-02-05,17,0.6,3460.0,0,1,0.29,0
DL-11369,Kamau Shop,0713235976,33741365,Nairobi,General shop,2024-01-12,30,2.6,8640.0,2,2,0.42,0
DL-13447,Nyambura Mini Mart,0737783410,38171028,Nakuru,General shop,2025-05-06,14,1.9,8590.0,1,1,0.13,0
DL-11690,Achieng Duka,0783637079,11396978,Mombasa,General shop,2024-04-11,27,2.1,8930.0,4,3,0.4,0
DL-11389,Njeri Enterprises,0798543101,33667139,Nairobi,General shop,2025-12-02,7,0.4,6770.0,0,0,0.0,0
DL-11847,Chebet Stores,0771612045,16866893,Kiambu,General shop,2024-11-07,20,4.4,2360.0,6,14,0.17,1
DL-10076,Wafula Mini Mart,0789994553,35514816,Uasin Gishu,General shop,2025-03-07,16,2.3,4990.0,2,3,0.39,0
DL-13731,Atieno Traders,0717030794,22505036,Mombasa,General shop,2026-01-31,5,1.4,,1,1,0.43,0
DL-10683,Wafula Duka,0759640465,24059308,Nakuru,Pharmacy,2024-09-08,22,2.2,3680.0,0,3,0.5,0
DL-11992,Nyambura Supplies,0736258330,18485632,Kiambu,General shop,2024-12-07,19,0.4,2910.0,3,0,0.8,1
DL-13305,Chebet Mini Mart,0794671136,17313561,Nairobi,Hardware,2025-01-06,18,2.1,3810.0,0,2,0.4,0
DL-13021,Wanjiku Supplies,0753808068,26387512,Uasin Gishu,Agrovet,2024-12-07,19,1.8,5560.0,0,3,0.5,0
DL-10675,Njeri Mart,0768991697,10179712,Mombasa,General shop,2025-04-06,15,0.8,1600.0,1,0,0.33,0
DL-12063,Chebet Enterprises,0769682766,13786031,Nairobi,Mini mart,2025-08-04,11,1.7,,0,1,0.16,0
DL-11826,Wairimu Mart,0798940981,31336179,Kiambu,General shop,2024-06-10,25,0.2,3820.0,0,0,0.0,0
DL-12536,Omondi Stores,0750500374,10682904,Mombasa,Mini mart,2024-10-08,21,1.4,5210.0,0,0,0.24,0
DL-12547,Njeri Enterprises,0753419656,30093547,Kiambu,General shop,2025-02-05,17,1.7,5210.0,5,6,0.1,1
DL-11001,Atieno Enterprises,0716260396,24996825,Mombasa,General shop,2024-08-09,23,0.8,3250.0,4,2,0.5,1
DL-10027,Kiprop Traders,0799319988,32156356,Uasin Gishu,General shop,2025-05-06,14,0.2,27000.0,2,0,0.0,1
DL-13250,Auma Mart,0796070216,32951322,Nairobi,Mini mart,2023-09-14,34,1.5,4000.0,1,1,0.33,0
DL-12499,Wairimu Shop,0783588141,15678173,Nakuru,Electronics,2025-07-05,12,1.9,5960.0,1,3,0.26,0
DL-14787,Mutua Duka,0710922233,31950012,Nairobi,,2024-11-07,20,3.5,1630.0,2,7,0.29,1
DL-10517,Omondi Traders,0754004870,22431046,Kiambu,Electronics,2025-08-04,11,0.7,2450.0,0,1,0.75,0
DL-10300,Chebet Stores,0734865727,25239309,Nairobi,General shop,2026-01-31,5,1.0,12720.0,1,0,0.4,0
DL-13647,Achieng Stores,0783128245,39736336,Nakuru,Electronics,2025-05-06,14,0.5,8230.0,0,0,0.17,1
DL-10402,Mwangi Supplies,0723316298,24088766,Kiambu,General shop,2023-11-13,32,1.4,13690.0,2,7,0.29,1
DL-11841,Kamau Shop,0762127722,38817580,Kisumu,Hardware,2024-06-10,25,0.8,7310.0,2,0,0.22,0
DL-10654,Nyambura Mart,0796080256,10265599,Mombasa,General shop,2023-06-16,37,2.7,7430.0,4,5,0.16,0
DL-14372,Otieno Shop,0710074454,34489943,Kiambu,Agrovet,2026-01-01,6,0.7,4600.0,1,1,0.0,0
DL-12738,Barasa Shop,0734429282,19578801,Kiambu,Agrovet,2025-05-06,14,1.4,9060.0,1,2,0.06,0
DL-11190,Atieno Stores,0748766790,33308761,Machakos,Agrovet,2024-10-08,21,0.6,12030.0,3,2,0.29,0
DL-14315,Chebet Enterprises,0730919041,33881257,Kiambu,Mini mart,2025-03-07,16,0.8,6420.0,1,0,0.11,0
DL-13527,Mutua Stores,0737141804,34084711,Nairobi,Electronics,2024-10-08,21,0.8,5500.0,1,0,0.0,0
DL-11822,Barasa Traders,0780787168,21333909,Nairobi,General shop,2024-12-07,19,0.2,5990.0,0,0,0.33,0
DL-12798,Mutua Supplies,0732679999,20420554,Machakos,Mini mart,2023-12-13,31,2.1,3090.0,0,1,0.24,0
DL-13812,Nyambura Enterprises,0777958938,22293687,Nairobi,General shop,2025-03-07,16,1.7,2880.0,3,4,0.6,1
DL-14088,Otieno Enterprises,0739301994,21956124,Nakuru,Electronics,2024-06-10,25,0.2,5420.0,2,0,0.0,0
DL-11324,Otieno Traders,0752101014,15359874,Kisumu,General shop,2024-07-10,24,2.0,2350.0,2,2,0.17,0
DL-13602,Njeri Mini Mart,0753751275,39524337,Nakuru,General shop,2023-12-13,31,2.8,8550.0,3,10,0.06,1
DL-12338,Barasa Mini Mart,0715742855,19184783,Nairobi,Hardware,2024-11-07,20,1.2,1940.0,1,0,0.21,0
DL-10097,Wairimu Mart,0793561866,26345037,Machakos,General shop,2024-05-11,26,1.2,8260.0,4,2,0.14,1
DL-11495,Omondi Shop,0748007496,16885895,Kiambu,Mini mart,2025-08-04,11,1.2,2960.0,1,0,0.46,0
DL-11536,Achieng Traders,0738167881,36177842,Nairobi,General shop,2024-06-10,25,2.6,7450.0,2,1,0.48,0
DL-11052,Atieno Shop,0710338448,11087298,Nairobi,Electronics,2025-10-03,9,0.2,6140.0,1,0,0.5,0
DL-10676,Wafula Mini Mart,0748095952,35213142,Nairobi,Mini mart,2024-06-10,25,1.1,4020.0,3,3,0.15,0
DL-12634,Njeri Enterprises,0773238462,13625970,Nairobi,Mini mart,2024-10-08,21,0.6,2330.0,2,1,0.0,0
DL-14515,Barasa Duka,0771569775,18970873,Machakos,Hardware,2026-03-02,4,0.2,,0,0,0.0,0
DL-14778,Atieno Traders,0725538673,33476972,Mombasa,General shop,2025-01-06,18,1.7,7000.0,1,1,0.1,0
DL-11706,Mutua Mart,0746759040,32579335,Machakos,Mini mart,2025-09-03,10,1.3,4190.0,0,2,0.38,0
DL-10222,Kiprop Stores,0765440211,18185446,Nairobi,Pharmacy,2025-04-06,15,4.8,4620.0,3,5,0.14,0
DL-13865,Omondi Traders,0789483009,16137130,Kisumu,Mini mart,2024-08-09,23,1.0,5170.0,4,1,0.25,0
DL-13930,Otieno Duka,0780892097,33311708,Nairobi,Mini mart,2025-10-03,9,1.6,5600.0,1,5,0.5,1
DL-12033,Auma Stores,0745728242,12982119,Kisumu,Mini mart,2024-06-10,25,1.8,3000.0,1,1,0.05,0
DL-13918,Atieno Stores,0732054924,30656821,Mombasa,Mini mart,2025-04-06,15,1.5,4680.0,8,6,0.11,1
DL-10161,Nyambura Duka,0773434606,24384299,Uasin Gishu,Mini mart,2023-11-13,32,0.2,3120.0,0,0,0.0,0
DL-11109,Kiprop Supplies,0785007469,20317694,Nairobi,Hardware,2023-06-16,37,1.7,7710.0,1,1,0.05,0
DL-11375,Achieng Supplies,0710061264,10401943,Kisumu,Hardware,2021-07-26,60,1.9,4600.0,5,7,0.22,0
DL-12521,Achieng Traders,0755460967,21230421,Nakuru,Mini mart,2025-12-02,7,0.7,7080.0,0,0,0.0,0
DL-10587,Nyambura Mini Mart,0792897508,36185119,Machakos,Agrovet,2025-12-02,7,0.9,3430.0,2,2,0.17,0
DL-11200,Kiprop Mini Mart,0739908468,25608813,Nairobi,General shop,2025-02-05,17,2.2,,1,0,0.11,0
DL-13594,Otieno Enterprises,0732093056,35788533,Kisumu,General shop,2025-07-05,12,1.2,5210.0,3,3,0.29,1
DL-14342,Wanjiku Traders,0718866281,13566072,Mombasa,Mini mart,2023-02-16,41,1.1,13310.0,0,2,0.15,0
DL-12873,Atieno Traders,0789997601,24449429,Kiambu,General shop,2021-07-26,60,0.3,5930.0,0,0,0.0,0
DL-12761,Achieng Mart,0735636215,33955368,Mombasa,,2025-11-02,8,0.6,6810.0,1,0,0.0,0
DL-12326,Kamau Shop,0781947649,24787572,Machakos,Hardware,2025-10-03,9,0.8,,0,1,0.29,0
DL-14097,Atieno Mini Mart,0776927768,22212392,Kiambu,Pharmacy,2024-08-09,23,2.5,4860.0,3,2,0.47,0
DL-11685,Wafula Enterprises,0789932694,29336348,Kisumu,Pharmacy,2025-11-02,8,2.8,4520.0,1,4,0.41,1
DL-12372,Wairimu Enterprises,0777979287,39591083,Mombasa,General shop,2024-12-07,19,2.2,5840.0,4,9,0.19,1
DL-10265,Mwangi Duka,0713062563,31689514,Nairobi,General shop,2023-01-17,42,1.5,6170.0,0,0,0.22,0
DL-14024,Njeri Mart,0796941334,17488817,Meru,Mini mart,2025-03-07,16,2.5,185540.0,2,3,0.3,0
DL-11783,Wanjiku Duka,0752302769,37591445,Uasin Gishu,General shop,2023-04-17,39,0.2,8240.0,1,0,0.33,0
DL-14443,Mutua Mart,0726895261,33230541,Mombasa,General shop,2024-10-08,21,1.8,16800.0,1,3,0.1,0
DL-11881,Chebet Shop,0753590393,28786218,Kisumu,Mini mart,2022-05-22,50,0.9,14760.0,0,0,0.64,0
DL-11465,Wairimu Enterprises,0734067872,25331873,Kisumu,,2024-07-10,24,1.6,3340.0,0,0,0.0,0
DL-14589,Wafula Traders,0745142488,11086326,Uasin Gishu,Mini mart,2023-05-17,38,3.0,3020.0,0,1,0.31,0
DL-11195,Atieno Traders,0713329527,16711300,Uasin Gishu,General shop,2025-10-03,9,0.7,4220.0,0,1,0.17,0
DL-13156,Kamau Duka,0773573068,33368338,Kiambu,General shop,2025-05-06,14,2.1,16430.0,3,3,0.16,0
DL-11598,Omondi Traders,0789832028,19056463,Kisumu,General shop,2026-04-01,3,1.0,2720.0,1,0,0.0,0
DL-12708,Auma Supplies,0760964359,28552076,Kisumu,Mini mart,2026-03-02,4,1.5,5920.0,3,2,0.0,1
DL-11252,Wairimu Duka,0768812716,28659162,Machakos,Hardware,2023-08-15,35,1.0,1970.0,7,5,0.67,1
DL-10414,Achieng Shop,0786664209,26913208,Nakuru,General shop,2025-07-05,12,0.9,13260.0,3,4,0.0,0
DL-11703,Mutua Duka,0797667678,34819395,Kiambu,Hardware,2022-03-23,52,2.7,6680.0,1,2,0.22,0
DL-14171,Wafula Shop,0733726205,27858918,Nairobi,General shop,2025-07-05,12,0.3,6880.0,0,1,0.0,0
DL-14005,Wafula Mart,0722552306,27229571,Machakos,General shop,2024-09-08,22,1.1,3310.0,0,0,0.0,0
DL-11748,Chebet Shop,0794869638,31799842,Nairobi,Electronics,2025-10-03,9,1.0,6450.0,2,3,0.22,1
DL-12047,Chebet Supplies,0770870977,10972218,Kiambu,General shop,2024-03-12,28,0.3,4660.0,1,1,0.0,0
DL-14433,Mwangi Mart,0757686252,33939345,Nairobi,General shop,2026-03-02,4,2.0,1580.0,2,1,0.0,0
DL-14300,Mutua Traders,0782435152,14656978,Mombasa,Electronics,2024-11-07,20,1.1,6460.0,1,1,0.38,0
DL-14138,Nyambura Supplies,0759073001,30722298,Kisumu,Pharmacy,2026-01-31,5,3.2,9140.0,3,9,0.25,0
DL-13226,Wanjiku Duka,0718219045,36451916,Mombasa,Mini mart,2024-12-07,19,1.1,4070.0,1,0,0.08,0
DL-11978,Mwangi Traders,0781569060,36689865,Nairobi,Hardware,2026-01-01,6,2.3,11720.0,2,1,0.21,0
DL-11098,Wanjiku Supplies,0793266876,17297452,Nairobi,General shop,2025-09-03,10,1.5,11340.0,0,2,0.27,0
DL-12466,Omondi Traders,0725744565,37404092,Kisumu,Agrovet,2023-08-15,35,1.1,9920.0,1,1,0.08,0
DL-14423,Barasa Traders,0736241694,36485395,Nairobi,General shop,2025-03-07,16,1.0,6690.0,1,2,0.5,0
DL-13749,Wafula Mini Mart,0757057441,30011828,Kiambu,Electronics,2024-08-09,23,0.2,4950.0,0,0,0.33,0
DL-13740,Kiprop Traders,0783203214,17258604,Nairobi,Pharmacy,2025-10-03,9,1.1,8000.0,1,0,0.2,1
DL-14466,Wairimu Mini Mart,0757744329,31745227,Nairobi,Mini mart,2024-09-08,22,2.3,5870.0,3,2,0.43,0
DL-11061,Mwangi Mart,0711264786,32410426,Nairobi,Electronics,2025-03-07,16,0.8,3890.0,0,0,0.11,0
DL-14306,Omondi Traders,0766045385,19832191,Nairobi,Electronics,2025-07-05,12,1.8,2510.0,4,3,0.23,0
DL-12621,Barasa Shop,0726329411,30500984,Nakuru,Mini mart,2026-03-02,4,0.5,12200.0,3,1,0.0,0
DL-12289,Nyambura Mini Mart,0764934560,16540739,Mombasa,General shop,2024-01-12,30,1.7,7720.0,0,0,0.8,0
DL-14767,Omondi Shop,0797202457,12302997,Meru,Mini mart,2025-12-02,7,0.6,,0,0,0.0,0
DL-10208,Wairimu Shop,0760173054,36473524,Kisumu,General shop,2024-12-07,19,0.9,3960.0,1,1,0.18,0
DL-11165,Mutua Supplies,0754922593,13041421,Nairobi,Hardware,2024-12-07,19,0.1,3560.0,1,0,0.0,0
DL-10263,Mwangi Traders,0716983603,16726779,Kisumu,Mini mart,2023-04-17,39,3.0,8550.0,1,4,0.28,0
DL-14680,Wanjiku Mart,0741186830,33597724,Kisumu,Mini mart,2026-04-01,3,1.7,4630.0,1,1,0.2,0
DL-14686,Mutua Enterprises,0748391534,33585490,Machakos,General shop,2025-05-06,14,0.8,2170.0,1,0,0.22,0
DL-11170,Auma Stores,0722507054,38520501,Mombasa,Mini mart,2023-08-15,35,0.6,3380.0,5,1,0.29,0
DL-14883,Omondi Duka,0743525238,10935016,Nairobi,Pharmacy,2024-08-09,23,1.4,3110.0,1,4,0.59,0
DL-13196,Kamau Traders,0750780975,35921266,Nairobi,Mini mart,2025-12-02,7,0.7,6580.0,1,1,0.8,1
DL-14612,Wanjiku Duka,0712077845,23042279,Nairobi,General shop,2025-03-07,16,1.0,4320.0,0,2,0.08,0
DL-12730,Njeri Enterprises,0793212078,16926783,Nairobi,Electronics,2024-11-07,20,1.6,8340.0,4,6,0.16,0
DL-11483,Nyambura Mini Mart,0729509745,38667323,Kisumu,Hardware,2022-09-19,46,1.9,3710.0,0,1,0.39,0
DL-14823,Chebet Supplies,0788178895,31195331,Nairobi,General shop,2024-09-08,22,2.8,2480.0,2,2,0.26,0
DL-12990,Chebet Duka,0760992856,27189758,Mombasa,,2024-12-07,19,0.9,6060.0,1,0,0.0,0
DL-12848,Wanjiku Traders,0769614980,11367058,Kiambu,General shop,2024-01-12,30,4.6,4290.0,1,2,0.05,0
DL-11301,Chebet Duka,0770283739,28293664,Mombasa,Pharmacy,2023-01-17,42,1.2,4550.0,1,3,0.6,0
DL-10631,Njeri Shop,0733585078,37420518,Machakos,General shop,2025-01-06,18,1.7,6980.0,0,1,0.3,1
DL-12375,Nyambura Supplies,0751030760,38187457,Nairobi,General shop,2025-12-02,7,0.9,7220.0,0,2,0.0,0
DL-10689,Mwangi Enterprises,0769977665,24101376,Nairobi,Mini mart,2024-12-07,19,1.8,3820.0,0,1,0.27,0
DL-10050,Wairimu Duka,0771892531,23964272,Meru,Electronics,2025-06-05,13,1.8,15910.0,3,2,0.24,0
DL-12343,Atieno Enterprises,0736756052,39112512,Nairobi,General shop,2026-04-01,3,0.7,1440.0,0,1,0.0,0
DL-10373,Auma Stores,0732177101,35792158,Nairobi,General shop,2026-03-02,4,2.8,4580.0,3,3,0.36,1
DL-10697,Chebet Stores,0730825209,24049640,Nairobi,General shop,2022-03-23,52,1.4,12130.0,0,3,0.88,0
DL-13034,Achieng Traders,0715754927,39846812,Mombasa,General shop,2024-03-12,28,3.2,6910.0,2,3,0.34,0
DL-13702,Barasa Mart,0787337529,10849986,Kiambu,,2023-04-17,39,1.6,5410.0,1,1,0.26,0
DL-13319,Achieng Mart,0745976244,26072777,Machakos,General shop,2026-05-31,1,1.0,6570.0,1,0,0.0,0
DL-11985,Mwangi Traders,0765356588,12362665,Kisumu,General shop,2024-11-07,20,1.4,8500.0,1,3,0.12,0
DL-12397,Wairimu Mart,0729243926,18379523,Nairobi,Mini mart,2025-01-06,18,0.9,7140.0,2,4,0.18,0
DL-14132,Achieng Mini Mart,0728478945,10519732,Uasin Gishu,,2025-08-04,11,0.7,7620.0,1,0,0.12,0
DL-13255,Wanjiku Mini Mart,0791151669,31798497,Nairobi,General shop,2025-06-05,13,0.5,7570.0,1,0,0.17,0
DL-12424,Kamau Traders,0792940509,12543569,Mombasa,Hardware,2025-11-02,8,0.1,5570.0,1,0,0.0,0
DL-13597,Omondi Supplies,0715389876,20087757,Kiambu,Pharmacy,2025-01-06,18,1.2,4970.0,0,1,0.07,0
DL-10188,Kamau Mart,0732814991,29880863,Meru,Mini mart,2024-02-11,29,0.5,2330.0,0,1,0.33,0
DL-10693,Wairimu Shop,0753113639,17829032,Nakuru,Pharmacy,2025-12-02,7,0.6,6800.0,2,2,0.0,0
DL-13718,Kiprop Enterprises,0749365672,30864378,Mombasa,General shop,2025-10-03,9,1.1,5710.0,3,0,0.4,0
DL-14953,Achieng Shop,0765716253,15371226,Nairobi,Mini mart,2024-05-11,26,2.2,5560.0,4,3,0.07,0
DL-12449,Mutua Mart,0728079701,13210954,Nairobi,General shop,2026-04-01,3,0.7,2260.0,0,0,0.0,0
DL-11097,Auma Stores,0756119676,38830583,Mombasa,Electronics,2025-02-05,17,1.2,,4,4,0.07,1
DL-13567,Njeri Shop,0752499280,28444039,Kiambu,General shop,2026-01-01,6,1.8,4950.0,0,1,0.18,1
DL-11747,Barasa Mini Mart,0759919827,17454924,Nairobi,Mini mart,2025-02-05,17,0.2,2430.0,1,0,0.33,0
DL-13238,Otieno Supplies,0750724737,25999156,Nairobi,Mini mart,2025-03-07,16,0.4,4230.0,2,0,0.4,1
DL-12645,Mwangi Stores,0755460012,22292273,Uasin Gishu,Electronics,2024-12-07,19,5.8,4260.0,3,7,0.58,0
DL-13732,Wanjiku Supplies,0791134853,33473546,Nairobi,Hardware,2025-12-02,7,2.0,3940.0,3,3,0.07,1
DL-10493,Njeri Shop,0794715731,26180119,Kisumu,Pharmacy,2024-11-07,20,6.0,2870.0,3,3,0.31,1
DL-13845,Kamau Supplies,0779393346,36502999,Meru,General shop,2024-12-07,19,1.2,4950.0,2,3,0.07,1
DL-13274,Kamau Stores,0716377431,18679689,Nairobi,Mini mart,2025-09-03,10,2.9,,2,1,0.17,0
DL-10729,Otieno Enterprises,0754064279,37049746,Machakos,General shop,2025-10-03,9,2.4,4140.0,3,3,0.18,1
DL-14043,Omondi Mini Mart,0763637405,21495767,Kiambu,General shop,2025-10-03,9,0.7,10840.0,1,0,0.33,0
DL-10824,Barasa Supplies,0741722620,16568278,Meru,Pharmacy,2024-03-12,28,0.5,3850.0,4,0,0.5,0
DL-13307,Kiprop Mini Mart,0763461676,27499392,Kisumu,General shop,2024-03-12,28,1.1,7060.0,2,3,0.54,1
DL-11590,Wanjiku Supplies,0795167580,12093152,Meru,Electronics,2024-10-08,21,2.2,7500.0,0,4,0.19,0
DL-14913,Mutua Traders,0749330096,37135444,Uasin Gishu,General shop,2026-05-01,2,1.0,3120.0,2,0,0.0,1
DL-10574,Kiprop Stores,0715705644,21395035,Nairobi,General shop,2025-06-05,13,0.9,4950.0,2,0,0.27,0
DL-10714,Atieno Mart,0795812349,38920403,Nairobi,General shop,2024-03-12,28,0.6,4280.0,0,0,0.57,0
DL-13363,Atieno Traders,0788770517,17399218,Kiambu,Mini mart,2024-04-11,27,2.0,9300.0,2,2,0.08,0
DL-13439,Kiprop Duka,0723744138,27938015,Nakuru,,2025-12-02,7,1.7,3330.0,2,1,0.25,1
DL-10758,Kiprop Stores,0716191713,26984875,Mombasa,General shop,2023-09-14,34,2.5,,1,2,0.37,1
DL-13667,Kamau Mart,0749155327,15686753,Nairobi,Agrovet,2024-05-11,26,1.2,7110.0,0,0,0.73,0
DL-10108,Mwangi Enterprises,0761329224,15403269,Kisumu,Mini mart,2024-07-10,24,1.2,3560.0,1,0,0.36,0
DL-13278,Achieng Supplies,0746358202,36690839,Nairobi,General shop,2026-03-02,4,1.0,9280.0,4,3,0.25,1
DL-11095,Mwangi Enterprises,0722007139,18094292,Nairobi,General shop,2023-05-17,38,0.8,4660.0,5,4,0.44,0
DL-13430,Wairimu Duka,0710960259,39281023,Meru,Pharmacy,2025-06-05,13,1.1,2980.0,1,1,0.54,0
DL-13332,Kamau Shop,0794182534,25238603,Machakos,Agrovet,2022-12-18,43,0.9,,0,0,0.64,0
DL-14505,Mutua Shop,0760352152,16664340,Kiambu,Pharmacy,2024-08-09,23,1.0,2390.0,0,3,0.25,0
DL-11595,Atieno Mini Mart,0791776978,11186867,Nairobi,Mini mart,2023-07-16,36,2.2,2730.0,3,2,0.7,0
DL-13032,Wafula Mart,0797789129,15264669,Machakos,General shop,2024-09-08,22,0.4,9420.0,2,2,0.4,0
DL-13145,Mutua Enterprises,0787690116,13846253,Nairobi,General shop,2024-06-10,25,2.0,6430.0,0,5,0.21,0
DL-10883,Omondi Duka,0768133532,11142178,Nairobi,General shop,2022-07-21,48,0.2,3020.0,2,2,0.0,0
DL-14701,Njeri Shop,0769158031,38027851,Nairobi,Electronics,2024-07-10,24,1.3,9300.0,1,0,0.06,0
DL-10709,Atieno Stores,0727328554,17235132,Nairobi,Mini mart,2025-02-05,17,0.9,5120.0,1,1,0.0,0
DL-11539,Mutua Duka,0743658062,28303833,Nakuru,General shop,2025-02-05,17,1.0,,3,1,0.25,0
DL-10176,Njeri Enterprises,0796518834,22495112,Kisumu,General shop,2023-01-17,42,0.6,2870.0,0,1,0.14,0
DL-14786,Kiprop Shop,0724464131,22138249,Kiambu,General shop,2024-10-08,21,1.9,,0,2,0.13,0
DL-12440,Otieno Stores,0771618663,12668491,Nairobi,General shop,2024-05-11,26,4.2,7470.0,3,2,0.22,0
DL-13085,Kiprop Supplies,0718271340,30208466,Uasin Gishu,Hardware,2025-04-06,15,0.8,5480.0,0,0,0.11,0
DL-13264,Nyambura Enterprises,0761627739,16999583,Nakuru,Agrovet,2025-02-05,17,0.7,6170.0,1,0,0.12,0
DL-14130,Otieno Enterprises,0796952225,22169178,Kisumu,Electronics,2024-06-10,25,0.2,,1,0,0.0,0
DL-11105,Barasa Traders,0754238308,34299648,Machakos,Pharmacy,2026-01-31,5,1.6,1580.0,0,2,0.12,0
DL-12341,Wanjiku Enterprises,0762533218,27612028,Nairobi,,2023-09-14,34,2.5,2920.0,4,13,0.4,1
DL-14898,Mutua Enterprises,0748270686,22508561,Nairobi,Agrovet,2025-04-06,15,1.5,5320.0,0,0,0.0,0
DL-11210,Atieno Mini Mart,0764929777,11406569,Nakuru,General shop,2024-03-12,28,0.8,10450.0,2,1,0.3,0
DL-12387,Otieno Duka,0759257673,32582898,Nairobi,Agrovet,2024-06-10,25,0.4,6940.0,1,0,0.2,0
DL-10505,Mutua Duka,0743098736,34612894,Kisumu,Mini mart,2024-05-11,26,1.5,9160.0,1,0,0.56,1
DL-12125,Nyambura Duka,0760963357,30957673,Mombasa,Mini mart,2024-03-12,28,0.1,8830.0,0,0,0.0,0
DL-12766,Wanjiku Enterprises,0751035612,27681187,Machakos,Hardware,2022-07-21,48,0.9,3060.0,0,0,0.18,0
DL-10726,Wairimu Duka,0741470689,26516461,Uasin Gishu,General shop,2025-04-06,15,1.1,3740.0,1,2,0.23,0
DL-14274,Barasa Mini Mart,0796546643,20260131,Mombasa,General shop,2025-12-02,7,2.9,5900.0,4,0,0.15,1
DL-10630,Wafula Traders,0725665633,22067598,Kiambu,Mini mart,2025-07-05,12,0.3,4890.0,2,1,0.25,0
DL-10748,Mwangi Shop,0790927825,11174975,Meru,Mini mart,2025-09-03,10,1.1,8910.0,2,2,0.55,1
DL-13296,Atieno Duka,0734964983,35153925,Kiambu,Electronics,2025-01-06,18,0.2,6240.0,0,0,0.0,0
DL-10614,Chebet Shop,0731149063,29249906,Kisumu,General shop,2025-08-04,11,2.5,14310.0,4,9,0.3,1
DL-11325,Mwangi Supplies,0774047368,16046830,Nairobi,General shop,2024-09-08,22,1.7,4990.0,1,5,0.6,0
DL-12224,Barasa Mart,0753328703,30767560,Kiambu,General shop,2024-01-12,30,0.2,5150.0,0,0,0.0,0
DL-11343,Achieng Duka,0780301841,31547060,Machakos,General shop,2024-04-11,27,1.2,6300.0,2,1,0.13,0
DL-14159,Kamau Enterprises,0731798987,36441506,Machakos,General shop,2026-01-01,6,0.3,9980.0,1,0,0.5,0
DL-14107,Kiprop Stores,0780811203,33397043,Nairobi,General shop,2023-04-17,39,0.3,10760.0,1,0,0.0,0
DL-12870,Wanjiku Duka,0764104173,34292966,Nairobi,Mini mart,2025-11-02,8,0.5,7170.0,0,0,0.0,0
DL-10691,Auma Enterprises,0718237684,23644023,Nakuru,Electronics,2025-04-06,15,1.3,6220.0,2,2,0.19,1
DL-11883,Atieno Enterprises,0743089849,16140181,Nairobi,Mini mart,2025-06-05,13,1.8,8020.0,1,0,0.14,0
DL-10783,Kiprop Enterprises,0763860436,34847198,Nairobi,General shop,2023-10-14,33,0.2,2180.0,0,0,0.0,0
DL-12582,Kiprop Supplies,0759463591,13853506,Nairobi,,2025-03-07,16,0.7,9740.0,0,1,0.5,0
DL-13786,Achieng Traders,0790886851,20373606,Nairobi,Mini mart,2026-03-02,4,1.8,4560.0,0,0,0.0,0
DL-12825,Mwangi Mart,0744518052,16687241,Nairobi,Agrovet,2023-11-13,32,1.1,21140.0,1,1,0.0,0
DL-10231,Chebet Stores,0779325912,24409105,Nakuru,General shop,2024-10-08,21,0.9,2540.0,0,0,0.18,0
DL-12648,Otieno Duka,0731159735,29426894,Nairobi,Hardware,2024-07-10,24,0.8,11100.0,1,0,0.7,0
DL-13970,Omondi Shop,0742378690,12501835,Mombasa,Mini mart,2025-09-03,10,2.2,5070.0,1,1,0.55,0
DL-13273,Chebet Duka,0754340407,34961988,Nairobi,Mini mart,2025-06-05,13,0.6,6750.0,2,1,0.14,0
DL-12942,Kiprop Mini Mart,0765274479,29500606,Nairobi,Agrovet,2024-08-09,23,3.7,7620.0,1,1,0.18,1
DL-12628,Atieno Mart,0730589268,29112492,Kiambu,Agrovet,2025-09-03,10,0.3,5800.0,0,0,0.33,1
DL-13151,Wafula Duka,0717546055,37320032,Nakuru,Hardware,2025-01-06,18,1.1,7900.0,6,5,0.15,1
DL-13862,Wanjiku Mart,0734687521,15087674,Nairobi,Mini mart,2024-11-07,20,0.5,5980.0,2,0,0.17,1
DL-13848,Barasa Stores,0718379402,23095470,Meru,Mini mart,2025-12-02,7,2.6,4030.0,0,6,0.44,1
DL-14613,Kamau Stores,0716886457,22575067,Mombasa,Agrovet,2025-03-07,16,2.8,3490.0,5,8,0.33,1
DL-10166,Omondi Enterprises,0730020927,13081207,Machakos,General shop,2025-03-07,16,3.7,6830.0,3,2,0.41,0
DL-13140,Barasa Shop,0747645031,23553638,Nakuru,Pharmacy,2023-11-13,32,0.8,4000.0,0,2,0.3,0
DL-12639,Barasa Supplies,0774496417,33383793,Machakos,General shop,2025-01-06,18,0.3,3520.0,1,2,0.0,0
DL-12278,Omondi Shop,0750448481,11336172,Kisumu,Pharmacy,2025-11-02,8,1.1,101670.0,0,2,0.44,0
DL-10170,Wanjiku Mini Mart,0799136495,21834712,Mombasa,Electronics,2026-01-01,6,3.0,10050.0,2,4,0.22,0
DL-12606,Chebet Shop,0767163769,23084318,Kiambu,Pharmacy,2025-06-05,13,0.8,6260.0,2,1,0.2,0
DL-13583,Kamau Enterprises,0755628090,19637408,Kiambu,Mini mart,2025-12-02,7,2.6,5760.0,3,6,0.28,0
DL-10506,Omondi Mini Mart,0759060435,17167136,Mombasa,General shop,2024-03-12,28,1.8,5130.0,1,0,0.48,0
DL-11362,Omondi Duka,0761195480,29532727,Machakos,Agrovet,2024-03-12,28,0.8,4450.0,0,0,0.11,0
DL-14993,Nyambura Shop,0736363883,33901337,Nakuru,Mini mart,2025-10-03,9,1.7,5960.0,2,4,0.27,1
DL-12770,Kiprop Stores,0739596360,22029640,Meru,General shop,2025-04-06,15,1.0,6030.0,1,0,0.67,0
DL-10332,Barasa Enterprises,0749625125,37265277,Nairobi,Pharmacy,2025-11-02,8,1.5,2400.0,3,1,0.33,1
DL-14689,Achieng Mini Mart,0727287533,21907300,Uasin Gishu,,2025-06-05,13,1.2,8200.0,0,3,0.14,0
DL-12045,Wairimu Supplies,0743010555,19558697,Nairobi,General shop,2025-09-03,10,1.2,3100.0,3,3,0.0,0
DL-11492,Chebet Stores,0731389488,33774241,Nakuru,General shop,2024-03-12,28,0.4,,1,1,0.6,0
DL-10620,Barasa Duka,0723770950,34631770,Nairobi,General shop,2022-11-18,44,0.6,4790.0,0,0,0.29,0
DL-11605,Achieng Stores,0720324254,19723628,Nairobi,Mini mart,2024-07-10,24,0.9,3780.0,0,0,0.18,0
DL-11026,Barasa Traders,0768345102,33264149,Machakos,Hardware,2024-07-10,24,2.6,5190.0,1,0,0.32,0
DL-14643,Mutua Enterprises,0717988207,37958966,Nakuru,General shop,2025-10-03,9,2.8,3710.0,3,3,0.28,1
DL-13665,Atieno Mart,0750359991,21956447,Kisumu,General shop,2025-12-02,7,0.9,,0,0,0.0,0
DL-14246,Wafula Duka,0796526495,22730421,Uasin Gishu,Pharmacy,2025-03-07,16,0.8,10910.0,0,1,0.2,0
DL-13712,Barasa Traders,0774419442,16843973,Mombasa,Mini mart,2025-12-02,7,2.3,5810.0,0,1,0.5,1
DL-11338,Achieng Shop,0760612745,37919508,Kiambu,Mini mart,2025-12-02,7,1.0,7280.0,0,2,0.29,0
DL-14719,Atieno Shop,0769960247,24274058,Uasin Gishu,Electronics,2025-09-03,10,0.6,4850.0,0,1,0.67,0
DL-13300,Kiprop Duka,0725384253,29633929,Nairobi,General shop,2025-09-03,10,1.1,7210.0,2,1,0.27,0
DL-14735,Barasa Traders,0730579817,30304151,Nakuru,Hardware,2025-01-06,18,0.3,10750.0,2,1,0.75,0
DL-11956,Mwangi Enterprises,0711767678,28507139,Nairobi,Electronics,2024-12-07,19,0.2,3350.0,0,0,0.67,1
DL-12286,Kiprop Duka,0751280017,25509546,Nairobi,Electronics,2022-11-18,44,2.4,2670.0,0,1,0.48,0
DL-14503,Otieno Duka,0752798395,29009150,Meru,Hardware,2025-01-06,18,1.8,4680.0,4,2,0.62,0
DL-11398,Wairimu Shop,0776514633,35701774,Nairobi,Hardware,2024-10-08,21,0.8,11520.0,0,0,0.1,0
DL-12433,Chebet Traders,0792222244,17568095,Nairobi,Electronics,2025-09-03,10,1.7,6050.0,0,0,0.35,0
DL-13018,Nyambura Mini Mart,0712217744,39999532,Nairobi,General shop,2025-08-04,11,0.5,4880.0,3,1,0.2,0
DL-13254,Achieng Duka,0753123179,36654480,Nakuru,Pharmacy,2023-05-17,38,0.9,13580.0,0,3,0.09,0
DL-11368,Chebet Shop,0727639922,35728110,Nairobi,Agrovet,2026-03-02,4,2.8,4740.0,1,2,0.0,1
DL-12149,Nyambura Supplies,0752245733,37963660,Mombasa,General shop,2025-11-02,8,1.1,3300.0,1,1,0.22,0
DL-12959,Kamau Shop,0766796472,19759573,Mombasa,General shop,2025-05-06,14,1.7,3720.0,7,5,0.65,0
DL-13032,Wafula Mart,0797789129,15264669,Machakos,General shop,2024-09-08,22,0.4,9420.0,2,2,0.4,0
DL-14226,Wanjiku Duka,0747633311,37546898,Kiambu,General shop,2025-04-06,15,2.8,10860.0,1,1,0.09,0
DL-12698,Barasa Mart,0758533951,34356240,Machakos,,2024-03-12,28,3.4,5780.0,2,6,0.41,0
DL-12643,Mwangi Duka,0791446296,30926039,Kiambu,Electronics,2023-11-13,32,0.2,4200.0,1,1,1.0,0
DL-13393,Mutua Mart,0794471498,37212724,Mombasa,Pharmacy,2024-10-08,21,0.1,3400.0,1,0,0.0,0
DL-11707,Achieng Mini Mart,0782662607,13944341,Meru,General shop,2025-05-06,14,3.7,5030.0,2,10,0.02,1
DL-13189,Achieng Duka,0734144629,30197829,Machakos,Electronics,2024-04-11,27,2.8,2860.0,2,5,0.09,0
DL-13850,Achieng Stores,0749041258,33912928,Nairobi,General shop,2025-12-02,7,0.3,8650.0,1,0,0.0,0
DL-12593,Mwangi Shop,0775508633,23164448,Nairobi,General shop,2026-01-01,6,3.8,3180.0,5,6,0.17,1
DL-10916,Kiprop Mini Mart,0711267841,24223155,Nairobi,General shop,2026-05-01,2,4.0,5470.0,4,3,0.12,0
DL-12179,Nyambura Stores,0786509684,38509473,Mombasa,Electronics,2024-04-11,27,1.1,5710.0,1,1,0.0,0
DL-14229,Achieng Mart,0765766897,14673191,Nakuru,General shop,2024-08-09,23,0.3,3830.0,1,1,0.0,0
DL-14393,Otieno Enterprises,0729442922,29147746,Nairobi,Mini mart,2024-08-09,23,3.5,,4,11,0.05,0
DL-10091,Mutua Mini Mart,0785540893,36808153,Nakuru,Mini mart,2024-08-09,23,1.2,15980.0,1,1,0.2,0
DL-11163,Mwangi Enterprises,0775917740,21278620,Nairobi,Pharmacy,2025-03-07,16,1.4,5050.0,5,8,0.29,1
DL-13799,Barasa Mart,0769193441,33207237,Kisumu,Mini mart,2026-04-01,3,1.0,8140.0,3,0,0.33,0
DL-10912,Otieno Shop,0754029339,37609523,Nairobi,Pharmacy,2025-05-06,14,2.3,5900.0,1,0,0.11,0
DL-13325,Chebet Mini Mart,0799704663,24795902,Machakos,Electronics,2021-12-23,55,1.9,3040.0,0,1,0.04,0
DL-13339,Kiprop Mini Mart,0785436329,26896694,Kisumu,Pharmacy,2026-01-31,5,2.4,3080.0,5,6,0.25,1
DL-11909,Wanjiku Traders,0749959703,11143894,Meru,Mini mart,2025-01-06,18,2.2,6160.0,2,1,0.23,0
DL-11660,Njeri Supplies,0726493907,24861428,Mombasa,Electronics,2024-12-07,19,5.2,3270.0,3,10,0.05,1
DL-12794,Wairimu Duka,0783850619,29346768,Machakos,Electronics,2024-05-11,26,1.1,4750.0,1,2,0.15,0
DL-14237,Barasa Shop,0796880127,37887259,Kiambu,Pharmacy,2025-03-07,16,1.0,,1,1,0.58,0
DL-12872,Omondi Duka,0725221685,22407336,Nakuru,Electronics,2024-10-08,21,0.8,3100.0,1,0,0.11,0
DL-13476,Omondi Enterprises,0711818203,26561389,Nairobi,Electronics,2024-06-10,25,2.0,4610.0,2,0,0.5,0
DL-10124,Wafula Duka,0770089508,32460621,Mombasa,Agrovet,2025-12-02,7,0.6,10060.0,1,1,0.25,0
DL-12494,Wairimu Traders,0763608448,15170250,Kisumu,Mini mart,2026-03-02,4,0.2,3770.0,2,1,0.0,0
DL-12402,Omondi Mini Mart,0720539136,25023397,Kisumu,Mini mart,2025-07-05,12,1.9,5190.0,0,0,0.13,0
DL-14250,Nyambura Stores,0740723432,37915493,Nakuru,Pharmacy,2025-01-06,18,1.6,3910.0,1,2,0.16,0
DL-13833,Atieno Mini Mart,0733280604,18141883,Nairobi,General shop,2023-12-13,31,1.0,8950.0,1,2,0.33,0
DL-12418,Mwangi Enterprises,0743602765,17105119,Nairobi,Electronics,2021-11-23,56,2.8,6260.0,0,0,0.06,0
DL-13194,Atieno Mini Mart,0747502196,30844519,Kisumu,General shop,2025-09-03,10,1.1,9250.0,1,2,0.27,0
DL-13968,Otieno Mart,0760790599,32879178,Nairobi,Pharmacy,2024-05-11,26,1.9,5000.0,1,1,0.26,0
DL-11380,Mutua Stores,0771695419,18027382,Nakuru,General shop,2025-01-06,18,0.3,4670.0,0,1,0.25,0
DL-14285,Mwangi Shop,0728412325,26632691,Kisumu,Mini mart,2023-07-16,36,1.8,13740.0,3,2,0.14,0
DL-11042,Njeri Mart,0774212356,22199769,Meru,General shop,2025-10-03,9,2.4,6230.0,1,0,0.0,0
DL-12894,Mwangi Supplies,0739556744,35238634,Machakos,Electronics,2024-04-11,27,1.5,19550.0,1,1,0.5,0
DL-13344,Nyambura Mini Mart,0752321876,34341100,Nairobi,General shop,2024-12-07,19,0.4,5530.0,1,0,0.4,0
DL-12064,Barasa Mini Mart,0739726941,29687434,Nairobi,Electronics,2023-04-17,39,1.4,3230.0,2,1,0.41,0
DL-12360,Achieng Mart,0735576784,14027702,Mombasa,General shop,2025-10-03,9,1.7,5680.0,1,0,0.13,0
DL-11055,Chebet Enterprises,0738177260,11336826,Uasin Gishu,Mini mart,2024-08-09,23,0.8,9800.0,1,2,0.44,0
DL-10339,Achieng Supplies,0730236579,23978541,Uasin Gishu,Hardware,2024-03-12,28,1.2,4730.0,0,2,0.0,0
DL-13004,Omondi Mini Mart,0733820720,10186562,Kiambu,Hardware,2024-01-12,30,1.2,3650.0,0,0,0.21,0
DL-12144,Omondi Stores,0765885858,30664768,Mombasa,Pharmacy,2025-03-07,16,2.8,2850.0,2,4,0.82,1
DL-12257,Otieno Mini Mart,0748527098,13081028,Kisumu,Pharmacy,2024-10-08,21,0.9,7860.0,1,0,0.27,0
DL-13717,Njeri Stores,0767948153,25606756,Nakuru,Mini mart,2025-04-06,15,1.2,6380.0,1,0,0.14,0
DL-14738,Barasa Shop,0787979200,35103407,Kiambu,General shop,2024-05-11,26,2.6,2220.0,1,2,0.35,0
DL-10723,Wanjiku Mini Mart,0771114113,27205359,Nakuru,General shop,2025-08-04,11,0.2,9520.0,2,0,0.0,0
DL-11954,Wafula Shop,0742391651,39695998,Nairobi,General shop,2023-01-17,42,0.7,3560.0,1,1,0.12,0
DL-12820,Wairimu Supplies,0796404426,26104905,Nairobi,Hardware,2025-08-04,11,0.3,,0,1,0.33,0
DL-10003,Otieno Mart,0753570373,13202656,Machakos,General shop,2025-02-05,17,2.5,4120.0,3,4,0.4,1
DL-10501,Achieng Supplies,0794035964,16114053,Mombasa,General shop,2025-01-06,18,2.0,6030.0,1,1,0.46,1
DL-11807,Otieno Shop,0791746950,37475771,Nairobi,General shop,2026-01-31,5,2.6,3760.0,2,2,0.62,1
DL-10310,Nyambura Shop,0792296810,23870413,Mombasa,General shop,2025-10-03,9,3.9,9490.0,6,13,0.54,1
DL-11227,Wairimu Enterprises,0735158971,16987181,Meru,Pharmacy,2024-11-07,20,1.4,3210.0,2,2,0.35,0
DL-12366,Wafula Traders,0770551943,16245814,Mombasa,General shop,2025-12-02,7,1.1,9330.0,6,3,0.12,1
DL-13422,Njeri Traders,0780684523,37568135,Machakos,General shop,2024-05-11,26,0.7,5260.0,2,1,0.12,0
DL-14678,Kamau Duka,0799600982,28045744,Mombasa,General shop,2024-01-12,30,3.2,5050.0,0,2,0.26,1
DL-14092,Mutua Shop,0767441112,26996499,Nakuru,Pharmacy,2026-01-01,6,1.3,3320.0,0,0,0.0,0
DL-14087,Mutua Duka,0712336942,18405231,Nairobi,General shop,2025-02-05,17,0.2,5720.0,1,0,0.0,0
DL-11592,Nyambura Mini Mart,0742484604,19943357,Uasin Gishu,General shop,2025-03-07,16,0.1,15460.0,1,0,0.0,0
DL-10213,Achieng Enterprises,0775904602,12054320,Kisumu,Pharmacy,2025-09-03,10,1.6,3460.0,1,2,0.19,0
DL-12658,Otieno Traders,0779418206,30948435,Nairobi,General shop,2024-10-08,21,0.8,3490.0,1,4,0.4,0
DL-11945,Otieno Stores,0782540413,27501036,Nairobi,General shop,2025-06-05,13,2.2,4900.0,0,1,0.33,0
DL-11049,Achieng Traders,0732121383,25960242,Nairobi,General shop,2025-01-06,18,1.1,6960.0,3,0,0.31,0
DL-12995,Kamau Enterprises,0787793229,22007636,Kiambu,General shop,2026-03-02,4,0.5,3760.0,2,0,0.0,0
DL-10347,Mutua Traders,0717975088,28164581,Kiambu,General shop,2024-02-11,29,0.9,9640.0,3,1,0.55,1
DL-11996,Mutua Shop,0748818517,34168504,Nairobi,General shop,2026-01-31,5,0.2,4450.0,1,0,0.0,0
DL-10103,Otieno Mart,0716589479,11913752,Kisumu,Hardware,2025-11-02,8,1.5,13350.0,2,1,0.42,1
DL-11279,Omondi Enterprises,0766892858,15509151,Nairobi,General shop,2024-10-08,21,6.3,3710.0,3,7,0.14,0
DL-14940,Chebet Traders,0722420254,11646676,Nairobi,Mini mart,2026-03-02,4,0.8,8180.0,1,0,0.0,0
DL-10774,Otieno Duka,0726385182,13726249,Mombasa,General shop,2025-04-06,15,0.8,3720.0,0,0,0.11,0
DL-10459,Wafula Supplies,0774251209,15024052,Kiambu,General shop,2023-11-13,32,3.1,,0,0,0.46,0
DL-11258,Omondi Enterprises,0751471436,34619643,Nairobi,General shop,2024-09-08,22,0.8,8300.0,2,1,0.2,0
DL-14074,Omondi Enterprises,0745189953,36181725,Nairobi,Hardware,2025-04-06,15,3.8,3270.0,6,4,0.36,0
DL-14850,Atieno Mart,0799799684,25625263,Machakos,General shop,2024-08-09,23,2.5,3910.0,3,1,0.47,0
DL-12608,Wairimu Duka,0788182948,33330421,Machakos,General shop,2021-10-24,57,1.5,,3,1,0.39,0
DL-12153,Mutua Mart,0730710766,14216295,Kisumu,Pharmacy,2022-12-18,43,2.7,6860.0,0,3,0.41,0
DL-12408,Achieng Mart,0757867657,27022888,Mombasa,Mini mart,2025-12-02,7,0.9,11620.0,2,0,0.0,0
DL-12981,Kamau Mart,0756295700,19238788,Nairobi,Pharmacy,2025-08-04,11,0.7,3560.0,2,2,0.62,0
DL-10815,Njeri Traders,0711851492,18253767,Mombasa,Hardware,2024-07-10,24,0.9,7490.0,2,2,0.36,0
DL-10117,Mutua Supplies,0791563794,10322250,Kisumu,General shop,2025-10-03,9,0.6,10270.0,0,1,0.4,1
DL-14183,Omondi Mini Mart,0775198304,29858823,Nairobi,Mini mart,2023-08-15,35,4.7,4710.0,3,2,0.16,0
DL-14028,Kiprop Mart,0787429756,14179146,Meru,Mini mart,2025-01-06,18,0.4,3050.0,1,1,0.2,0
DL-13313,Omondi Mini Mart,0734544303,13057836,Kisumu,Hardware,2024-02-11,29,2.2,12290.0,2,3,0.38,0
DL-13169,Nyambura Mini Mart,0734441531,38832357,Nairobi,,2023-08-15,35,0.1,3430.0,2,0,1.0,0
DL-13170,Auma Mart,0799058209,11511825,Kiambu,General shop,2024-10-08,21,2.4,6790.0,1,3,0.45,0
DL-10944,Kiprop Enterprises,0799869037,26757729,Mombasa,General shop,2023-09-14,34,1.7,2410.0,0,0,0.1,0
DL-11158,Wanjiku Stores,0753318084,20659476,Nairobi,Agrovet,2026-05-01,2,0.5,3690.0,1,1,1.0,1
DL-12290,Auma Enterprises,0781807135,25890165,Nairobi,Electronics,2024-10-08,21,1.2,8080.0,0,1,0.47,0
DL-10584,Nyambura Stores,0763381627,27199375,Nairobi,General shop,2022-05-22,50,0.6,9800.0,0,0,0.14,0
DL-12565,Chebet Stores,0759406539,14604723,Nakuru,Electronics,2025-02-05,17,0.2,4900.0,1,0,0.5,0
DL-14804,Achieng Supplies,0712640865,16985386,Nairobi,Mini mart,2024-11-07,20,0.7,6520.0,2,3,0.0,0
DL-12277,Otieno Stores,0762231324,18160967,Machakos,Mini mart,2023-10-14,33,1.6,13440.0,2,4,0.26,0
DL-12625,Wanjiku Enterprises,0778641632,10794378,Nairobi,Mini mart,2026-03-02,4,1.5,2780.0,0,2,0.83,1
DL-13208,Barasa Shop,0755496452,11271971,Nairobi,General shop,2024-01-12,30,1.8,5590.0,0,2,0.14,0
DL-11966,Mwangi Supplies,0763215486,13928544,Nairobi,General shop,2024-07-10,24,0.2,3340.0,0,0,0.5,0
DL-13659,Chebet Stores,0787787898,22182216,Kisumu,General shop,2025-02-05,17,4.8,7960.0,3,5,0.24,0
DL-11198,Njeri Enterprises,0761049019,18317532,Nairobi,Mini mart,2022-11-18,44,0.7,6420.0,2,0,0.25,0
DL-10252,Wafula Enterprises,0795494655,36576170,Kisumu,Agrovet,2026-05-01,2,2.0,11050.0,0,0,0.25,0
DL-14796,Mutua Supplies,0760173447,18582772,Nairobi,Hardware,2024-07-10,24,1.1,6820.0,0,0,0.0,0
DL-13091,Wafula Mini Mart,0749018456,31128617,Nairobi,General shop,2022-12-18,43,0.5,7700.0,0,1,0.0,0
DL-11500,Mwangi Mini Mart,0735016589,14397953,Machakos,Pharmacy,2026-01-31,5,0.6,7010.0,2,1,0.0,0
DL-10256,Mwangi Supplies,0776292230,26014425,Kisumu,General shop,2025-08-04,11,1.3,15080.0,3,2,0.36,0
DL-12666,Otieno Supplies,0797417475,16087115,Meru,General shop,2024-07-10,24,0.8,,0,0,0.2,0
DL-12630,Mutua Traders,0760147425,31063786,Nairobi,General shop,2025-01-06,18,2.9,6620.0,6,5,0.29,0
DL-13590,Wanjiku Traders,0736666212,21711544,Nairobi,General shop,2025-10-03,9,0.8,2620.0,0,0,0.14,0
DL-13731,Atieno Traders,0717030794,22505036,Mombasa,General shop,2026-01-31,5,1.4,,1,1,0.43,0
DL-12517,Barasa Enterprises,0796513337,24441222,Kiambu,General shop,2023-09-14,34,0.6,8540.0,1,0,0.0,0
DL-13236,Barasa Mart,0718908162,25089671,Nakuru,Mini mart,2025-12-02,7,0.7,3830.0,5,2,1.0,1
DL-13347,Chebet Stores,0761307783,24991203,Meru,Electronics,2026-04-01,3,1.7,8130.0,1,1,0.8,1
DL-13089,Nyambura Traders,0799506246,35372124,Machakos,Pharmacy,2024-01-12,30,2.7,8140.0,2,3,0.06,0
DL-10551,Wafula Duka,0782444140,28257242,Machakos,General shop,2024-05-11,26,1.7,1800.0,2,0,0.1,0
DL-12891,Njeri Shop,0757596386,18016065,Nairobi,Mini mart,2021-07-26,60,0.3,11990.0,1,0,0.0,0
DL-12745,Nyambura Shop,0741390930,34789225,Nairobi,Electronics,2025-01-06,18,0.6,11220.0,1,0,0.14,0
DL-12037,Omondi Enterprises,0747426628,32179335,Nairobi,Agrovet,2025-06-05,13,2.2,2700.0,2,4,0.54,0
DL-10399,Wanjiku Supplies,0724792511,27822597,Nairobi,General shop,2025-10-03,9,0.6,20590.0,3,1,0.4,1
DL-14341,Barasa Mini Mart,0738701624,33554808,Mombasa,Agrovet,2025-08-04,11,1.4,5830.0,1,4,0.27,0
DL-12171,Otieno Stores,0790961092,10657293,Kisumu,General shop,2025-04-06,15,1.2,4590.0,4,1,0.33,0
DL-12591,Wafula Duka,0726921688,26002043,Uasin Gishu,General shop,2025-05-06,14,1.1,8710.0,2,1,0.15,0
DL-12601,Chebet Supplies,0720503712,23515450,Nairobi,General shop,2024-06-10,25,1.2,4960.0,2,4,0.13,0
DL-14880,Chebet Traders,0721165005,28576886,Machakos,General shop,2026-03-02,4,1.8,5100.0,3,3,0.43,1
DL-11264,Otieno Shop,0755650863,17894975,Nakuru,Mini mart,2026-05-01,2,0.5,3860.0,2,0,1.0,1
DL-14041,Njeri Duka,0795364383,28387562,Nairobi,Agrovet,2024-03-12,28,1.9,9780.0,2,0,0.3,0
DL-11924,Wafula Enterprises,0718683654,33510772,Uasin Gishu,General shop,2025-07-05,12,1.2,7750.0,1,0,0.07,0
DL-14885,Nyambura Mini Mart,0738813528,22265890,Kiambu,Agrovet,2025-12-02,7,1.9,4070.0,2,0,0.31,0
DL-10296,Wairimu Shop,0794881301,19312797,Kiambu,General shop,2024-11-07,20,1.7,,1,2,0.4,0
DL-13824,Kamau Traders,0799303366,23305790,Nairobi,General shop,2025-09-03,10,2.1,3860.0,3,1,0.52,0
DL-13040,Kiprop Duka,0776633115,16481436,Kisumu,General shop,2023-11-13,32,2.0,12380.0,7,6,0.21,1
DL-13682,Achieng Stores,0783498358,36641187,Kisumu,General shop,2025-03-07,16,1.2,5760.0,2,1,0.14,0
DL-11222,Atieno Stores,0742788840,27548535,Nairobi,General shop,2024-10-08,21,1.2,,1,1,0.07,0
DL-14895,Wafula Supplies,0767069007,33867624,Kisumu,Agrovet,2025-05-06,14,3.4,9210.0,1,3,0.1,0
DL-10856,Atieno Traders,0798098775,38882865,Nairobi,Mini mart,2026-01-31,5,0.6,6610.0,0,1,0.33,0
DL-13119,Mwangi Enterprises,0730244259,24226873,Nairobi,Electronics,2026-01-01,6,0.7,3650.0,1,0,0.0,1
DL-14822,Wairimu Traders,0772891875,18032728,Nairobi,Mini mart,2023-10-14,33,0.4,9210.0,1,1,0.2,0
DL-11730,Njeri Mini Mart,0743571788,32365947,Nakuru,Pharmacy,2024-01-12,30,0.4,2540.0,1,0,0.2,0
DL-14788,Otieno Shop,0755620893,35900102,Nairobi,General shop,2024-08-09,23,3.5,,1,3,0.19,0
DL-11652,Nyambura Stores,0730629304,33988606,Kisumu,Mini mart,2025-03-07,16,0.1,6020.0,0,0,1.0,0
DL-13628,Kiprop Stores,0746118073,36492748,Nairobi,General shop,2025-07-05,12,1.0,18430.0,0,1,0.25,0
DL-11150,Barasa Duka,0770474512,13596115,Nairobi,,2026-05-01,2,0.5,3720.0,1,0,1.0,0
DL-10837,Kiprop Mini Mart,0731073238,19261567,Kiambu,Hardware,2025-09-03,10,0.1,10120.0,2,0,0.0,0
DL-10892,Auma Duka,0741898711,39842006,Mombasa,Agrovet,2025-02-05,17,0.4,8960.0,2,1,0.4,0
DL-13453,Mutua Enterprises,0739128578,13453567,Kisumu,General shop,2025-10-03,9,1.9,2960.0,2,5,0.06,0
DL-13286,Atieno Supplies,0757256351,21985400,Nakuru,Pharmacy,2025-09-03,10,1.2,17800.0,2,2,0.25,1
DL-13582,Nyambura Shop,0753326466,21058177,Nairobi,Hardware,2025-08-04,11,3.0,5530.0,1,3,0.52,1
DL-14476,Omondi Duka,0773546166,14882098,Nairobi,Pharmacy,2025-12-02,7,2.3,7660.0,0,3,0.12,0
DL-14412,Auma Mart,0792241508,30228572,Kiambu,Mini mart,2026-01-01,6,2.8,7040.0,1,2,0.12,0
DL-11654,Kamau Mart,0752976419,37069030,Kiambu,Electronics,2025-05-06,14,0.6,3540.0,0,0,0.29,0
DL-13220,Njeri Enterprises,0778015544,20187046,Nairobi,General shop,2023-05-17,38,1.6,,4,2,0.16,0
DL-11544,Otieno Mini Mart,0798657348,17553699,Nakuru,Pharmacy,2024-03-12,28,1.2,6480.0,1,1,0.14,0
DL-11571,Njeri Shop,0772927419,11468328,Machakos,General shop,2026-01-01,6,0.8,157310.0,1,1,0.4,0
DL-14286,Wairimu Enterprises,0713416727,30839099,Kisumu,Pharmacy,2025-06-05,13,1.8,5930.0,1,1,0.18,0
DL-10540,Wairimu Stores,0794993287,14778306,Mombasa,,2025-08-04,11,0.6,3940.0,0,1,0.57,0
DL-12194,Njeri Stores,0744310203,15756431,Nairobi,,2025-04-06,15,3.1,2740.0,3,3,0.24,0
DL-11336,Achieng Shop,0771521457,12245539,Nairobi,General shop,2024-12-07,19,0.2,4570.0,0,0,0.0,0
DL-12172,Otieno Enterprises,0769206517,10335277,Meru,Mini mart,2026-03-02,4,0.8,4470.0,0,2,0.0,0
DL-10888,Wafula Supplies,0794998293,29655389,Mombasa,Electronics,2025-12-02,7,3.9,1950.0,0,3,0.11,0
DL-12029,Atieno Traders,0764539202,13719412,Nakuru,Mini mart,2025-07-05,12,2.0,2740.0,3,1,0.46,0
DL-14283,Kiprop Supplies,0773113597,30304664,Nairobi,General shop,2024-09-08,22,3.2,5760.0,3,4,0.08,1
DL-10459,Wafula Supplies,0774251209,15024052,Kiambu,General shop,2023-11-13,32,3.1,,0,0,0.46,0
DL-12214,Wanjiku Duka,0742036972,30316979,Nairobi,Agrovet,2024-09-08,22,0.8,3990.0,1,1,0.11,0
DL-13535,Barasa Supplies,0764417381,28817480,Nakuru,Pharmacy,2023-06-16,37,0.7,4960.0,0,1,0.12,0
DL-10661,Mwangi Duka,0744763863,20068184,Meru,,2025-08-04,11,1.0,5000.0,1,0,0.18,0
DL-12398,Wafula Traders,0781834712,10447060,Uasin Gishu,Mini mart,2025-02-05,17,3.6,3550.0,1,2,0.67,0
DL-11462,Otieno Mini Mart,0771500334,13750900,Uasin Gishu,Electronics,2024-03-12,28,1.3,4640.0,1,2,0.25,0
DL-12113,Mutua Duka,0746800993,33238641,Nairobi,Pharmacy,2024-08-09,23,0.3,7970.0,0,1,0.25,0
DL-12463,Achieng Duka,0728628995,22642956,Nakuru,Pharmacy,2025-04-06,15,1.2,8870.0,1,3,0.27,0
DL-13275,Otieno Stores,0776908569,29672760,Nairobi,Hardware,2022-12-18,43,1.6,5900.0,3,5,0.47,0
DL-10700,Wanjiku Shop,0780385791,25844220,Kiambu,General shop,2025-06-05,13,0.5,7020.0,2,0,0.33,0
DL-11348,Atieno Stores,0787380998,37264289,Kisumu,Hardware,2023-05-17,38,3.7,2720.0,1,1,0.36,0
DL-11961,Barasa Enterprises,0786398372,14486903,Uasin Gishu,Mini mart,2025-03-07,16,0.4,11270.0,0,1,0.6,0
DL-12201,Atieno Mini Mart,0733490135,38179287,Nakuru,Mini mart,2025-04-06,15,0.6,5970.0,2,0,0.29,0
DL-13735,Achieng Shop,0743218691,23523834,Nairobi,Hardware,2023-12-13,31,1.2,13220.0,0,0,0.13,0
DL-12396,Mutua Traders,0791292856,12864803,Mombasa,Electronics,2025-08-04,11,1.1,7680.0,1,0,0.0,0
DL-14106,Achieng Traders,0776512043,26233451,Mombasa,Electronics,2025-11-02,8,0.2,3590.0,0,1,0.0,0
DL-10814,Atieno Traders,0728673522,21528170,Mombasa,General shop,2025-05-06,14,1.9,2600.0,0,0,0.09,0
DL-10822,Achieng Shop,0719710487,19438505,Nakuru,Mini mart,2025-05-06,14,1.1,4110.0,2,2,0.15,1
DL-12908,Kamau Shop,0727282011,37280908,Kisumu,Pharmacy,2025-12-02,7,0.3,7760.0,1,0,0.0,1
DL-14481,Wairimu Traders,0734450096,19077440,Mombasa,Electronics,2023-02-16,41,2.6,5690.0,4,6,0.16,0
DL-11532,Chebet Traders,0764396911,31078153,Nairobi,General shop,2025-09-03,10,1.1,2790.0,0,2,0.18,1
DL-14736,Wanjiku Mini Mart,0756449108,20680282,Nairobi,Mini mart,2025-07-05,12,2.6,3770.0,3,4,0.13,1
DL-12804,Wairimu Mart,0756121505,16116182,Kisumu,General shop,2024-05-11,26,0.9,6510.0,1,1,0.0,0
DL-13584,Mwangi Mart,0759161343,14372829,Mombasa,Agrovet,2025-12-02,7,0.7,7810.0,1,0,0.0,0
DL-13649,Njeri Mart,0723791796,36351585,Nairobi,Hardware,2024-02-11,29,0.9,4080.0,0,0,0.45,0
DL-13233,Atieno Supplies,0769124267,12342522,Nairobi,Electronics,2025-03-07,16,1.9,2910.0,3,4,0.43,0
DL-13387,Chebet Stores,0727794648,11225684,Mombasa,General shop,2026-03-02,4,1.0,4520.0,1,0,0.0,0
DL-12661,Mutua Stores,0796669776,24209393,Machakos,Electronics,2024-10-08,21,0.3,7560.0,0,0,0.25,0
DL-11791,Mutua Duka,0739627965,35171620,Machakos,Pharmacy,2025-03-07,16,1.1,4480.0,3,2,0.0,0
DL-11215,Njeri Traders,0736638402,20098957,Nakuru,Electronics,2026-04-01,3,2.0,14100.0,0,0,0.33,0
DL-14230,Wairimu Shop,0721030275,19078734,Nairobi,General shop,2025-07-05,12,0.9,2640.0,2,0,0.27,0
DL-11060,Kamau Mini Mart,0763884293,24088123,Nairobi,General shop,2024-10-08,21,0.7,3260.0,0,0,0.5,0
DL-11828,Kiprop Traders,0794177209,27832375,Kiambu,Hardware,2024-06-10,25,0.6,5880.0,0,2,0.0,0
DL-12735,Barasa Traders,0729253908,15797127,Nairobi,Mini mart,2024-02-11,29,1.8,3310.0,4,3,0.48,0
DL-13112,Omondi Duka,0747671409,23296545,Meru,Hardware,2025-07-05,12,0.1,10000.0,1,0,0.0,0
DL-13418,Njeri Mart,0758309867,31157297,Mombasa,Mini mart,2025-02-05,17,1.3,,1,5,0.44,0
DL-14248,Barasa Mart,0752072345,37401379,Nairobi,Mini mart,2024-05-11,26,0.7,12320.0,1,0,0.38,0
DL-14903,Achieng Traders,0772420435,14349614,Kiambu,General shop,2024-08-09,23,0.5,10260.0,0,1,0.5,0
DL-12610,Mutua Enterprises,0726884897,26292041,Kisumu,Pharmacy,2024-10-08,21,3.3,3730.0,3,4,0.38,0
DL-14198,Atieno Stores,0797066208,17911207,Uasin Gishu,Hardware,2025-01-06,18,0.5,3640.0,2,1,0.0,0
DL-10845,Wafula Enterprises,0783257799,24861724,Kiambu,Mini mart,2024-12-07,19,3.2,2660.0,1,5,0.46,0
DL-13571,Wairimu Traders,0779226261,23764635,Kisumu,General shop,2024-12-07,19,2.9,6110.0,8,7,0.09,1
DL-14768,Achieng Traders,0779162779,25563482,Nairobi,General shop,2026-03-02,4,1.0,5610.0,1,0,0.25,0
DL-11141,Wanjiku Stores,0730607180,26349879,Nakuru,Pharmacy,2023-05-17,38,0.3,4060.0,3,2,0.0,1
DL-10179,Kiprop Enterprises,0728557508,26991124,Kiambu,Pharmacy,2024-11-07,20,1.7,5090.0,0,0,0.2,0
DL-10664,Wafula Mini Mart,0729941800,18682368,Meru,General shop,2026-03-02,4,0.2,7840.0,1,0,0.0,0
DL-13761,Kamau Duka,0713459920,12939537,Kisumu,General shop,2024-04-11,27,1.7,3640.0,0,0,0.3,0
DL-12399,Omondi Supplies,0779431589,34369105,Meru,Mini mart,2024-12-07,19,0.9,2580.0,2,2,0.0,0
DL-13239,Mutua Enterprises,0745164080,11223346,Nairobi,General shop,2024-08-09,23,0.3,4190.0,2,1,0.25,0
DL-11941,Otieno Enterprises,0761826402,10825146,Machakos,General shop,2026-01-31,5,3.4,4360.0,1,6,0.0,1
DL-13365,Wafula Mini Mart,0715844365,19689861,Nairobi,General shop,2025-03-07,16,1.4,6110.0,3,4,0.12,0
DL-10235,Barasa Mart,0763462594,12545921,Nairobi,General shop,2025-06-05,13,1.7,18400.0,1,1,0.2,0
DL-14175,Otieno Mart,0757358452,21039476,Nairobi,Pharmacy,2024-10-08,21,3.7,12510.0,2,6,0.23,1
DL-14154,Chebet Stores,0719059032,28343937,Machakos,Agrovet,2025-08-04,11,1.3,13200.0,0,3,0.64,0
DL-10604,Wanjiku Duka,0750879822,31867737,Kisumu,Hardware,2025-11-02,8,2.1,6060.0,3,2,0.12,1
DL-10065,Kamau Traders,0778632716,18728494,Nairobi,Pharmacy,2024-05-11,26,0.2,5410.0,2,1,0.0,0
DL-13310,Mutua Duka,0719398824,13432544,Nairobi,General shop,2025-08-04,11,1.6,8590.0,1,3,0.28,0
DL-12129,Achieng Enterprises,0786919684,33110355,Nakuru,General shop,2025-07-05,12,0.3,,1,0,0.25,0
DL-12312,Barasa Enterprises,0763014520,11134947,Nairobi,General shop,2025-09-03,10,0.2,,0,0,0.0,0
DL-11515,Mutua Traders,0728452218,18587010,Mombasa,General shop,2025-07-05,12,0.8,5770.0,3,1,0.4,1
DL-12077,Mutua Shop,0718357895,29633861,Kiambu,Electronics,2021-07-26,60,0.5,5840.0,0,0,0.17,0
DL-10005,Otieno Stores,0739650820,22331676,Nairobi,,2025-01-06,18,0.4,3190.0,1,0,0.2,0
DL-14974,Nyambura Enterprises,0722929713,23326187,Nairobi,Pharmacy,2023-08-15,35,1.9,3720.0,3,3,0.3,0
DL-12131,Barasa Supplies,0785199912,26777066,Meru,Agrovet,2025-04-06,15,3.3,,1,2,0.32,0
DL-12867,Atieno Stores,0728252512,27060950,Kiambu,General shop,2025-10-03,9,0.3,4870.0,1,1,0.0,0
DL-13944,Auma Shop,0797670790,33938420,Meru,Mini mart,2026-03-02,4,6.0,2980.0,10,11,0.38,1
DL-13827,Barasa Duka,0787865549,35276455,Machakos,Agrovet,2026-04-01,3,2.0,4750.0,2,2,0.17,0
DL-10155,Mwangi Shop,0786016758,11070513,Meru,Agrovet,2025-06-05,13,2.0,4310.0,1,2,0.21,0
DL-10428,Chebet Traders,0772510187,35111783,Nairobi,General shop,2025-09-03,10,1.9,3560.0,5,9,0.32,1
DL-12632,Wairimu Traders,0783360381,15213500,Nairobi,General shop,2026-03-02,4,1.5,3460.0,2,2,0.67,1
DL-10472,Atieno Mart,0772238384,36467503,Nairobi,General shop,2024-11-07,20,4.5,7850.0,5,8,0.37,1
DL-14452,Kiprop Supplies,0711305037,25182243,Nairobi,Pharmacy,2025-03-07,16,1.6,23850.0,0,1,0.53,0
DL-10361,Wafula Duka,0785358065,12514563,Nairobi,Mini mart,2025-05-06,14,1.8,4490.0,0,3,0.43,0
DL-14506,Nyambura Duka,0744132395,31205887,Nairobi,General shop,2026-01-31,5,1.2,7410.0,2,0,0.17,0
DL-13399,Nyambura Stores,0732050611,37158646,Nakuru,General shop,2021-07-26,60,1.1,7300.0,0,1,0.38,0
DL-10267,Nyambura Traders,0759369005,23641377,Kisumu,Electronics,2025-06-05,13,3.1,2830.0,0,2,0.59,0
DL-10436,Mutua Duka,0718365957,36595156,Mombasa,General shop,2026-01-31,5,0.4,2740.0,3,1,0.0,0
DL-10301,Wairimu Stores,0758153908,39499311,Machakos,Electronics,2025-08-04,11,0.6,2310.0,0,0,0.14,1
DL-11424,Atieno Duka,0730595670,38658533,Nairobi,General shop,2026-04-01,3,1.7,13720.0,0,0,0.2,0
DL-14010,Njeri Supplies,0760798427,10580914,Nakuru,General shop,2025-01-06,18,5.7,9280.0,1,4,0.16,0
DL-12116,Barasa Duka,0743190027,29546273,Nairobi,General shop,2022-12-18,43,0.8,2240.0,0,0,0.44,0
DL-12228,Omondi Mini Mart,0715234382,31794268,Nairobi,Hardware,2025-03-07,16,0.6,5960.0,0,0,0.0,0
DL-13159,Kiprop Supplies,0780558099,24653858,Nairobi,General shop,2023-06-16,37,0.8,3450.0,1,1,0.22,1
DL-11177,Kiprop Mart,0756131858,22606362,Nairobi,Mini mart,2025-05-06,14,0.8,16390.0,2,2,0.0,0
DL-12934,Wanjiku Mini Mart,0788628454,21565753,Nairobi,Electronics,2023-08-15,35,0.6,6180.0,2,1,0.29,0
DL-10156,Wanjiku Supplies,0744850696,25039873,Nairobi,,2024-06-10,25,0.6,6110.0,1,0,0.0,0
DL-12937,Atieno Traders,0798114754,30555835,Kiambu,General shop,2024-09-08,22,0.9,2790.0,0,1,0.73,0
DL-14317,Nyambura Stores,0723524546,18217414,Nairobi,General shop,2025-02-05,17,2.8,6750.0,1,2,0.15,0
DL-14671,Njeri Traders,0764547861,29198488,Nairobi,Mini mart,2025-09-03,10,1.0,3420.0,0,3,0.0,1
DL-14653,Chebet Stores,0714778231,33080436,Nairobi,Electronics,2024-09-08,22,0.2,3960.0,2,0,0.5,0
DL-10410,Atieno Shop,0769604921,21483804,Nairobi,Pharmacy,2024-11-07,20,0.1,6220.0,1,0,0.0,0
DL-10974,Omondi Stores,0752079086,13983495,Nairobi,Pharmacy,2024-08-09,23,2.2,12850.0,0,4,0.19,0
DL-10980,Otieno Supplies,0726927159,36529490,Kisumu,Pharmacy,2024-11-07,20,1.0,,2,1,0.5,0
DL-13136,Otieno Shop,0725606570,33628882,Machakos,Hardware,2025-08-04,11,4.1,5060.0,7,12,0.31,1
DL-12507,Atieno Supplies,0723538470,24743863,Nairobi,General shop,2025-03-07,16,1.0,2930.0,3,0,0.42,1
DL-11607,Achieng Mart,0779607019,10762081,Kiambu,General shop,2026-01-01,6,2.2,4260.0,0,0,0.46,0
DL-11982,Atieno Stores,0781197109,16212863,Kiambu,General shop,2024-06-10,25,1.0,6410.0,2,4,0.0,1
DL-13046,Achieng Traders,0765733211,35179904,Nairobi,Mini mart,2025-05-06,14,0.8,9510.0,1,0,0.11,0
DL-12151,Omondi Traders,0757527232,33922346,Kiambu,General shop,2024-06-10,25,0.4,4260.0,0,0,0.2,0
DL-14572,Auma Supplies,0731198511,36399018,Uasin Gishu,Mini mart,2022-11-18,44,1.7,7810.0,3,3,0.3,0
DL-13713,Kiprop Supplies,0779231446,25522345,Kiambu,Pharmacy,2026-03-02,4,0.8,4990.0,1,0,0.33,0
DL-14209,Wairimu Duka,0789105808,19705155,Mombasa,Hardware,2025-12-02,7,2.3,1400.0,1,0,0.06,0
DL-10412,Njeri Shop,0737225193,39611865,Kisumu,Mini mart,2025-07-05,12,0.4,8880.0,3,0,0.4,0
DL-10652,Achieng Mart,0714492570,14806285,Nairobi,Mini mart,2024-03-12,28,1.2,2180.0,2,1,0.4,0
DL-13995,Mwangi Mini Mart,0767799403,21247648,Nairobi,Electronics,2024-05-11,26,0.1,2660.0,1,0,0.0,0
DL-10340,Wairimu Supplies,0750764414,25801412,Nakuru,General shop,2025-10-03,9,1.3,3820.0,2,0,0.17,0
DL-11687,Omondi Mini Mart,0758331515,16964206,Nairobi,Agrovet,2024-09-08,22,0.7,,2,0,0.38,0
DL-12644,Wanjiku Duka,0745256060,37125469,Kiambu,Mini mart,2022-12-18,43,0.2,2200.0,0,0,0.33,0
DL-14861,Atieno Traders,0752594061,20339682,Meru,Hardware,2023-07-16,36,0.9,4990.0,0,0,0.0,0
DL-10539,Barasa Stores,0774702301,29302437,Uasin Gishu,General shop,2023-04-17,39,1.3,,0,3,0.31,0
DL-14146,Kamau Mini Mart,0765479340,11732863,Nairobi,General shop,2024-11-07,20,1.3,3550.0,3,3,0.06,1
DL-10425,Barasa Mart,0793235306,31623888,Nairobi,Mini mart,2022-06-21,49,0.9,1960.0,1,1,0.36,0
DL-10016,Auma Traders,0725917839,25169215,Nairobi,General shop,2025-04-06,15,1.1,6890.0,1,0,0.31,0
DL-11193,Wanjiku Stores,0741720670,27967040,Nairobi,Mini mart,2026-04-01,3,1.0,6110.0,1,0,0.67,0
DL-10443,Wanjiku Traders,0722039453,30960167,Mombasa,Electronics,2024-11-07,20,0.2,9110.0,2,0,1.0,1
DL-14522,Mwangi Traders,0762380080,35836016,Nairobi,General shop,2025-05-06,14,1.1,5550.0,1,0,0.54,0
DL-13599,Otieno Supplies,0767904857,20273573,Uasin Gishu,Pharmacy,2025-04-06,15,2.0,4060.0,0,0,0.29,0
DL-11682,Kiprop Mini Mart,0777770691,38291462,Machakos,General shop,2025-12-02,7,0.9,2340.0,0,0,0.0,0
DL-10753,Otieno Mart,0778001170,37830392,Mombasa,General shop,2024-07-10,24,1.3,3660.0,5,3,0.56,0
DL-13546,Wafula Supplies,0794568836,31314512,Nairobi,Pharmacy,2026-01-01,6,0.7,4080.0,0,0,0.0,0
DL-13504,Wanjiku Mini Mart,0755351363,31944911,Nairobi,Electronics,2022-08-20,47,0.9,,0,1,0.36,0
DL-14555,Otieno Enterprises,0781358957,22932967,Nairobi,,2025-11-02,8,1.4,4080.0,1,0,0.09,0
DL-12267,Barasa Supplies,0721340199,30487140,Nairobi,,2024-09-08,22,1.2,12020.0,0,0,0.5,1
DL-13283,Wafula Enterprises,0768573440,19732851,Mombasa,Hardware,2025-09-03,10,2.9,6860.0,5,10,0.31,1
DL-12261,Atieno Shop,0717974644,37249460,Machakos,Agrovet,2025-02-05,17,1.5,3090.0,2,6,0.0,0
DL-14959,Omondi Mini Mart,0762535333,38362444,Kiambu,Mini mart,2025-06-05,13,3.6,11580.0,2,3,0.26,0
DL-12318,Atieno Enterprises,0783049483,20008772,Nairobi,Agrovet,2025-07-05,12,1.1,5460.0,3,2,0.23,1
DL-11835,Barasa Stores,0751424008,20978798,Meru,General shop,2025-10-03,9,2.0,8600.0,3,2,0.33,0
DL-14046,Mwangi Traders,0790267253,33852649,Nairobi,Electronics,2025-09-03,10,0.7,9570.0,1,0,0.29,0
DL-13807,Atieno Duka,0749736656,16853657,Kiambu,Mini mart,2025-10-03,9,0.4,3470.0,0,0,0.25,0
DL-11672,Kiprop Mart,0729332242,37548789,Nakuru,General shop,2025-05-06,14,2.1,6820.0,0,0,0.12,0
DL-10586,Nyambura Stores,0793246182,26204527,Nairobi,Agrovet,2026-04-01,3,1.0,5900.0,0,2,0.0,1
DL-10362,Kamau Duka,0734537547,19403474,Nairobi,General shop,2026-03-02,4,2.8,17230.0,1,2,0.09,0
DL-14163,Kiprop Traders,0735493869,24455465,Nakuru,General shop,2025-06-05,13,1.1,6700.0,1,1,0.23,0
DL-13501,Auma Shop,0716131719,10354539,Nairobi,Pharmacy,2022-12-18,43,1.7,4000.0,2,2,0.55,0
DL-12442,Wairimu Mart,0728112370,19566469,Nakuru,General shop,2025-02-05,17,0.4,5280.0,0,0,0.4,0
DL-10625,Otieno Traders,0718475611,39008413,Mombasa,Hardware,2026-03-02,4,0.5,7240.0,4,2,0.0,1
DL-13882,Barasa Supplies,0714717098,26085796,Uasin Gishu,Electronics,2025-11-02,8,0.8,6860.0,0,0,0.5,0
DL-12574,Kiprop Supplies,0797844683,17116920,Nairobi,General shop,2026-04-01,3,2.7,3260.0,4,2,0.25,0
DL-13341,Achieng Traders,0797302633,36857008,Kiambu,General shop,2025-08-04,11,4.3,2850.0,6,11,0.66,1
DL-11000,Njeri Duka,0757278315,37014561,Machakos,,2025-09-03,10,1.3,7400.0,10,5,0.0,1
DL-11320,Omondi Duka,0710005224,10477938,Nairobi,Electronics,2025-01-06,18,0.7,12770.0,0,1,0.25,0
DL-12281,Mutua Mart,0749888426,30861275,Uasin Gishu,Agrovet,2024-12-07,19,0.2,10070.0,1,0,0.0,0
DL-11075,Nyambura Mini Mart,0797067133,35625244,Uasin Gishu,Electronics,2025-11-02,8,1.9,8640.0,1,1,0.2,0
DL-11411,Njeri Traders,0736309418,21700978,Nairobi,,2025-09-03,10,3.9,4820.0,5,5,0.49,1
DL-10212,Barasa Shop,0764753879,24442961,Nairobi,General shop,2025-01-06,18,0.9,3240.0,0,0,0.45,0
DL-10131,Nyambura Stores,0789617411,25791209,Nairobi,General shop,2025-05-06,14,1.2,5330.0,3,3,0.21,1
DL-12667,Otieno Mart,0716169981,16418201,Machakos,,2025-08-04,11,2.9,2990.0,2,2,0.06,1
DL-11779,Omondi Traders,0774576151,20698803,Kiambu,Electronics,2025-03-07,16,1.1,4270.0,0,2,0.77,1
DL-12377,Omondi Stores,0762847428,20958617,Nairobi,General shop,2024-12-07,19,0.2,4300.0,0,0,1.0,1
DL-13381,Wafula Supplies,0749937984,21020875,Kisumu,Pharmacy,2026-04-01,3,2.3,3450.0,2,1,0.14,1
DL-11785,Omondi Shop,0776611887,24721892,Nairobi,Mini mart,2021-07-26,60,0.3,5810.0,0,1,0.25,0
DL-11562,Chebet Supplies,0783480490,24868407,Mombasa,General shop,2025-11-02,8,2.0,11660.0,3,7,0.19,0
DL-11156,Otieno Duka,0715755234,21512208,Nakuru,General shop,2023-10-14,33,1.1,7710.0,0,0,0.69,0
DL-13648,Mwangi Mart,0739314914,24642845,Nakuru,Agrovet,2026-01-01,6,1.0,7320.0,2,0,0.0,0
DL-10191,Omondi Mini Mart,0790484156,25073372,Nairobi,Mini mart,2025-07-05,12,2.2,5380.0,4,3,0.27,0
DL-10337,Wairimu Traders,0767698563,39636549,Nairobi,Electronics,2026-03-02,4,3.2,2160.0,3,2,0.15,0
DL-13569,Omondi Duka,0741862586,29012344,Nairobi,Agrovet,2024-10-08,21,1.2,,0,1,0.27,1
DL-12958,Njeri Mini Mart,0787025147,37056430,Nairobi,General shop,2024-07-10,24,0.2,4660.0,0,0,0.0,0
DL-10079,Kamau Supplies,0752075394,21441754,Nakuru,General shop,2025-11-02,8,4.0,10490.0,3,7,0.34,1
DL-14784,Nyambura Stores,0725824484,24282384,Nairobi,Mini mart,2022-01-22,54,6.2,,6,13,0.15,1
DL-10558,Chebet Stores,0749123202,22962382,Meru,General shop,2025-01-06,18,0.4,8150.0,2,0,0.6,1
DL-14490,Kamau Traders,0738588582,12146718,Kisumu,Pharmacy,2025-09-03,10,2.4,5430.0,3,5,0.29,0
DL-14625,Auma Mart,0745978693,30280361,Kisumu,Hardware,2026-03-02,4,1.8,7950.0,1,0,0.14,0
DL-12226,Njeri Mart,0745885858,30483076,Nairobi,General shop,2025-08-04,11,0.5,7070.0,3,0,0.33,0
DL-11317,Mutua Supplies,0738821142,16092683,Machakos,,2024-08-09,23,0.8,8590.0,1,0,0.2,0
DL-14396,Barasa Shop,0761876171,23914555,Nairobi,Agrovet,2024-04-11,27,1.2,6830.0,0,0,0.27,0
DL-14075,Nyambura Mart,0754935762,38243943,Kisumu,General shop,2022-06-21,49,0.7,6520.0,0,3,0.5,0
DL-13646,Wanjiku Enterprises,0740848072,19835359,Kiambu,Mini mart,2025-04-06,15,2.2,5970.0,0,2,0.11,0
DL-14662,Achieng Supplies,0742582859,15178390,Kiambu,Mini mart,2023-05-17,38,1.5,80750.0,3,4,0.33,0
DL-12480,Omondi Duka,0776847396,32443335,Machakos,Agrovet,2023-08-15,35,1.9,7040.0,2,0,0.43,0
DL-11903,Njeri Shop,0736725889,31388479,Mombasa,General shop,2025-04-06,15,1.8,2160.0,3,2,0.19,0
DL-11524,Auma Supplies,0735851965,20683828,Nairobi,Mini mart,2025-11-02,8,0.6,7860.0,1,1,0.6,1
DL-13016,Mwangi Mini Mart,0766856718,12242864,Mombasa,Mini mart,2025-03-07,16,1.2,5810.0,5,4,0.14,1
DL-13304,Wafula Duka,0784887149,30014683,Nairobi,Pharmacy,2025-07-05,12,1.9,4250.0,1,2,0.3,1
DL-12897,Mutua Traders,0725967641,24644525,Kiambu,General shop,2025-08-04,11,4.5,10390.0,0,3,0.26,0
DL-12351,Omondi Supplies,0719262347,36580303,Uasin Gishu,Pharmacy,2024-10-08,21,0.8,8810.0,0,1,0.22,1
DL-11125,Atieno Supplies,0795980710,17978221,Uasin Gishu,Mini mart,2025-01-06,18,1.7,6580.0,2,7,0.55,1
DL-14994,Omondi Shop,0799410921,35307769,Nairobi,Mini mart,2025-12-02,7,1.1,7400.0,0,0,0.25,0
DL-12741,Auma Mini Mart,0728907978,21238323,Kisumu,General shop,2025-09-03,10,0.5,5970.0,0,0,0.4,0
DL-11986,Auma Traders,0771865802,31277981,Meru,General shop,2024-11-07,20,1.4,5020.0,1,2,0.06,0
DL-14284,Nyambura Traders,0713662475,39080772,Meru,Pharmacy,2025-08-04,11,1.1,5830.0,3,1,0.58,0
DL-10391,Omondi Traders,0776383184,21621042,Kiambu,General shop,2025-02-05,17,0.3,3580.0,0,0,0.25,0
DL-10972,Mwangi Traders,0730903413,24241320,Kiambu,Mini mart,2025-09-03,10,0.8,6340.0,3,1,0.25,1
DL-10656,Barasa Supplies,0745974421,33481005,Uasin Gishu,Hardware,2024-02-11,29,1.6,6200.0,0,1,0.21,0
DL-10083,Mutua Supplies,0782780155,15671399,Kisumu,General shop,2025-04-06,15,0.9,7490.0,3,5,0.27,1
DL-11574,Wafula Stores,0713596467,38086245,Machakos,General shop,2026-04-01,3,1.7,,2,3,0.2,1
DL-13840,Mwangi Stores,0744877104,36723051,Kiambu,Electronics,2025-11-02,8,1.4,6850.0,2,2,0.45,0
DL-14369,Mwangi Supplies,0759376807,39301783,Kiambu,General shop,2023-11-13,32,1.2,9360.0,1,1,0.07,0
DL-10073,Njeri Enterprises,0735227628,18810615,Meru,Agrovet,2023-09-14,34,1.4,3510.0,2,2,0.35,0
DL-14637,Wafula Mart,0792614845,26011361,Nairobi,General shop,2025-08-04,11,1.5,10310.0,2,0,0.38,0
DL-12062,Wanjiku Duka,0755773101,29546625,Nakuru,General shop,2025-11-02,8,1.9,5880.0,6,4,0.27,1
DL-10082,Barasa Traders,0795081054,32782646,Kiambu,Electronics,2023-12-13,31,1.4,4950.0,1,1,0.47,1
DL-13478,Wafula Duka,0718972605,22717103,Kisumu,Agrovet,2022-10-19,45,2.9,13000.0,2,4,0.29,0
DL-10975,Chebet Supplies,0723725439,32040402,Nairobi,Hardware,2025-03-07,16,0.4,8580.0,0,0,0.0,0
DL-12200,Chebet Traders,0797982294,28957739,Nairobi,Hardware,2024-12-07,19,3.8,5160.0,4,7,0.27,1
DL-14669,Auma Supplies,0786145911,15086520,Mombasa,General shop,2025-01-06,18,0.6,7240.0,1,0,0.14,0
DL-12640,Achieng Supplies,0721087081,28888716,Nairobi,General shop,2025-10-03,9,2.3,7400.0,2,8,0.33,1
DL-11715,Wanjiku Mart,0733948080,25436355,Nairobi,Hardware,2023-01-17,42,0.8,13350.0,2,1,0.4,0
DL-11510,Mutua Enterprises,0710051231,21597090,Meru,General shop,2024-07-10,24,1.6,17920.0,0,1,0.79,0
DL-14146,Kamau Mini Mart,0765479340,11732863,Nairobi,General shop,2024-11-07,20,1.3,3550.0,3,3,0.06,1
DL-10963,Kamau Mart,0799725184,22481169,Kiambu,General shop,2026-05-01,2,2.0,1840.0,1,0,0.25,1
DL-12111,Mwangi Traders,0729451568,32333949,Kisumu,General shop,2025-09-03,10,1.5,2290.0,0,1,0.27,0
DL-13821,Wanjiku Traders,0711096653,26077189,Mombasa,Pharmacy,2023-06-16,37,0.8,5240.0,0,1,0.0,0
DL-10573,Mwangi Enterprises,0789432374,32448929,Nakuru,Pharmacy,2024-04-11,27,0.7,5750.0,0,0,0.12,0
DL-10446,Omondi Duka,0776547372,10502911,Nakuru,Hardware,2023-06-16,37,3.6,1690.0,3,10,0.14,0
DL-14967,Njeri Enterprises,0792891210,16040159,Mombasa,Electronics,2023-12-13,31,2.5,9930.0,3,4,0.37,0
DL-13160,Atieno Mini Mart,0771968681,16437997,Kiambu,Agrovet,2025-05-06,14,1.5,5430.0,0,2,0.33,0
DL-14865,Nyambura Enterprises,0794417928,38584911,Nairobi,Mini mart,2026-04-01,3,0.7,13200.0,0,0,0.0,0
DL-14042,Kamau Shop,0714675404,15893524,Kiambu,Mini mart,2023-12-13,31,0.5,9350.0,2,1,0.17,0
DL-13059,Omondi Traders,0710932372,23615374,Mombasa,,2025-12-02,7,1.4,7360.0,1,0,0.5,0
DL-13385,Njeri Stores,0738392793,34294915,Uasin Gishu,Hardware,2025-01-06,18,1.8,3470.0,2,0,0.48,0
DL-10416,Mutua Shop,0712641379,32546197,Nairobi,Hardware,2026-04-01,3,0.7,7770.0,0,0,0.5,0
DL-12114,Auma Mini Mart,0746023825,30935489,Nairobi,,2025-10-03,9,1.4,6580.0,1,1,0.0,1
DL-11760,Omondi Traders,0741044108,18775824,Nakuru,Electronics,2025-05-06,14,1.4,3540.0,1,6,0.53,1
DL-11630,Barasa Mini Mart,0748563482,34874947,Machakos,Electronics,2023-10-14,33,5.8,3260.0,4,5,0.01,0
DL-10890,Otieno Traders,0778456966,25104597,Uasin Gishu,Electronics,2026-03-02,4,1.8,5190.0,2,1,0.43,0
DL-14621,Mutua Mart,0737178194,22398229,Kiambu,General shop,2024-12-07,19,0.5,4820.0,0,0,0.17,0
DL-11512,Achieng Traders,0789316933,34905375,Nairobi,Mini mart,2025-11-02,8,3.5,9240.0,0,1,0.46,0
DL-14263,Nyambura Enterprises,0773913310,20486986,Kisumu,Hardware,2023-10-14,33,2.2,11320.0,1,1,0.31,0
DL-10282,Njeri Stores,0739976993,16849136,Kisumu,General shop,2025-08-04,11,1.2,3910.0,2,4,0.15,1
DL-14150,Mutua Shop,0732987783,21723929,Meru,General shop,2025-03-07,16,2.5,2520.0,0,0,0.3,0
DL-10543,Chebet Traders,0782056177,25586287,Nakuru,General shop,2025-01-06,18,3.0,11120.0,1,2,0.08,0
DL-12061,Auma Duka,0789359132,18647625,Uasin Gishu,General shop,2023-01-17,42,0.2,,0,1,0.33,0
DL-12683,Njeri Supplies,0751863606,24985618,Machakos,General shop,2024-09-08,22,0.6,6730.0,1,0,0.29,0
DL-12850,Barasa Supplies,0747164552,12692645,Nairobi,Mini mart,2026-03-02,4,1.2,11590.0,1,0,0.0,0
DL-14139,Achieng Stores,0783620393,10103217,Kisumu,Pharmacy,2023-12-13,31,0.4,3530.0,1,0,0.2,0
DL-14801,Omondi Stores,0740982159,37159305,Nairobi,General shop,2023-12-13,31,1.7,8910.0,2,4,0.2,0
DL-14055,Mwangi Mart,0752081011,33679972,Mombasa,Hardware,2025-05-06,14,0.2,4490.0,1,0,0.0,0
DL-13847,Kamau Mini Mart,0797944476,19569721,Nairobi,Mini mart,2022-12-18,43,0.6,3470.0,0,0,0.71,0
DL-11517,Kiprop Supplies,0787667022,36869737,Nairobi,General shop,2024-12-07,19,0.3,9490.0,2,1,0.0,0
DL-12777,Wafula Enterprises,0723938240,19877619,Mombasa,General shop,2025-04-06,15,0.4,6180.0,4,1,0.0,1
DL-10223,Barasa Enterprises,0763844323,37940062,Nairobi,Mini mart,2024-09-08,22,1.2,5780.0,0,0,0.21,0
DL-13176,Wafula Mini Mart,0749888672,19934978,Nairobi,Hardware,2025-01-06,18,0.5,5100.0,0,0,0.0,0
DL-13242,Mwangi Enterprises,0745061165,15952576,Nairobi,Electronics,2024-12-07,19,1.8,3690.0,1,2,0.14,0
DL-12094,Achieng Mini Mart,0720867294,14814888,Mombasa,Mini mart,2023-07-16,36,0.3,9530.0,2,0,0.5,0
DL-11885,Atieno Mini Mart,0739905558,14560812,Kisumu,General shop,2025-12-02,7,2.3,11800.0,2,3,0.06,0
DL-11942,Kiprop Mart,0776816342,37568884,Kisumu,General shop,2025-05-06,14,1.8,7280.0,1,2,0.24,0
DL-10440,Auma Mini Mart,0773029056,23275896,Nairobi,Agrovet,2026-04-01,3,1.7,5680.0,0,0,0.0,0
DL-14977,Wanjiku Enterprises,0778466616,12033425,Nakuru,Mini mart,2026-03-02,4,1.8,4500.0,2,0,0.14,0
DL-13333,Kamau Enterprises,0789072315,32183456,Kisumu,Mini mart,2025-05-06,14,2.8,2870.0,6,7,0.36,1
DL-12057,Otieno Supplies,0760372348,12935085,Nairobi,Pharmacy,2025-06-05,13,2.4,5540.0,4,6,0.1,1
DL-12702,Achieng Mini Mart,0793386488,16756380,Meru,Hardware,2025-05-06,14,2.6,,0,0,0.06,0
DL-11440,Wafula Duka,0775735523,12044806,Nairobi,Mini mart,2025-02-05,17,0.4,8570.0,3,0,0.2,0
DL-12132,Otieno Shop,0788040137,13691570,Nairobi,General shop,2025-07-05,12,2.3,4860.0,0,2,0.32,0
DL-13910,Wanjiku Mart,0780812610,36435844,Mombasa,Mini mart,2025-10-03,9,2.2,5160.0,4,5,0.45,1
DL-11780,Barasa Mini Mart,0746724104,19686971,Nakuru,Electronics,2021-11-23,56,1.8,199770.0,1,1,0.09,0
DL-14430,Barasa Shop,0725378653,29054852,Nairobi,General shop,2023-05-17,38,2.2,12450.0,2,1,0.19,0
DL-14538,Wairimu Supplies,0711484133,35123044,Machakos,General shop,2023-12-13,31,3.5,3630.0,3,3,0.6,0
DL-13099,Kiprop Shop,0726307590,26460309,Nakuru,Pharmacy,2025-02-05,17,1.8,3520.0,2,0,0.05,0
DL-14176,Achieng Mart,0776537528,15146677,Kisumu,,2022-11-18,44,1.2,4370.0,1,1,0.29,0
DL-12674,Wafula Mart,0765667883,10503716,Uasin Gishu,Agrovet,2021-12-23,55,0.2,8960.0,1,1,0.0,0
DL-13130,Omondi Mini Mart,0782709987,39539676,Nairobi,General shop,2023-11-13,32,1.2,6960.0,1,0,0.0,0
DL-12186,Otieno Supplies,0784223168,12575380,Nairobi,Pharmacy,2025-12-02,7,0.7,,1,1,0.0,0
DL-10763,Njeri Supplies,0731049657,14182379,Nairobi,General shop,2025-11-02,8,1.8,8700.0,1,1,0.36,1
DL-10335,Wairimu Mini Mart,0774723478,10168068,Mombasa,Mini mart,2025-11-02,8,1.1,5490.0,1,2,0.33,0
DL-13540,Otieno Shop,0784300474,17952546,Machakos,General shop,2025-04-06,15,2.0,,1,0,0.25,0
DL-14009,Chebet Traders,0752437863,30017251,Nairobi,Mini mart,2024-06-10,25,2.1,8940.0,2,4,0.36,0
DL-13566,Kamau Mini Mart,0750513957,10338353,Mombasa,,2024-11-07,20,4.3,8830.0,3,9,0.13,0
DL-10592,Wanjiku Stores,0748698427,21442357,Machakos,General shop,2024-05-11,26,0.7,3670.0,1,0,0.25,0
DL-11800,Wairimu Mart,0791076519,15051499,Nairobi,General shop,2021-11-23,56,1.2,6060.0,0,0,0.33,0
DL-13793,Nyambura Mini Mart,0710484012,23645580,Kiambu,Agrovet,2025-09-03,10,0.9,4190.0,2,2,0.33,0
DL-14170,Auma Supplies,0797130961,15879913,Nairobi,General shop,2023-12-13,31,2.5,3900.0,4,3,0.13,0
DL-13252,Nyambura Traders,0721104068,37622220,Kisumu,General shop,2024-11-07,20,1.8,9550.0,1,2,0.29,0
DL-10369,Mwangi Shop,0728815731,39273019,Nakuru,Mini mart,2024-08-09,23,0.1,3960.0,0,0,0.0,0
DL-13816,Njeri Mart,0740783694,29321020,Uasin Gishu,Mini mart,2023-12-13,31,1.8,4520.0,0,0,0.09,0
DL-12940,Wairimu Traders,0766880792,23999029,Uasin Gishu,General shop,2025-02-05,17,1.2,6240.0,2,1,0.29,0
DL-13322,Kamau Traders,0756820220,35821783,Nairobi,Pharmacy,2025-04-06,15,2.5,6560.0,0,4,0.43,0
DL-11639,Atieno Enterprises,0764707090,12023988,Kisumu,General shop,2024-07-10,24,0.5,2050.0,1,2,0.17,0
DL-10859,Njeri Traders,0752478459,36754430,Nairobi,Hardware,2025-08-04,11,3.1,10540.0,4,5,0.35,1
DL-14332,Achieng Enterprises,0752908027,10204695,Kiambu,Hardware,2023-07-16,36,1.3,8100.0,0,2,0.06,0
DL-11502,Kiprop Mart,0740763706,24121819,Nairobi,Pharmacy,2024-06-10,25,3.0,10150.0,0,3,0.11,1
DL-11671,Auma Duka,0781686407,13126652,Nairobi,General shop,2024-10-08,21,1.1,4910.0,4,2,0.62,0
DL-11175,Wafula Enterprises,0723753059,15188955,Nakuru,General shop,2024-07-10,24,1.5,5250.0,1,0,0.28,0
DL-11648,Atieno Shop,0718382389,38378598,Nakuru,General shop,2024-03-12,28,0.3,15340.0,1,0,0.5,0
DL-13773,Auma Traders,0768683296,16639630,Nairobi,Agrovet,2025-04-06,15,1.0,5930.0,2,0,0.42,1
DL-14099,Wairimu Shop,0760702056,39024191,Nakuru,General shop,2025-04-06,15,1.7,6470.0,1,2,0.25,0
DL-12920,Kiprop Supplies,0790885709,31816983,Nairobi,General shop,2025-11-02,8,0.9,5430.0,2,3,0.0,0
DL-13076,Atieno Mini Mart,0758750374,16298396,Nairobi,Agrovet,2023-04-17,39,0.7,4520.0,0,2,0.5,0
DL-12612,Otieno Stores,0720153656,11657088,Kiambu,Agrovet,2025-09-03,10,3.8,6140.0,9,14,0.13,1
DL-12703,Kiprop Duka,0726043737,37267955,Nairobi,General shop,2023-12-13,31,0.8,5200.0,3,0,0.33,0
DL-14056,Atieno Shop,0786969231,26065561,Kiambu,General shop,2024-05-11,26,3.1,6310.0,0,2,0.35,0
DL-12618,Achieng Traders,0739626144,25581194,Nairobi,General shop,2022-07-21,48,2.5,8450.0,3,2,0.17,0
DL-14133,Kiprop Duka,0738978375,14531318,Nakuru,Hardware,2023-08-15,35,1.7,6410.0,0,2,0.2,0
DL-13851,Atieno Stores,0721487493,15387118,Kiambu,Pharmacy,2025-12-02,7,2.9,4210.0,5,5,0.4,1
DL-14635,Nyambura Mart,0795242179,32816229,Meru,General shop,2025-05-06,14,0.7,7460.0,0,1,0.12,0
DL-14642,Omondi Stores,0766673232,21129762,Mombasa,Pharmacy,2024-12-07,19,2.8,,2,3,0.12,0
DL-10319,Achieng Stores,0742764365,22100933,Nairobi,Hardware,2025-07-05,12,0.8,14790.0,2,2,0.44,1
DL-12563,Wairimu Supplies,0723992754,32927222,Nairobi,,2026-04-01,3,2.3,3250.0,1,1,0.57,0
DL-14729,Mutua Shop,0727750178,17762531,Mombasa,Pharmacy,2022-04-22,51,3.8,7140.0,0,1,0.51,0
DL-12765,Wairimu Supplies,0756326068,18720720,Nairobi,,2025-03-07,16,3.8,2950.0,6,8,0.09,1
DL-13462,Omondi Stores,0754822159,14109998,Kiambu,General shop,2022-01-22,54,0.8,5720.0,1,1,0.33,0
DL-14179,Wanjiku Traders,0730161017,22479155,Nakuru,General shop,2026-01-01,6,1.0,4660.0,0,1,0.67,0
DL-10135,Chebet Stores,0744802566,14922393,Kiambu,Electronics,2025-02-05,17,2.8,6460.0,3,0,0.52,0
DL-14324,Omondi Shop,0762151296,36447882,Nakuru,General shop,2023-03-18,40,0.6,8460.0,2,1,0.29,0
DL-11650,Omondi Shop,0795832826,37099735,Nakuru,Electronics,2025-01-06,18,0.8,3990.0,2,1,0.44,0
DL-13553,Omondi Duka,0741850554,18394838,Nairobi,General shop,2024-12-07,19,0.9,4000.0,0,0,0.18,0
DL-14026,Barasa Supplies,0713082433,28487866,Nakuru,Electronics,2025-07-05,12,3.4,8230.0,3,4,0.34,1
DL-10355,Atieno Mart,0746867694,31949983,Kisumu,General shop,2025-12-02,7,2.0,6820.0,1,1,0.0,0
DL-13204,Nyambura Duka,0798599462,17916010,Nairobi,Mini mart,2023-06-16,37,0.5,2520.0,0,1,0.0,0
DL-11076,Atieno Shop,0782916815,17426265,Mombasa,General shop,2025-06-05,13,0.8,9120.0,0,1,0.0,0
DL-14383,Njeri Stores,0711184055,27657468,Nakuru,Mini mart,2024-02-11,29,1.6,6450.0,2,3,0.53,0
DL-13070,Barasa Shop,0789584229,13733943,Machakos,General shop,2025-12-02,7,0.9,4430.0,0,1,0.17,0
DL-12109,Njeri Shop,0724885732,39246165,Nairobi,Agrovet,2024-11-07,20,1.5,3170.0,2,2,0.33,0
DL-13502,Kiprop Mini Mart,0757360423,11936541,Machakos,General shop,2024-12-07,19,1.9,4390.0,2,3,0.13,0
DL-14946,Wairimu Traders,0772889127,27699575,Mombasa,Agrovet,2026-01-31,5,0.6,2800.0,0,1,0.33,0
DL-14337,Chebet Mart,0778227331,25829100,Meru,General shop,2025-07-05,12,2.6,3890.0,5,2,0.16,0
DL-13077,Mwangi Enterprises,0758448902,26501599,Nairobi,General shop,2025-06-05,13,2.5,7090.0,1,4,0.33,1
DL-13574,Barasa Duka,0710023564,38561698,Nairobi,Electronics,2025-08-04,11,1.3,3130.0,0,1,0.07,0
DL-11897,Nyambura Shop,0727020833,35855351,Uasin Gishu,,2023-11-13,32,0.2,9340.0,0,0,0.5,0
DL-14745,Barasa Mart,0744263053,10571519,Nairobi,Mini mart,2024-05-11,26,1.1,11320.0,4,4,0.15,0
DL-12962,Otieno Stores,0783348434,20906890,Kiambu,General shop,2024-11-07,20,0.8,2660.0,3,1,0.33,0
DL-12663,Mwangi Enterprises,0728993060,29625602,Kiambu,Electronics,2025-01-06,18,0.9,3400.0,0,3,0.36,1
DL-13335,Mutua Supplies,0786555098,18839395,Nairobi,General shop,2025-08-04,11,3.0,6100.0,4,5,0.0,1
DL-13861,Chebet Shop,0742585104,24417091,Mombasa,Hardware,2025-05-06,14,0.3,10160.0,1,1,0.5,0
DL-13070,Barasa Shop,0789584229,13733943,Machakos,General shop,2025-12-02,7,0.9,4430.0,0,1,0.17,0
DL-10329,Kamau Traders,0791755915,32820122,Kiambu,,2022-04-22,51,2.4,,0,2,0.31,0
DL-10823,Wafula Traders,0772647769,12351473,Nakuru,General shop,2024-09-08,22,1.8,5440.0,1,2,0.23,0
DL-14448,Mutua Shop,0746362770,29526789,Mombasa,Mini mart,2025-06-05,13,3.2,5020.0,4,5,0.05,0
DL-10064,Omondi Duka,0754840327,38291886,Kiambu,Mini mart,2025-07-05,12,1.2,9440.0,1,3,0.57,0
DL-12638,Mutua Shop,0741824036,38745595,Nairobi,General shop,2024-10-08,21,2.0,7200.0,5,2,0.08,0
DL-10772,Chebet Traders,0717954824,20271433,Nakuru,Electronics,2025-09-03,10,5.4,4970.0,2,2,0.26,0
DL-14484,Otieno Enterprises,0710451256,27648169,Nairobi,General shop,2024-08-09,23,1.3,7690.0,0,1,0.38,0
DL-10365,Wafula Traders,0753064096,20094738,Nairobi,Electronics,2026-05-31,1,1.0,10040.0,1,0,0.0,1
DL-13990,Achieng Stores,0759411784,37324852,Mombasa,Mini mart,2023-08-15,35,1.2,3410.0,3,1,0.27,0
DL-11107,Auma Shop,0758013194,19061064,Nakuru,General shop,2025-03-07,16,1.7,4280.0,2,2,0.25,0
DL-10353,Barasa Duka,0796376890,20810454,Kisumu,Mini mart,2025-11-02,8,0.5,2380.0,1,0,0.25,0
DL-10678,Nyambura Stores,0758510058,10326675,Mombasa,Mini mart,2024-08-09,23,1.6,5380.0,0,0,0.16,0
DL-13366,Achieng Supplies,0791515984,26737256,Nakuru,Pharmacy,2025-07-05,12,0.4,,0,0,0.4,0
DL-13203,Atieno Duka,0783188507,12890476,Nairobi,Hardware,2023-11-13,32,0.2,4890.0,2,0,0.5,1
DL-12295,Njeri Enterprises,0794949859,34343082,Nairobi,Pharmacy,2023-05-17,38,1.5,9930.0,0,2,0.44,0
DL-10669,Nyambura Enterprises,0797780456,17372477,Nairobi,General shop,2024-05-11,26,1.7,5750.0,0,0,0.8,0
DL-14288,Omondi Enterprises,0718328464,12907295,Machakos,General shop,2025-08-04,11,0.8,2030.0,2,1,0.11,1
DL-12016,Atieno Supplies,0723019395,35136583,Nairobi,Mini mart,2025-09-03,10,0.2,5550.0,1,0,0.5,0
DL-11955,Omondi Mini Mart,0799223308,11878107,Nairobi,General shop,2025-06-05,13,1.8,5310.0,6,7,0.0,1
DL-12821,Otieno Duka,0741151518,31322664,Machakos,Electronics,2026-05-01,2,0.5,12390.0,0,0,0.0,0
DL-12483,Achieng Shop,0738793003,19933760,Nairobi,Hardware,2026-01-31,5,0.4,8270.0,0,0,0.0,0
DL-10400,Mutua Mini Mart,0796751618,34700959,Machakos,Hardware,2024-07-10,24,1.4,6210.0,1,1,0.18,0
DL-13370,Njeri Traders,0747225941,19273842,Mombasa,Mini mart,2025-06-05,13,2.2,8480.0,3,2,0.19,0
DL-10613,Wairimu Duka,0723992378,25953834,Nairobi,Agrovet,2024-07-10,24,1.2,10950.0,1,2,0.36,0
DL-14177,Atieno Stores,0717231445,13887802,Uasin Gishu,Hardware,2023-04-17,39,1.7,13220.0,2,2,0.4,0
DL-13985,Mwangi Enterprises,0737933309,12567668,Nairobi,General shop,2026-04-01,3,1.3,3140.0,1,2,0.25,0
DL-13965,Mutua Shop,0716328826,10781417,Kisumu,General shop,2024-05-11,26,0.2,5580.0,2,0,0.67,0
DL-14897,Njeri Traders,0751675270,16519153,Kiambu,General shop,2024-03-12,28,0.7,4030.0,1,0,0.75,0
DL-11817,Auma Mini Mart,0781078102,13336021,Kiambu,Mini mart,2025-02-05,17,0.5,4630.0,0,0,0.17,0
DL-10504,Achieng Mini Mart,0759456362,12895553,Kisumu,General shop,2025-02-05,17,3.3,4060.0,2,3,0.78,0
DL-10227,Nyambura Mart,0799057738,36264214,Nairobi,Pharmacy,2025-04-06,15,2.6,4480.0,3,5,0.23,1
DL-11755,Njeri Supplies,0716087916,32813670,Meru,Agrovet,2024-08-09,23,3.1,11100.0,1,6,0.24,0
DL-10245,Auma Traders,0728492003,15407622,Kiambu,Hardware,2025-10-03,9,0.8,4150.0,3,0,0.29,0
DL-11635,Njeri Mini Mart,0723848932,34451766,Nairobi,General shop,2024-05-11,26,1.9,4450.0,3,3,0.43,0
DL-12817,Achieng Shop,0790297590,12445451,Meru,General shop,2026-03-02,4,0.2,9850.0,1,0,1.0,0
DL-12002,Atieno Supplies,0741093062,15405035,Kisumu,General shop,2025-10-03,9,1.1,6070.0,0,1,0.4,0
DL-10374,Wairimu Duka,0725457074,25342511,Nairobi,General shop,2023-11-13,32,0.3,7420.0,0,0,0.25,0
DL-10119,Otieno Mini Mart,0779499018,35061851,Machakos,,2025-12-02,7,3.1,2750.0,1,1,0.55,1
DL-10040,Auma Duka,0712826816,16892898,Uasin Gishu,Agrovet,2025-06-05,13,3.4,7460.0,2,4,0.39,0
DL-12809,Wafula Shop,0723165566,25277775,Nakuru,Mini mart,2026-05-01,2,0.5,,1,0,0.0,0
DL-10663,Njeri Mart,0755524060,21348723,Nakuru,General shop,2023-11-13,32,0.2,4240.0,0,0,0.0,0
DL-14775,Njeri Traders,0789078655,30465862,Nairobi,General shop,2025-07-05,12,0.1,4490.0,0,0,0.0,0
DL-10646,Atieno Supplies,0778673523,37672668,Kiambu,General shop,2025-07-05,12,0.3,6040.0,3,0,0.5,1
DL-12578,Chebet Stores,0777620845,21252646,Machakos,Pharmacy,2021-10-24,57,2.0,3100.0,1,3,0.21,0
DL-11435,Mutua Duka,0736291549,19212850,Nakuru,General shop,2026-01-01,6,2.7,10170.0,2,1,0.06,0
DL-13658,Njeri Supplies,0722617395,16136123,Meru,General shop,2024-05-11,26,2.2,6610.0,8,6,0.52,1
DL-12982,Otieno Mini Mart,0769533677,12584913,Kisumu,General shop,2025-10-03,9,1.8,5800.0,2,3,0.06,0
DL-12065,Wanjiku Duka,0765061160,18782862,Kisumu,Electronics,2024-08-09,23,0.4,7360.0,1,0,0.4,0
DL-10755,Otieno Duka,0746500226,30803140,Machakos,General shop,2024-11-07,20,3.4,7500.0,5,10,0.73,1
DL-10554,Wanjiku Shop,0762469264,30321600,Meru,Electronics,2025-10-03,9,0.4,3980.0,3,1,0.75,0
DL-12342,Achieng Stores,0776532312,35043054,Machakos,Mini mart,2024-02-11,29,3.0,2920.0,0,3,0.25,0
DL-13792,Kiprop Duka,0718180856,29848342,Nairobi,Hardware,2025-08-04,11,0.2,4730.0,0,0,1.0,0
DL-12027,Nyambura Shop,0736507335,25273559,Nairobi,Mini mart,2023-10-14,33,0.2,7360.0,0,1,0.0,0
DL-14511,Auma Mart,0759361763,20010935,Mombasa,Mini mart,2024-01-12,30,3.3,4820.0,8,5,0.38,1
DL-14592,Kiprop Mini Mart,0755898615,24491747,Uasin Gishu,Mini mart,2025-11-02,8,3.0,10370.0,3,3,0.21,1
DL-10802,Omondi Shop,0718980135,36423110,Kiambu,Electronics,2024-07-10,24,3.3,10300.0,1,1,0.2,0
DL-11387,Wairimu Mart,0797961964,30962078,Kiambu,Mini mart,2025-09-03,10,1.2,,3,1,0.42,1
DL-12554,Barasa Enterprises,0784672314,29318226,Kisumu,Mini mart,2024-08-09,23,1.3,4900.0,0,0,0.69,0
DL-12871,Atieno Mini Mart,0716181422,20328283,Kiambu,General shop,2025-11-02,8,1.4,6880.0,0,3,0.27,0
DL-12036,Nyambura Duka,0718403802,15709205,Kisumu,General shop,2025-10-03,9,1.1,3970.0,0,0,0.2,0
DL-13271,Kamau Mini Mart,0742163923,27677477,Kiambu,General shop,2023-05-17,38,0.2,4430.0,0,0,0.0,0
DL-14578,Mwangi Shop,0721889892,33545542,Meru,General shop,2025-06-05,13,3.2,,1,2,0.47,0
DL-11818,Mwangi Mart,0749595048,26700782,Nairobi,Pharmacy,2024-09-08,22,1.2,4970.0,3,0,0.14,0
DL-10378,Nyambura Enterprises,0714530084,26401523,Nairobi,Mini mart,2025-06-05,13,0.8,3460.0,2,0,0.0,0
DL-10793,Wafula Shop,0730115247,27883346,Nairobi,General shop,2024-11-07,20,3.0,7340.0,3,7,0.22,1
DL-10605,Wafula Supplies,0713375600,29625341,Uasin Gishu,Pharmacy,2024-10-08,21,1.5,2680.0,0,0,0.11,0
DL-11958,Mwangi Traders,0713867339,33065058,Nakuru,Agrovet,2023-04-17,39,1.7,5810.0,1,3,0.1,1
DL-11514,Kiprop Duka,0794595465,12544918,Kiambu,Hardware,2026-01-01,6,0.5,6430.0,2,0,0.33,1
DL-10289,Wanjiku Enterprises,0730885645,31493202,Kiambu,Pharmacy,2024-11-07,20,0.6,7990.0,1,0,0.14,0
DL-11271,Achieng Supplies,0742865418,36614032,Nairobi,Pharmacy,2024-08-09,23,2.8,7420.0,1,1,0.09,0
DL-12614,Mwangi Shop,0776463664,33567551,Kisumu,Agrovet,2024-12-07,19,2.0,8960.0,2,2,0.21,0
DL-13929,Achieng Mart,0770998989,37388773,Nairobi,Mini mart,2025-09-03,10,1.1,6950.0,0,0,0.36,0
DL-14792,Omondi Stores,0757190860,20936509,Kisumu,General shop,2022-08-20,47,0.8,,1,0,0.78,0
DL-14782,Omondi Stores,0710548170,10319828,Nairobi,Pharmacy,2024-05-11,26,0.4,4690.0,2,0,0.6,0
DL-14814,Wanjiku Mini Mart,0736849550,12055004,Machakos,General shop,2021-07-26,60,0.4,6520.0,3,1,0.4,0
DL-10297,Wafula Mini Mart,0737476560,22851638,Kiambu,Mini mart,2026-01-01,6,1.0,2560.0,2,1,0.17,0
DL-11917,Wairimu Traders,0748690824,32004108,Kisumu,General shop,2026-01-01,6,0.8,4700.0,2,1,0.2,0
DL-13877,Kamau Duka,0788104712,10763940,Kiambu,General shop,2024-06-10,25,1.2,6190.0,3,2,0.57,0
DL-11319,Mutua Enterprises,0749834042,29799787,Kiambu,Mini mart,2026-01-31,5,1.8,,0,1,0.0,0
DL-14238,Auma Shop,0794362715,18368167,Nairobi,Hardware,2026-01-01,6,1.5,6880.0,1,1,0.0,0
DL-13592,Njeri Duka,0715719316,21744295,Uasin Gishu,Pharmacy,2025-02-05,17,1.4,3220.0,0,3,0.41,0
DL-10703,Kamau Mart,0738947854,10230533,Kiambu,Mini mart,2024-05-11,26,0.2,5150.0,0,0,0.33,0
DL-11634,Otieno Mini Mart,0730409480,17653584,Nairobi,General shop,2024-06-10,25,1.9,,0,1,0.13,1
DL-14948,Kamau Duka,0766098481,13847144,Machakos,Agrovet,2026-05-01,2,1.5,11000.0,3,1,0.0,0
DL-14002,Wairimu Stores,0739327185,24926804,Machakos,Pharmacy,2022-09-19,46,0.2,,1,0,0.33,0
DL-11549,Njeri Duka,0759982206,36578161,Kiambu,Mini mart,2024-06-10,25,0.3,9050.0,4,2,0.25,0
DL-12677,Kiprop Supplies,0724005013,21723898,Kisumu,Hardware,2024-10-08,21,0.6,3520.0,2,0,0.43,0
DL-13884,Wafula Mini Mart,0722999275,18450088,Uasin Gishu,General shop,2023-11-13,32,1.2,6720.0,3,1,0.33,0
DL-12772,Njeri Traders,0768797061,12875100,Mombasa,General shop,2025-08-04,11,2.5,6070.0,2,5,0.74,0
DL-10482,Achieng Traders,0743988562,37630052,Mombasa,Electronics,2022-09-19,46,2.5,,6,7,0.37,0
DL-13350,Atieno Duka,0798394866,18824890,Kisumu,Mini mart,2024-08-09,23,4.1,3800.0,5,5,0.29,0
DL-12879,Atieno Stores,0757601274,18340101,Uasin Gishu,Hardware,2025-03-07,16,0.4,11460.0,0,0,0.0,0
DL-12529,Mwangi Duka,0797443700,39426798,Mombasa,,2024-09-08,22,0.8,3050.0,1,0,0.33,0
DL-14833,Nyambura Mart,0760673291,18854471,Mombasa,General shop,2024-02-11,29,0.5,5010.0,0,2,0.33,0
DL-14724,Wanjiku Stores,0782764047,35720340,Nakuru,General shop,2025-02-05,17,0.7,4940.0,0,1,0.12,0
DL-11007,Auma Supplies,0793158178,39213524,Uasin Gishu,Mini mart,2025-08-04,11,1.5,7850.0,0,0,0.53,1
DL-12602,Barasa Enterprises,0777787923,35624982,Nakuru,Mini mart,2026-05-01,2,0.5,7310.0,1,0,0.0,0
DL-12669,Chebet Shop,0750121978,30585382,Meru,,2024-01-12,30,1.8,3890.0,0,1,0.32,0
DL-10910,Mutua Traders,0723022821,19294514,Nairobi,General shop,2024-09-08,22,0.1,13610.0,0,0,0.0,0
DL-13461,Kiprop Stores,0754544629,25718662,Kiambu,General shop,2024-12-07,19,0.9,8460.0,3,2,0.27,0
DL-12685,Atieno Mini Mart,0798598350,11493220,Mombasa,Agrovet,2025-05-06,14,0.5,13130.0,0,1,0.83,0
DL-14519,Wanjiku Stores,0734990734,22906602,Nairobi,Mini mart,2025-12-02,7,0.9,8940.0,1,1,0.83,1
DL-12049,Auma Enterprises,0768361527,13964922,Mombasa,General shop,2025-05-06,14,1.8,6300.0,1,5,0.32,0
DL-13780,Otieno Duka,0729741888,38805033,Nakuru,Mini mart,2021-12-23,55,1.1,3650.0,2,4,0.31,0
DL-11255,Njeri Stores,0787617510,21588788,Uasin Gishu,General shop,2025-11-02,8,0.4,4440.0,0,0,0.0,0
DL-13111,Njeri Duka,0792574118,18270076,Meru,Pharmacy,2023-08-15,35,1.3,2570.0,1,3,0.38,0
DL-13626,Achieng Traders,0792826474,17748684,Nairobi,Mini mart,2025-05-06,14,1.7,5040.0,1,2,0.15,0
DL-10224,Mutua Enterprises,0786468498,36440300,Uasin Gishu,Electronics,2025-06-05,13,0.9,,2,1,0.18,1
DL-11367,Mwangi Enterprises,0725155085,15103106,Kiambu,Mini mart,2024-01-12,30,0.8,1630.0,2,1,0.0,0
DL-14524,Omondi Enterprises,0728297241,29396000,Nairobi,General shop,2025-08-04,11,1.5,6520.0,4,4,0.5,1
DL-13804,Omondi Stores,0729065421,30933779,Machakos,Mini mart,2024-05-11,26,1.3,3740.0,2,2,0.38,0
DL-14483,Barasa Traders,0793189052,27765270,Kisumu,Pharmacy,2025-01-06,18,0.6,9850.0,1,0,0.29,0
DL-11853,Kamau Mini Mart,0715188877,29007641,Nakuru,General shop,2024-04-11,27,2.4,5950.0,1,2,0.14,0
DL-11283,Chebet Shop,0787942410,20837045,Nairobi,General shop,2021-07-26,60,0.4,6640.0,0,0,0.0,0
DL-11930,Njeri Duka,0767812857,31846856,Kisumu,Mini mart,2025-07-05,12,4.7,4680.0,4,8,0.2,1
DL-13368,Wanjiku Stores,0759903547,16326762,Machakos,Electronics,2024-01-12,30,0.2,,0,1,0.0,0
DL-12544,Chebet Supplies,0715470130,15764740,Kiambu,Pharmacy,2024-01-12,30,3.1,3770.0,6,11,0.49,1
DL-10081,Wanjiku Mini Mart,0733172851,20433479,Meru,Mini mart,2024-02-11,29,0.2,4070.0,0,0,0.33,0
DL-12604,Kamau Supplies,0729333108,21200050,Kisumu,Electronics,2024-09-08,22,1.8,5830.0,2,7,0.09,1
DL-12613,Mutua Supplies,0759482489,17968008,Kiambu,General shop,2024-02-11,29,1.6,4520.0,2,3,0.32,1
DL-14896,Otieno Supplies,0757249454,22940789,Nairobi,Hardware,2024-07-10,24,1.4,2610.0,3,3,0.59,1
DL-11673,Njeri Mini Mart,0763659001,25567046,Kisumu,Electronics,2026-03-02,4,1.2,4430.0,1,1,0.4,1
DL-14690,Wanjiku Stores,0718684306,20533947,Machakos,Agrovet,2024-03-12,28,0.2,4960.0,1,0,0.0,0
DL-14387,Mutua Supplies,0725571334,36575168,Nairobi,General shop,2024-07-10,24,1.0,10020.0,0,0,0.5,0
DL-10106,Auma Shop,0731246036,25669784,Meru,Pharmacy,2024-07-10,24,1.5,5840.0,1,2,0.44,0
DL-10598,Mwangi Stores,0718345593,39854445,Nakuru,Mini mart,2022-01-22,54,0.8,3310.0,1,1,0.0,0
DL-14698,Kamau Supplies,0731065743,13190745,Machakos,General shop,2024-11-07,20,0.3,4710.0,2,1,0.0,0
DL-13722,Kiprop Supplies,0790543481,27249346,Kisumu,Hardware,2024-12-07,19,2.2,6820.0,0,0,0.73,0
DL-12473,Auma Enterprises,0759093078,13921426,Nairobi,General shop,2025-09-03,10,2.0,4440.0,0,0,0.25,0
DL-13267,Omondi Mini Mart,0759260642,21408490,Kiambu,General shop,2024-05-11,26,2.1,,3,1,0.08,0
DL-12249,Njeri Shop,0782559828,39905696,Nairobi,Mini mart,2024-10-08,21,1.2,2850.0,1,1,0.47,0
DL-10359,Mutua Mini Mart,0762347360,17479350,Nakuru,Mini mart,2025-02-05,17,0.5,3900.0,3,0,0.17,0
DL-12443,Chebet Enterprises,0713612722,18253267,Nairobi,Pharmacy,2021-09-24,58,1.1,,2,0,0.77,0
DL-10169,Wanjiku Enterprises,0794061688,12711622,Kiambu,Mini mart,2025-12-02,7,1.6,4140.0,3,1,0.18,0
DL-12090,Njeri Supplies,0734935854,13188026,Nairobi,Hardware,2025-06-05,13,0.4,8590.0,1,1,1.0,0
DL-11926,Nyambura Mini Mart,0737516442,31285600,Mombasa,Mini mart,2024-10-08,21,2.5,5110.0,1,2,0.5,0
DL-11223,Mutua Stores,0794172444,36678240,Kiambu,Agrovet,2025-11-02,8,0.1,3860.0,1,0,0.0,0
DL-14004,Wairimu Stores,0796485602,37769695,Kiambu,Mini mart,2026-05-01,2,2.5,9490.0,4,4,0.6,1
DL-13020,Wafula Mini Mart,0731298295,12231658,Kisumu,General shop,2025-08-04,11,1.8,3780.0,4,7,0.15,0
DL-12265,Nyambura Stores,0787004911,11353367,Uasin Gishu,Mini mart,2025-09-03,10,1.8,2760.0,2,1,0.61,1
DL-11859,Kamau Shop,0732877265,14093272,Nairobi,General shop,2024-05-11,26,1.7,16880.0,2,0,0.65,0
DL-11192,Mutua Mart,0759064060,30843097,Mombasa,Mini mart,2025-11-02,8,2.2,,1,1,0.06,0
DL-13691,Otieno Enterprises,0788335080,10553210,Kisumu,Mini mart,2025-08-04,11,0.5,11210.0,2,2,0.33,0
DL-12511,Wanjiku Traders,0795128150,11707469,Nairobi,Electronics,2025-10-03,9,3.3,4730.0,4,13,0.33,1
DL-13249,Otieno Mart,0768326169,10608649,Nairobi,Electronics,2024-09-08,22,2.4,5410.0,3,5,0.17,1
DL-14409,Barasa Duka,0778823932,16519610,Kisumu,Hardware,2025-08-04,11,1.1,6500.0,1,1,0.0,0
DL-10866,Omondi Enterprises,0785181225,25140165,Nairobi,Electronics,2023-01-17,42,0.7,5890.0,2,2,0.12,0
DL-13805,Atieno Stores,0767908686,39354862,Kisumu,Electronics,2024-11-07,20,0.5,2450.0,1,2,0.17,0
DL-13056,Atieno Mart,0764024787,20185427,Mombasa,Electronics,2025-04-06,15,1.0,8750.0,0,1,0.0,0
DL-10341,Kamau Shop,0732073999,36892552,Nairobi,Mini mart,2024-02-11,29,0.8,3150.0,2,4,0.0,0
DL-11143,Wairimu Traders,0750204093,11232828,Kiambu,General shop,2023-03-18,40,2.3,14300.0,1,1,0.29,0
DL-13733,Omondi Mini Mart,0712456519,27453478,Uasin Gishu,General shop,2025-05-06,14,1.9,4850.0,1,2,0.26,0
DL-12243,Otieno Mart,0757377726,34186465,Mombasa,Mini mart,2025-04-06,15,2.1,4680.0,1,4,0.24,0
DL-13964,Mwangi Supplies,0729836488,34389577,Kiambu,Hardware,2025-11-02,8,1.0,4750.0,1,0,0.0,0
DL-10290,Wanjiku Enterprises,0794388780,33913048,Nairobi,General shop,2024-12-07,19,1.3,14140.0,3,1,0.31,0
DL-14211,Kamau Supplies,0766675504,35793454,Machakos,Hardware,2024-03-12,28,0.1,5640.0,0,0,1.0,0
DL-14203,Atieno Enterprises,0770931835,10208554,Mombasa,Mini mart,2025-12-02,7,3.7,10960.0,1,2,0.08,0
DL-13940,Auma Duka,0771063073,21426417,Mombasa,Mini mart,2025-01-06,18,0.8,3840.0,1,0,0.33,0
DL-13213,Nyambura Mini Mart,0778678887,33737015,Mombasa,General shop,2022-09-19,46,1.6,,2,2,0.21,0
DL-12076,Njeri Mart,0757897249,21165720,Nairobi,Mini mart,2025-01-06,18,1.5,18430.0,4,3,0.11,0
DL-13107,Njeri Traders,0715729275,34986062,Kisumu,Mini mart,2025-03-07,16,2.0,4620.0,1,1,0.25,1
DL-12922,Wafula Stores,0796059034,38455741,Machakos,Mini mart,2023-08-15,35,0.8,2360.0,2,1,0.2,0
DL-10600,Barasa Enterprises,0772996447,13901859,Nairobi,General shop,2025-12-02,7,0.4,6390.0,2,1,0.33,0
DL-13817,Kamau Duka,0730722707,13479336,Machakos,General shop,2025-11-02,8,0.8,3320.0,0,0,0.33,0
DL-12622,Mwangi Duka,0726669318,31813747,Nakuru,Pharmacy,2024-07-10,24,0.9,4400.0,3,2,0.45,0
DL-11331,Njeri Mart,0775441167,13762377,Nakuru,Hardware,2025-05-06,14,2.2,3490.0,0,2,0.19,0
DL-10393,Barasa Mini Mart,0781823890,29807726,Nairobi,Hardware,2025-01-06,18,1.2,7210.0,1,0,0.43,0
DL-14685,Auma Enterprises,0791914318,14144379,Kiambu,General shop,2025-12-02,7,4.0,10540.0,3,9,0.21,1
DL-10765,Auma Supplies,0735561477,22121381,Nairobi,,2024-02-11,29,2.6,2470.0,2,1,0.32,0
DL-12679,Achieng Shop,0747170680,18926336,Mombasa,Mini mart,2024-01-12,30,1.1,9810.0,2,0,0.08,0
DL-14602,Otieno Stores,0796491448,24873780,Kisumu,Agrovet,2025-08-04,11,1.2,3340.0,1,1,0.0,0
DL-10688,Chebet Shop,0732212089,19290097,Uasin Gishu,Mini mart,2024-09-08,22,2.2,7650.0,3,3,0.31,0
DL-14777,Mutua Enterprises,0718373404,30067802,Nairobi,General shop,2024-05-11,26,1.8,4980.0,0,1,0.5,0
DL-12157,Mwangi Mart,0746102043,21975519,Machakos,Hardware,2026-05-01,2,1.5,7350.0,4,1,0.67,0
DL-11402,Achieng Mart,0793602902,35086572,Nairobi,Mini mart,2021-07-26,60,1.3,9290.0,5,3,0.12,0
DL-12828,Omondi Duka,0740466431,11384461,Nairobi,Mini mart,2025-08-04,11,0.9,3210.0,2,3,0.3,1
DL-13351,Otieno Mini Mart,0761292601,10100097,Nairobi,General shop,2023-09-14,34,0.8,7270.0,0,0,0.3,0
DL-12160,Wanjiku Shop,0763305036,12292371,Kiambu,General shop,2025-11-02,8,4.1,5200.0,3,1,0.33,0
DL-13413,Atieno Stores,0718834498,27336508,Kiambu,General shop,2025-06-05,13,1.8,,0,2,0.1,0
DL-13434,Wafula Supplies,0724678582,24576969,Nakuru,Mini mart,2025-06-05,13,1.3,13620.0,0,1,0.19,0
DL-10204,Chebet Mart,0725473721,25599498,Nairobi,General shop,2024-02-11,29,1.5,8420.0,1,0,0.17,0
DL-12348,Otieno Duka,0711895141,27404822,Nairobi,Hardware,2023-09-14,34,2.2,5060.0,1,2,0.15,0
DL-12720,Omondi Mart,0747864950,33028496,Machakos,Hardware,2025-10-03,9,1.2,7780.0,1,1,0.64,0
DL-11569,Mutua Duka,0771351383,27603512,Mombasa,Mini mart,2024-10-08,21,1.0,5980.0,1,0,0.08,0
DL-14394,Atieno Shop,0749293567,22098592,Nakuru,Mini mart,2025-03-07,16,0.8,7320.0,1,1,0.33,0
DL-10699,Mutua Supplies,0747246781,28817071,Nairobi,Mini mart,2026-01-31,5,1.6,11380.0,2,2,0.12,0
DL-13705,Atieno Mini Mart,0759216473,10231355,Kiambu,Pharmacy,2025-01-06,18,2.8,7120.0,4,7,0.79,1
DL-10886,Chebet Stores,0768091679,36351393,Nakuru,Pharmacy,2023-01-17,42,5.1,4750.0,1,8,0.03,0
DL-11873,Chebet Mart,0770872836,31755484,Kisumu,Electronics,2025-07-05,12,1.7,4040.0,2,2,0.25,1
DL-11722,Wanjiku Mart,0722139866,26061118,Nakuru,,2023-02-16,41,1.8,,5,3,0.18,0
DL-11479,Mutua Supplies,0784549131,11999917,Mombasa,General shop,2026-01-31,5,1.2,,2,0,0.33,1
DL-12555,Kamau Duka,0799136781,20321974,Nairobi,General shop,2024-11-07,20,1.2,5780.0,0,0,0.4,0
DL-12901,Kamau Traders,0741287242,32343569,Meru,,2024-11-07,20,1.1,2670.0,1,4,0.46,1
DL-13128,Barasa Mini Mart,0717610402,20925226,Kiambu,Electronics,2025-04-06,15,3.8,6530.0,5,7,0.33,1
DL-11951,Achieng Mart,0765732895,20185515,Uasin Gishu,General shop,2023-09-14,34,0.7,6640.0,0,1,0.62,0
DL-11337,Wairimu Mart,0739608450,10248447,Mombasa,General shop,2025-11-02,8,0.8,6690.0,1,1,0.17,0
DL-14485,Omondi Mart,0779957902,14120614,Machakos,Hardware,2026-05-31,1,4.0,8040.0,2,2,0.5,0
DL-11611,Auma Duka,0799021891,34385661,Nairobi,Electronics,2026-01-31,5,1.8,2860.0,0,2,0.33,0
DL-11480,Chebet Enterprises,0789263490,35812791,Nairobi,Pharmacy,2023-02-16,41,2.2,8130.0,3,3,0.12,0
DL-12063,Chebet Enterprises,0769682766,13786031,Nairobi,Mini mart,2025-08-04,11,1.7,,0,1,0.16,0
DL-13760,Mutua Duka,0794631692,27578268,Kiambu,General shop,2024-08-09,23,0.8,9590.0,0,0,0.33,1
DL-14168,Otieno Enterprises,0795429588,28098988,Nairobi,General shop,2025-07-05,12,3.3,7760.0,2,3,0.55,0
DL-10012,Wafula Duka,0717060742,15937604,Nairobi,General shop,2024-07-10,24,0.9,11010.0,4,0,0.82,0
DL-12579,Atieno Supplies,0734526122,25206969,Uasin Gishu,Pharmacy,2021-08-25,59,0.5,6410.0,0,0,0.0,0
DL-13928,Kamau Enterprises,0796512945,15337761,Nairobi,General shop,2025-07-05,12,1.1,4600.0,0,0,0.08,0
DL-11904,Wafula Mart,0762774245,18931193,Nairobi,General shop,2023-02-16,41,1.6,6480.0,1,0,0.42,0
DL-14567,Otieno Enterprises,0747932994,32303164,Meru,Hardware,2025-08-04,11,1.5,4890.0,1,4,0.31,1
DL-12176,Achieng Shop,0797267263,36720367,Kisumu,Agrovet,2025-07-05,12,1.4,2070.0,0,1,0.0,0
DL-11552,Chebet Traders,0770309111,22980567,Nairobi,Pharmacy,2025-09-03,10,0.3,4490.0,2,0,0.33,0
DL-13311,Chebet Enterprises,0761281239,15884410,Machakos,General shop,2025-10-03,9,2.0,4280.0,4,4,0.33,1
DL-13177,Otieno Mini Mart,0798525602,33090188,Kisumu,General shop,2024-12-07,19,1.8,9080.0,1,1,0.14,0
DL-10851,Wafula Duka,0730320702,37226882,Nairobi,Mini mart,2026-05-31,1,2.0,2520.0,1,1,0.5,0
DL-10792,Auma Stores,0744326330,11950750,Uasin Gishu,General shop,2024-08-09,23,0.7,12940.0,1,1,0.5,0
DL-11183,Chebet Mini Mart,0752024536,20614148,Uasin Gishu,General shop,2026-03-02,4,0.2,4050.0,2,0,0.0,0
DL-12924,Njeri Duka,0793884232,16114806,Nairobi,Hardware,2025-12-02,7,1.3,7920.0,1,1,0.11,0
DL-14739,Nyambura Enterprises,0798323787,14026786,Meru,Electronics,2023-12-13,31,3.4,2360.0,4,2,0.27,0
DL-11388,Wafula Stores,0722149910,14536847,Uasin Gishu,Electronics,2023-11-13,32,0.8,10780.0,1,0,0.2,0
DL-10906,Achieng Stores,0752266046,36753923,Nairobi,General shop,2024-05-11,26,0.6,4930.0,1,1,0.43,0
DL-13913,Kiprop Shop,0780574731,20305729,Nairobi,Mini mart,2025-12-02,7,0.1,8280.0,2,0,0.0,0
DL-10568,Njeri Duka,0753102720,28022852,Kisumu,Mini mart,2023-05-17,38,0.7,7150.0,1,2,0.12,0
DL-14892,Atieno Enterprises,0765991409,11489162,Mombasa,Pharmacy,2026-01-31,5,0.8,4870.0,1,2,0.0,0
DL-13966,Chebet Shop,0746858804,19636460,Uasin Gishu,General shop,2022-10-19,45,0.8,5040.0,3,1,0.1,0
DL-12490,Mutua Enterprises,0773304282,18875364,Mombasa,General shop,2025-02-05,17,0.1,8310.0,0,0,1.0,0
DL-13178,Otieno Supplies,0772831805,10807254,Nairobi,General shop,2024-04-11,27,1.4,2900.0,3,3,0.06,0
DL-12785,Barasa Shop,0725767402,27690454,Uasin Gishu,Agrovet,2025-08-04,11,1.8,4780.0,2,5,0.45,1
DL-13336,Wafula Enterprises,0779777796,24199324,Nairobi,Pharmacy,2025-06-05,13,1.0,13660.0,0,0,0.25,0
DL-13072,Kiprop Supplies,0766477502,36154099,Meru,Hardware,2025-01-06,18,0.4,3380.0,0,0,0.2,0
DL-12269,Wairimu Stores,0723674918,18134925,Mombasa,Mini mart,2024-05-11,26,1.3,9600.0,1,0,0.69,0
DL-11893,Barasa Supplies,0736786695,12857091,Kiambu,Pharmacy,2025-05-06,14,3.9,2800.0,3,4,0.4,1
DL-13281,Wairimu Stores,0772889780,29456113,Kiambu,Hardware,2025-04-06,15,0.8,3220.0,0,2,0.0,0
DL-13757,Chebet Duka,0725095036,11476088,Kiambu,General shop,2025-08-04,11,1.1,5900.0,1,1,0.17,0
DL-14508,Wanjiku Duka,0733635016,27862348,Kiambu,General shop,2024-08-09,23,2.0,6410.0,2,2,0.54,0
DL-10488,Wairimu Supplies,0793415614,34656416,Mombasa,General shop,2024-11-07,20,5.4,5690.0,1,2,0.23,0
DL-10257,Wairimu Duka,0741113981,12300440,Kisumu,Mini mart,2026-03-02,4,0.2,5260.0,2,0,0.0,0
DL-10744,Barasa Shop,0788157783,11189971,Nairobi,Mini mart,2025-12-02,7,0.6,7460.0,0,0,0.5,0
DL-10432,Nyambura Stores,0763185830,21007068,Nairobi,General shop,2024-10-08,21,1.5,6630.0,0,2,0.33,0
DL-10687,Kiprop Enterprises,0799967921,25118079,Nairobi,Hardware,2026-03-02,4,0.2,2490.0,0,0,1.0,0
DL-14426,Atieno Duka,0714591095,23964128,Nakuru,Mini mart,2025-08-04,11,0.8,6120.0,3,2,0.0,1
DL-13719,Omondi Duka,0751665194,31741389,Nairobi,Pharmacy,2026-03-02,4,1.0,3400.0,1,1,0.75,1
DL-12197,Nyambura Duka,0757301536,16952270,Kiambu,General shop,2023-08-15,35,1.5,4260.0,5,1,0.06,0
DL-13670,Nyambura Mart,0782796393,16747924,Meru,Mini mart,2025-01-06,18,4.0,3350.0,3,1,0.29,0
DL-12756,Kamau Traders,0724438813,25819053,Machakos,General shop,2024-08-09,23,1.1,,0,0,0.54,0
DL-14973,Chebet Duka,0717195787,34929474,Machakos,Mini mart,2025-03-07,16,2.2,2250.0,2,2,0.26,0
DL-13448,Mwangi Mart,0773491640,26831106,Meru,Mini mart,2025-06-05,13,1.8,3860.0,4,6,0.23,1
DL-12346,Otieno Traders,0771268622,20612280,Machakos,General shop,2025-10-03,9,0.6,,1,0,0.4,0
DL-11774,Kamau Duka,0771318686,31817932,Uasin Gishu,Electronics,2024-09-08,22,1.0,10260.0,0,1,0.33,1
DL-12936,Kiprop Shop,0763502533,25131084,Uasin Gishu,Mini mart,2024-03-12,28,0.5,5870.0,3,0,0.17,0
DL-14812,Mutua Shop,0795717690,25217267,Kiambu,Pharmacy,2023-09-14,34,0.2,4340.0,2,1,0.33,0
DL-14417,Wafula Mini Mart,0757826435,23166719,Nairobi,Pharmacy,2025-08-04,11,2.0,3440.0,0,3,0.36,0
DL-11397,Auma Shop,0747116872,29521117,Mombasa,Hardware,2024-02-11,29,1.0,2530.0,1,1,0.42,0
DL-12145,Wanjiku Enterprises,0788781547,17877982,Kiambu,Hardware,2024-05-11,26,1.3,5540.0,5,2,0.5,1
DL-12518,Wafula Shop,0782133358,13418482,Nairobi,Mini mart,2025-02-05,17,2.2,6210.0,3,1,0.41,1
DL-13767,Wafula Enterprises,0711439493,32372928,Nairobi,General shop,2025-06-05,13,1.8,4390.0,4,2,0.71,0
DL-10507,Wafula Mini Mart,0789140784,38070161,Nairobi,Mini mart,2026-01-01,6,1.2,8890.0,5,2,0.43,1
DL-10764,Auma Enterprises,0770243539,25529382,Nairobi,Mini mart,2022-12-18,43,1.0,7390.0,0,1,0.0,0
DL-14845,Otieno Mini Mart,0721757228,10892706,Meru,Electronics,2023-11-13,32,0.8,4600.0,0,2,0.0,0
DL-14617,Omondi Enterprises,0747741534,14110622,Nairobi,General shop,2025-11-02,8,0.2,,2,0,0.0,0
DL-12874,Wanjiku Traders,0768811152,25342582,Machakos,Hardware,2025-09-03,10,2.3,2910.0,3,3,0.39,1
DL-11770,Wafula Enterprises,0747184367,22507610,Nakuru,Mini mart,2023-03-18,40,0.7,4200.0,3,1,0.38,0
DL-14707,Barasa Shop,0797129063,17202773,Meru,Mini mart,2024-06-10,25,0.9,10870.0,0,1,0.27,0
DL-12734,Kamau Traders,0766855284,16989611,Kiambu,Pharmacy,2025-02-05,17,0.5,5200.0,1,0,0.5,0
DL-10578,Achieng Stores,0751684335,17973661,Kisumu,Electronics,2025-01-06,18,0.8,3570.0,1,0,0.11,0
DL-11609,Mwangi Duka,0749380314,11990316,Nairobi,Agrovet,2024-11-07,20,0.8,3780.0,0,0,0.11,0
DL-14390,Kiprop Enterprises,0762941771,29494804,Mombasa,Electronics,2025-07-05,12,3.9,8490.0,2,6,0.11,0
DL-12079,Atieno Stores,0790241729,18185774,Nairobi,Agrovet,2025-06-05,13,1.8,,3,1,0.68,1
DL-14345,Achieng Traders,0779741481,32866191,Meru,General shop,2023-11-13,32,0.5,12390.0,2,1,0.0,0
DL-13506,Mutua Enterprises,0794937713,27011523,Nakuru,Agrovet,2026-01-01,6,2.0,11180.0,2,4,0.33,0
DL-10004,Otieno Mini Mart,0736774146,29674635,Nairobi,Electronics,2024-01-12,30,0.8,3470.0,0,1,0.6,0
DL-11798,Wanjiku Duka,0793045443,37114641,Nairobi,Hardware,2025-09-03,10,1.2,3690.0,3,3,0.58,0
DL-11365,Wanjiku Traders,0797868306,25557990,Meru,General shop,2026-01-01,6,3.3,1990.0,2,2,0.3,0
DL-14831,Atieno Enterprises,0745352984,35795198,Uasin Gishu,General shop,2024-02-11,29,0.6,4520.0,1,1,0.14,0
DL-11288,Barasa Enterprises,0762806091,19066721,Nairobi,Mini mart,2023-02-16,41,0.9,2090.0,0,1,0.27,0
DL-10239,Kamau Stores,0736913024,30994054,Kiambu,Pharmacy,2024-05-11,26,3.0,3760.0,5,5,0.19,1
DL-14239,Wanjiku Shop,0780673496,12188701,Uasin Gishu,Hardware,2025-06-05,13,1.6,3250.0,0,1,0.21,0
DL-11745,Njeri Stores,0740794552,24091821,Kiambu,Mini mart,2024-09-08,22,2.2,9770.0,1,3,0.52,0
DL-12610,Mutua Enterprises,0726884897,26292041,Kisumu,Pharmacy,2024-10-08,21,3.3,3730.0,3,4,0.38,0
DL-11599,Mwangi Enterprises,0761908753,29346862,Kiambu,Electronics,2025-08-04,11,1.2,6940.0,2,6,0.62,1
DL-14086,Kamau Mini Mart,0741261271,11478108,Nakuru,General shop,2025-11-02,8,0.4,6570.0,2,0,0.0,0
DL-12527,Wairimu Duka,0742752595,23953782,Nakuru,Hardware,2022-02-21,53,2.0,5630.0,2,0,0.29,0
DL-13251,Kiprop Stores,0725852279,18625670,Nairobi,General shop,2023-09-14,34,0.1,,0,0,0.0,0
DL-11778,Omondi Enterprises,0788111560,15322107,Nairobi,Mini mart,2021-10-24,57,1.2,6040.0,4,5,0.21,0
DL-12572,Nyambura Enterprises,0739405309,36060820,Kisumu,Mini mart,2022-09-19,46,1.2,8560.0,0,1,0.14,0
DL-10903,Wafula Shop,0712665417,39227021,Machakos,Mini mart,2023-12-13,31,0.8,6780.0,1,0,0.11,0
DL-11448,Njeri Mini Mart,0791733539,26772910,Uasin Gishu,Electronics,2024-11-07,20,1.8,6160.0,2,2,0.19,0
DL-11869,Auma Enterprises,0715458621,24441798,Meru,Mini mart,2024-10-08,21,0.5,7780.0,0,0,0.17,0
DL-11559,Njeri Duka,0764375048,14239759,Kisumu,General shop,2024-09-08,22,1.2,3790.0,2,1,0.14,0
DL-10555,Wafula Supplies,0775440852,10305959,Nairobi,Electronics,2024-02-11,29,4.2,9300.0,3,6,0.14,0
DL-11311,Mwangi Stores,0757224047,33616410,Mombasa,General shop,2025-08-04,11,3.7,6580.0,2,4,0.76,0
DL-10200,Wafula Stores,0752541242,29918950,Nakuru,Pharmacy,2025-09-03,10,1.7,,1,4,0.24,0
DL-10803,Wafula Mini Mart,0788263494,30732189,Mombasa,General shop,2026-04-01,3,1.7,4950.0,0,1,0.8,0
DL-12826,Mwangi Mart,0783041688,35809910,Nairobi,Agrovet,2024-10-08,21,0.8,11660.0,2,0,0.22,0
DL-14874,Otieno Duka,0749781769,24120899,Uasin Gishu,General shop,2025-02-05,17,2.4,4010.0,2,2,0.1,1
DL-12540,Kamau Stores,0728948678,29402014,Nairobi,Pharmacy,2025-11-02,8,0.5,3640.0,0,1,0.0,0
DL-12748,Wairimu Shop,0764890285,21227638,Nairobi,Mini mart,2024-09-08,22,1.8,12690.0,0,2,0.36,0
DL-12526,Omondi Stores,0747674109,17615660,Mombasa,Pharmacy,2025-07-05,12,0.9,5540.0,2,1,0.55,1
DL-10343,Otieno Traders,0762895285,20891593,Uasin Gishu,Agrovet,2024-09-08,22,5.5,7040.0,5,5,0.23,0
DL-11330,Mwangi Enterprises,0732531556,36066766,Machakos,Mini mart,2024-12-07,19,0.2,3690.0,0,1,0.0,0
DL-10920,Chebet Mini Mart,0790981457,38507980,Nairobi,Hardware,2024-05-11,26,2.2,7400.0,5,4,0.31,0
DL-13371,Chebet Supplies,0779301171,13442427,Machakos,Hardware,2022-03-23,52,1.7,5000.0,2,1,0.3,0
DL-14413,Nyambura Supplies,0756762423,30933551,Nairobi,Pharmacy,2024-08-09,23,2.2,10340.0,4,4,0.54,1
DL-13118,Auma Enterprises,0791206011,23139598,Mombasa,Pharmacy,2024-11-07,20,0.2,4050.0,1,0,0.0,0
DL-14142,Chebet Mini Mart,0782007537,25226378,Kiambu,General shop,2024-04-11,27,0.4,1460.0,2,0,0.0,0
DL-13416,Mutua Stores,0751355058,39221447,Uasin Gishu,Pharmacy,2025-12-02,7,1.9,3580.0,0,0,0.46,1
DL-13598,Njeri Mini Mart,0758916423,30914387,Meru,Mini mart,2025-03-07,16,2.3,2600.0,3,3,0.36,0
DL-11940,Nyambura Duka,0731825533,29940734,Nakuru,General shop,2021-07-26,60,1.1,11550.0,1,0,0.15,0
DL-13922,Nyambura Duka,0765407422,34351770,Mombasa,Mini mart,2024-03-12,28,0.3,2710.0,2,0,0.75,0
DL-14362,Kamau Stores,0728808071,21426723,Kiambu,Electronics,2023-06-16,37,0.1,5720.0,0,0,0.0,0
DL-12986,Auma Shop,0761732305,36358139,Nakuru,General shop,2024-12-07,19,1.7,3800.0,3,3,0.15,1
DL-11576,Barasa Traders,0729333231,37842108,Nairobi,General shop,2024-09-08,22,0.9,8930.0,0,1,0.09,0
DL-12405,Nyambura Enterprises,0710686616,12312036,Machakos,Electronics,2025-07-05,12,2.2,7180.0,3,2,0.44,1
DL-12191,Wairimu Mart,0714947846,22194372,Meru,General shop,2025-03-07,16,1.8,4520.0,5,5,0.18,0
DL-12928,Mutua Duka,0719346768,13538511,Kisumu,General shop,2024-08-09,23,1.2,2680.0,1,5,0.29,1
DL-12101,Wanjiku Traders,0730001119,34429098,Kisumu,Electronics,2023-07-16,36,0.3,4450.0,0,0,0.25,0
DL-14090,Njeri Mini Mart,0781876810,22040454,Nakuru,General shop,2025-12-02,7,0.1,10320.0,1,0,1.0,0
DL-11540,Njeri Enterprises,0772358249,19595120,Mombasa,Electronics,2025-01-06,18,1.5,4520.0,1,0,0.33,0
DL-11085,Wafula Mini Mart,0775056878,24890689,Nairobi,General shop,2025-12-02,7,1.0,8360.0,0,0,0.0,0
DL-12469,Mwangi Mini Mart,0739156310,38516774,Nairobi,Agrovet,2025-01-06,18,2.9,4260.0,2,5,0.11,0
DL-11550,Wanjiku Mart,0783601312,11214563,Nairobi,Mini mart,2024-09-08,22,2.8,11260.0,0,0,0.41,0
DL-13720,Wafula Supplies,0721343310,33284746,Kisumu,,2025-07-05,12,6.1,6180.0,3,9,0.15,1
DL-11122,Mwangi Mini Mart,0794705675,20527884,Mombasa,General shop,2024-06-10,25,0.4,3270.0,2,1,0.4,0
DL-14863,Njeri Shop,0781568195,37754977,Meru,General shop,2024-11-07,20,0.3,2690.0,1,1,0.25,0
DL-14049,Achieng Mini Mart,0793600343,24403618,Kiambu,Pharmacy,2024-05-11,26,2.3,2590.0,5,3,0.14,0
DL-11804,Chebet Stores,0733844935,25155221,Nairobi,Hardware,2025-04-06,15,0.8,6480.0,0,0,0.5,0
DL-11040,Njeri Supplies,0777336041,22184481,Machakos,Mini mart,2024-01-12,30,2.3,3000.0,2,4,0.21,0
DL-10011,Achieng Duka,0765131103,28280509,Nairobi,Mini mart,2025-07-05,12,5.6,8890.0,0,5,0.52,0
DL-14072,Kamau Traders,0741669299,26429075,Uasin Gishu,Pharmacy,2024-11-07,20,3.2,2440.0,2,6,0.08,1
DL-13767,Wafula Enterprises,0718754984,32372928,Nairobi,General shop,2025-06-05,13,1.8,4390.0,4,2,0.71,0
DL-13724,Mutua Mini Mart,0716108267,14826717,Nairobi,Pharmacy,2023-06-16,37,1.4,4900.0,1,0,0.06,0
DL-14741,Nyambura Duka,0765799207,33079929,Nairobi,General shop,2026-01-31,5,0.4,20520.0,1,1,0.5,1
DL-12280,Achieng Shop,0770318336,36100343,Nairobi,Pharmacy,2025-06-05,13,2.1,5750.0,0,1,0.56,0
DL-12728,Wanjiku Mart,0714120539,22970857,Kiambu,Pharmacy,2025-06-05,13,0.7,3260.0,3,2,0.75,1
DL-10567,Mutua Enterprises,0739136959,20592754,Kiambu,Mini mart,2023-03-18,40,1.5,7270.0,2,3,0.06,0
DL-10145,Nyambura Mini Mart,0750932952,28517910,Kiambu,Mini mart,2024-11-07,20,1.1,5720.0,0,1,0.08,0
DL-10311,Otieno Traders,0750570069,39669928,Nairobi,General shop,2024-04-11,27,0.2,9990.0,0,1,0.0,0
DL-11043,Kiprop Stores,0787266820,34506934,Uasin Gishu,Mini mart,2025-05-06,14,1.3,7520.0,0,0,0.31,0
DL-11450,Otieno Traders,0726724222,11255502,Kiambu,Pharmacy,2024-01-12,30,1.1,,0,3,0.38,0
DL-10487,Omondi Shop,0757739118,37575534,Nairobi,Mini mart,2025-05-06,14,1.5,8760.0,0,3,0.28,0
DL-11535,Achieng Mini Mart,0780917539,27786197,Kiambu,Pharmacy,2025-09-03,10,0.9,9390.0,0,1,0.22,1
DL-12411,Barasa Enterprises,0787467359,11283449,Machakos,Pharmacy,2023-07-16,36,1.0,3600.0,1,0,0.42,0
DL-12427,Kamau Shop,0781804240,29909803,Mombasa,Mini mart,2026-01-01,6,2.3,3820.0,0,1,0.43,0
DL-12737,Auma Shop,0734181382,35465915,Kisumu,General shop,2025-12-02,7,2.1,4990.0,5,6,0.2,0
DL-11221,Mutua Duka,0791983199,17632430,Nairobi,Mini mart,2025-07-05,12,1.7,6450.0,2,2,0.55,1
DL-10773,Wafula Stores,0771421378,16128371,Nairobi,Electronics,2024-03-12,28,1.8,9800.0,0,1,0.24,0
DL-11237,Omondi Shop,0735813710,38541984,Nakuru,Mini mart,2024-06-10,25,0.9,12190.0,1,1,0.27,1
DL-11911,Mwangi Mart,0737609637,16152203,Nairobi,Electronics,2024-01-12,30,1.1,5390.0,2,0,0.23,0
DL-13369,Barasa Traders,0743715989,36659953,Kiambu,Electronics,2025-06-05,13,0.6,,1,0,0.14,0
DL-11287,Auma Stores,0714135619,23699457,Nairobi,General shop,2023-10-14,33,0.6,,1,2,0.29,0
DL-14545,Kamau Traders,0766314705,34953011,Kiambu,,2025-03-07,16,1.6,7570.0,1,0,0.16,0
DL-14501,Nyambura Stores,0751260729,24311416,Uasin Gishu,General shop,2024-06-10,25,1.2,2570.0,0,4,0.2,0
DL-10949,Achieng Shop,0722064505,35243207,Uasin Gishu,General shop,2024-07-10,24,3.2,7850.0,8,7,0.44,0
DL-12997,Njeri Mini Mart,0757091991,15680992,Mombasa,General shop,2025-11-02,8,0.1,9340.0,0,0,0.0,0
DL-13518,Nyambura Duka,0767888087,22488959,Meru,Pharmacy,2025-02-05,17,2.7,3650.0,0,1,0.19,0
DL-10513,Mwangi Duka,0788214676,30376506,Kiambu,,2024-09-08,22,3.3,5590.0,6,9,0.28,1
DL-10633,Nyambura Traders,0790182158,11705979,Nakuru,Mini mart,2025-04-06,15,2.1,1960.0,1,1,0.0,0
DL-12220,Wanjiku Mart,0761974199,28333661,Nairobi,Agrovet,2024-07-10,24,2.3,,0,4,0.07,0
DL-13088,Mwangi Duka,0723208343,13607327,Kiambu,Mini mart,2025-07-05,12,0.8,8200.0,3,2,0.22,1
DL-13292,Otieno Duka,0794687781,16743708,Kisumu,Pharmacy,2025-04-06,15,1.3,2260.0,1,1,0.12,1
DL-14193,Wairimu Stores,0777284624,11921376,Nairobi,General shop,2024-10-08,21,3.2,6210.0,3,4,0.28,0
DL-10917,Atieno Traders,0710381233,34383437,Meru,Hardware,2026-01-01,6,1.7,3020.0,2,1,0.6,1
DL-10640,Wanjiku Mart,0716669816,12536309,Kiambu,Electronics,2025-05-06,14,4.1,4590.0,11,16,0.12,1
DL-10713,Wanjiku Supplies,0742126976,19150587,Machakos,General shop,2023-12-13,31,0.8,4070.0,4,3,0.44,0
DL-13197,Achieng Supplies,0744091499,23616677,Nairobi,Hardware,2026-03-02,4,1.0,18760.0,0,0,0.25,0
DL-13888,Chebet Traders,0723950241,34098587,Nairobi,Pharmacy,2024-09-08,22,0.8,6930.0,1,1,0.67,0
DL-11589,Nyambura Traders,0711596150,32552394,Nairobi,,2025-06-05,13,1.3,2250.0,0,0,0.06,0
DL-13770,Wafula Shop,0779209518,22189663,Nairobi,Agrovet,2024-06-10,25,1.2,5790.0,2,3,0.53,0
DL-13086,Otieno Supplies,0762883204,34286282,Nakuru,Agrovet,2026-01-31,5,5.4,5580.0,1,8,0.3,1
DL-12339,Njeri Supplies,0745076572,37444705,Kiambu,Mini mart,2025-04-06,15,2.8,12430.0,0,0,0.35,0
DL-10907,Chebet Supplies,0760822364,29799972,Kiambu,Pharmacy,2024-04-11,27,0.8,7820.0,1,0,0.11,0
DL-14949,Wanjiku Supplies,0711681934,21798851,Kiambu,General shop,2023-07-16,36,0.8,8080.0,1,0,0.22,0
DL-10571,Auma Mini Mart,0769373123,25030836,Nakuru,Agrovet,2026-05-31,1,1.0,2890.0,0,0,0.0,0
DL-12362,Atieno Stores,0784162246,26827107,Uasin Gishu,General shop,2025-05-06,14,0.3,6690.0,1,1,0.5,0
DL-14536,Auma Traders,0715237249,14008158,Nairobi,General shop,2024-07-10,24,2.7,7550.0,2,2,0.12,0
DL-11194,Atieno Enterprises,0739468578,20598895,Nairobi,Mini mart,2023-09-14,34,0.8,2830.0,0,1,0.3,0
DL-14277,Njeri Shop,0768621352,14151026,Machakos,Electronics,2024-04-11,27,1.1,7500.0,0,0,0.23,0
DL-11833,Kiprop Enterprises,0792986610,37953803,Nairobi,Mini mart,2025-03-07,16,0.6,7400.0,0,0,0.57,0
DL-11797,Njeri Stores,0731720580,22783413,Meru,Electronics,2025-05-06,14,1.1,,1,0,0.15,0
DL-12587,Njeri Stores,0760449502,20885384,Nairobi,Agrovet,2024-07-10,24,0.7,2800.0,0,0,0.5,1
DL-13503,Achieng Mart,0741249965,35285050,Nakuru,General shop,2024-07-10,24,1.2,4670.0,3,1,0.67,0
DL-13914,Atieno Duka,0786344806,20085561,Mombasa,Mini mart,2025-06-05,13,2.3,7450.0,1,0,0.18,0
DL-14532,Kamau Shop,0745742237,21031689,Mombasa,Hardware,2025-10-03,9,2.6,7320.0,2,2,0.65,0
DL-13490,Barasa Enterprises,0743424491,27616590,Nairobi,General shop,2025-10-03,9,1.1,4000.0,6,5,0.5,1
DL-14112,Kamau Supplies,0776674950,27901140,Nairobi,General shop,2024-12-07,19,0.4,7110.0,2,1,0.0,0
DL-14375,Chebet Mart,0786211695,22576692,Nakuru,General shop,2026-05-31,1,5.0,5030.0,0,1,0.0,1
DL-14978,Barasa Mini Mart,0737369455,34942637,Machakos,General shop,2024-02-11,29,0.6,3670.0,0,0,0.57,0
DL-14523,Nyambura Traders,0720818104,27174045,Nakuru,Mini mart,2025-07-05,12,1.8,2110.0,1,1,0.23,0
DL-14816,Wafula Stores,0716930723,30763624,Meru,Hardware,2024-04-11,27,1.0,4760.0,0,0,0.25,1
DL-11840,Mwangi Shop,0795376636,31510027,Machakos,Pharmacy,2025-05-06,14,2.2,4340.0,2,0,0.22,0
DL-10162,Atieno Duka,0780855439,29116920,Kiambu,General shop,2024-03-12,28,3.9,,7,19,0.17,1
DL-11750,Otieno Traders,0744255289,28053290,Machakos,General shop,2025-11-02,8,1.2,4620.0,0,2,0.1,0
DL-11643,Wafula Shop,0770913560,16301237,Nakuru,Mini mart,2024-12-07,19,2.1,5530.0,4,8,0.32,1
DL-13931,Wairimu Supplies,0788108689,19378138,Nairobi,Mini mart,2024-02-11,29,2.9,6020.0,3,6,0.4,0
DL-10100,Njeri Shop,0715829681,36236210,Mombasa,General shop,2025-01-06,18,2.3,7000.0,6,7,0.32,1
DL-13905,Chebet Stores,0787723733,10201283,Nairobi,,2023-11-13,32,0.4,8620.0,0,0,0.2,0
DL-12456,Mwangi Mart,0742106030,18205553,Kiambu,Electronics,2024-04-11,27,1.2,,3,2,0.13,0
DL-13924,Kamau Mart,0763831405,29675416,Nairobi,Agrovet,2022-12-18,43,1.3,2510.0,1,4,0.12,0
DL-12482,Atieno Mart,0756707107,29195495,Nairobi,Pharmacy,2026-04-01,3,4.3,3120.0,0,1,0.31,1
DL-10408,Wafula Duka,0752112036,18642701,Kiambu,Mini mart,2025-06-05,13,2.3,5220.0,4,6,0.39,1
DL-11382,Kamau Mart,0726686205,22133009,Kisumu,Agrovet,2025-07-05,12,0.4,2870.0,0,1,0.6,0
DL-11346,Wairimu Supplies,0713422575,27019423,Meru,Hardware,2024-12-07,19,1.5,6180.0,0,0,0.44,0
DL-13302,Kamau Mini Mart,0735707109,33967999,Kisumu,Electronics,2025-08-04,11,0.4,1710.0,0,0,0.25,0
DL-12450,Wafula Stores,0717309401,31225065,Nakuru,General shop,2024-10-08,21,0.7,4860.0,1,2,0.12,0
DL-10993,Nyambura Duka,0744414491,28294088,Nairobi,Agrovet,2024-11-07,20,0.8,2890.0,2,1,0.3,0
DL-11551,Kiprop Enterprises,0729722120,25858279,Mombasa,General shop,2024-09-08,22,2.9,3470.0,4,6,0.26,0
DL-12401,Achieng Traders,0767307831,34937973,Kiambu,General shop,2024-06-10,25,1.3,12250.0,2,2,0.0,0
DL-10043,Chebet Mart,0787834479,39283981,Nairobi,General shop,2024-08-09,23,1.6,8910.0,3,1,0.37,0
DL-11737,Kamau Shop,0733832270,26299079,Kisumu,Electronics,2025-05-06,14,0.7,2410.0,1,1,0.0,0
DL-13874,Barasa Stores,0712803972,23947183,Uasin Gishu,Mini mart,2025-04-06,15,0.7,5830.0,0,0,0.25,0
DL-11451,Wafula Mart,0767360155,32546149,Kiambu,Electronics,2024-11-07,20,0.6,5410.0,1,0,0.43,0
DL-10139,Wafula Stores,0744616481,16220118,Uasin Gishu,Mini mart,2025-10-03,9,3.3,3850.0,0,4,0.17,1
DL-12043,Barasa Mini Mart,0749785310,39480672,Mombasa,General shop,2023-08-15,35,1.0,3900.0,2,1,0.33,0
DL-13585,Barasa Mini Mart,0737972689,24245861,Kiambu,Pharmacy,2023-06-16,37,1.8,4400.0,1,2,0.14,0
DL-13978,Atieno Enterprises,0712074206,31287399,Nairobi,General shop,2024-10-08,21,3.1,11020.0,4,2,0.19,0
DL-13301,Atieno Enterprises,0746831677,14373517,Nairobi,General shop,2024-07-10,24,3.2,,2,5,0.5,1
DL-10248,Auma Stores,0769440976,39411112,Nairobi,General shop,2023-09-14,34,0.3,4920.0,0,0,0.25,0
DL-11347,Mutua Mini Mart,0723558436,13262923,Kiambu,Hardware,2025-12-02,7,3.1,,2,4,0.36,0
DL-11849,Mutua Mini Mart,0748084445,37809113,Kisumu,Mini mart,2023-12-13,31,0.7,12450.0,1,3,0.62,0
DL-14687,Kiprop Traders,0758811530,36116845,Mombasa,Hardware,2023-09-14,34,4.3,5370.0,2,7,0.33,0
DL-14607,Njeri Traders,0737705601,12154655,Kiambu,General shop,2026-01-01,6,1.3,5890.0,1,3,0.12,1
DL-14398,Omondi Duka,0772892854,17093279,Nakuru,,2025-04-06,15,0.6,6000.0,0,0,0.14,0
DL-12603,Chebet Shop,0735828892,11078725,Kiambu,Electronics,2024-09-08,22,0.9,2770.0,0,0,0.09,0
DL-11649,Njeri Shop,0777382687,39835913,Nairobi,Pharmacy,2024-10-08,21,1.7,4970.0,0,0,0.1,0
DL-14162,Njeri Mini Mart,0719324562,20597245,Nairobi,Hardware,2025-01-06,18,0.7,6490.0,1,1,0.12,0
DL-14882,Nyambura Duka,0786039808,14376679,Mombasa,Agrovet,2025-01-06,18,3.7,3020.0,2,6,0.34,1
DL-12423,Njeri Shop,0769786656,23367588,Kisumu,Electronics,2024-05-11,26,0.8,5570.0,3,4,0.2,0
DL-11078,Mwangi Traders,0784730432,21375870,Meru,General shop,2024-08-09,23,0.3,5070.0,1,0,0.0,0
DL-14456,Auma Mini Mart,0799800145,12874353,Kiambu,Mini mart,2023-08-15,35,1.0,6140.0,3,0,0.33,0
DL-13222,Otieno Traders,0767103367,23373698,Nairobi,General shop,2025-01-06,18,2.6,5440.0,5,3,0.23,1
DL-10770,Kiprop Duka,0762149415,15330833,Meru,Mini mart,2025-10-03,9,1.2,6610.0,1,2,0.64,0
DL-10561,Wanjiku Mart,0720889875,20080637,Mombasa,Mini mart,2025-02-05,17,1.8,8480.0,1,1,0.24,0
DL-13849,Otieno Stores,0766229897,21831510,Nairobi,General shop,2025-04-06,15,1.5,22140.0,4,3,0.22,0
DL-14544,Chebet Traders,0736277489,14303028,Nakuru,Mini mart,2024-09-08,22,2.2,5190.0,0,0,0.11,0
DL-11505,Chebet Supplies,0773093211,22903830,Nairobi,General shop,2025-03-07,16,0.4,10670.0,0,0,0.0,0
DL-13538,Otieno Mart,0786100191,28652472,Machakos,General shop,2026-01-31,5,1.8,20060.0,4,5,0.44,1
DL-10518,Wairimu Duka,0760894831,10610861,Kisumu,Hardware,2025-08-04,11,2.9,2940.0,3,2,0.38,0
DL-14901,Achieng Mini Mart,0773034402,35867468,Machakos,General shop,2024-06-10,25,0.8,5950.0,6,2,0.2,0
DL-10778,Kamau Traders,0797032384,34828543,Mombasa,Pharmacy,2024-12-07,19,0.5,2280.0,4,2,0.17,1
DL-13105,Omondi Enterprises,0724975392,13924746,Mombasa,Mini mart,2025-09-03,10,4.2,4290.0,1,5,0.29,0
DL-13723,Wairimu Traders,0782784126,20317740,Nairobi,General shop,2025-09-03,10,1.1,5500.0,1,0,0.18,0
DL-11915,Mwangi Mart,0764222426,25057303,Nairobi,Mini mart,2026-01-01,6,1.3,7480.0,0,0,0.62,0
DL-12088,Achieng Mini Mart,0772923565,33243181,Uasin Gishu,General shop,2025-05-06,14,2.0,1630.0,0,1,0.29,0
DL-10283,Wairimu Supplies,0748634563,23158931,Machakos,Electronics,2025-03-07,16,0.6,3550.0,0,0,0.43,0
DL-14225,Omondi Mart,0726202131,29323580,Nairobi,Pharmacy,2025-01-06,18,2.2,6090.0,1,3,0.31,0
DL-12755,Nyambura Mini Mart,0781247005,39161557,Nairobi,General shop,2025-04-06,15,0.2,2690.0,1,0,0.67,0
DL-10708,Atieno Mini Mart,0732621876,34972593,Nakuru,General shop,2023-11-13,32,1.9,2720.0,1,2,0.17,0
DL-11663,Chebet Stores,0777460771,37827206,Kisumu,Hardware,2025-10-03,9,2.0,2440.0,0,4,0.28,0
DL-13692,Kamau Stores,0770771626,36680275,Kisumu,Electronics,2024-11-07,20,1.2,15040.0,0,0,0.21,0
DL-10520,Nyambura Mart,0780861827,12451018,Nairobi,General shop,2024-02-11,29,1.1,9270.0,1,0,0.23,0
DL-11775,Omondi Stores,0771470159,32375521,Mombasa,Electronics,2025-03-07,16,0.8,3740.0,1,0,0.33,0
DL-10759,Omondi Stores,0755830987,39143722,Meru,Pharmacy,2025-04-06,15,0.8,7550.0,1,0,0.7,0
DL-13790,Wanjiku Duka,0752521351,23057754,Nairobi,General shop,2025-02-05,17,1.3,9430.0,1,1,0.12,0
DL-12316,Otieno Traders,0729527598,39166251,Nairobi,General shop,2025-05-06,14,1.8,7790.0,0,0,0.33,0
DL-14947,Mwangi Enterprises,0732956152,16652296,Mombasa,Mini mart,2024-10-08,21,1.3,9740.0,2,0,0.06,0
DL-14265,Otieno Duka,0739749334,19621187,Nakuru,Electronics,2026-01-01,6,1.2,4590.0,3,2,0.29,1
DL-14457,Kamau Enterprises,0732461123,37153937,Kiambu,Electronics,2023-12-13,31,1.1,13660.0,1,0,0.08,0
DL-10036,Barasa Mart,0764371013,19964828,Kiambu,Electronics,2024-12-07,19,0.8,5420.0,3,2,0.0,0
DL-10026,Atieno Shop,0718391789,30123313,Nairobi,Hardware,2025-07-05,12,0.3,4230.0,2,0,0.5,0
DL-10896,Atieno Traders,0794873524,21224087,Kiambu,Agrovet,2025-07-05,12,1.0,5950.0,1,2,0.08,0
DL-12863,Kiprop Stores,0717570575,35853951,Nairobi,Electronics,2024-03-12,28,0.8,16470.0,0,0,0.33,0
DL-10085,Auma Traders,0761273761,25801084,Kisumu,General shop,2025-07-05,12,1.1,3600.0,2,1,0.23,0
DL-14670,Kamau Shop,0780605272,39804210,Meru,Pharmacy,2024-04-11,27,0.5,6370.0,0,0,0.33,1
DL-14244,Wanjiku Supplies,0757366426,11873812,Kiambu,Hardware,2025-02-05,17,0.9,3930.0,2,0,0.45,0
DL-12881,Nyambura Traders,0751193501,10887738,Uasin Gishu,Mini mart,2025-01-06,18,3.3,4310.0,0,6,0.18,0
DL-14102,Mutua Traders,0771072663,36479975,Uasin Gishu,Mini mart,2026-01-01,6,2.5,4800.0,4,2,0.47,1
DL-13875,Auma Stores,0752354187,14270839,Kisumu,Agrovet,2025-05-06,14,0.7,6240.0,1,1,0.0,0
DL-11725,Mutua Duka,0731514414,23330470,Nairobi,General shop,2026-01-31,5,2.4,1430.0,0,1,0.42,0
DL-11738,Njeri Traders,0778139332,30119625,Nairobi,Mini mart,2025-05-06,14,1.3,,0,0,0.19,0
DL-12127,Mwangi Mart,0777648229,15532756,Nairobi,Pharmacy,2023-02-16,41,2.6,2690.0,5,5,0.61,1
DL-10875,Chebet Supplies,0735881281,35191014,Mombasa,Agrovet,2025-01-06,18,0.1,14660.0,0,0,0.0,0
DL-10147,Kamau Duka,0716130672,27608321,Nakuru,Mini mart,2025-05-06,14,2.8,3550.0,3,5,0.38,0
DL-14348,Wafula Mini Mart,0743247776,11583657,Mombasa,Pharmacy,2024-05-11,26,0.2,2500.0,1,0,0.0,0
DL-11700,Njeri Enterprises,0796829472,19503954,Kiambu,General shop,2023-09-14,34,1.8,6220.0,0,0,0.14,0
DL-11093,Njeri Mini Mart,0779294769,26095824,Nairobi,Hardware,2024-06-10,25,0.9,15550.0,0,3,0.09,0
DL-12112,Nyambura Shop,0756611307,11512755,Machakos,Mini mart,2025-05-06,14,1.9,5910.0,0,0,0.22,0
DL-11850,Wafula Mart,0749235204,23263164,Nairobi,General shop,2023-03-18,40,1.2,4870.0,0,1,0.21,0
DL-10927,Wafula Duka,0718578208,14987923,Kiambu,General shop,2024-04-11,27,2.2,3430.0,2,3,0.58,1
DL-10527,Wanjiku Traders,0724086070,15274677,Kiambu,Hardware,2025-01-06,18,1.2,3520.0,0,2,0.36,0
DL-11262,Achieng Stores,0780284243,38478823,Nakuru,Mini mart,2024-07-10,24,0.9,8830.0,2,1,0.36,0
DL-14060,Omondi Mini Mart,0797714005,12707250,Nairobi,Pharmacy,2026-04-01,3,2.0,12510.0,2,1,0.17,1
DL-13826,Kamau Mini Mart,0712292434,15025122,Nairobi,Mini mart,2024-07-10,24,3.5,6890.0,2,3,0.29,1
DL-12948,Mwangi Supplies,0749385383,26224682,Nakuru,Electronics,2022-09-19,46,1.2,4650.0,0,2,0.4,0
DL-10799,Nyambura Shop,0730049398,11203553,Kiambu,General shop,2025-06-05,13,2.6,6780.0,0,3,0.48,0
DL-12613,Mutua Supplies,0728711690,17968008,Kiambu,General shop,2024-02-11,29,1.6,4520.0,2,3,0.32,1
DL-13384,Nyambura Traders,0746290047,31567111,Mombasa,Mini mart,2024-09-08,22,0.4,4200.0,1,0,0.2,0
DL-14447,Achieng Traders,0762382500,27508703,Meru,Pharmacy,2026-01-31,5,1.0,6150.0,0,1,0.6,0
DL-14853,Chebet Traders,0790582794,32461961,Kisumu,Pharmacy,2022-07-21,48,2.2,7830.0,4,5,0.42,0
DL-14032,Wanjiku Mini Mart,0758311172,11098341,Nairobi,Electronics,2025-04-06,15,2.5,3870.0,3,3,0.23,0
DL-10381,Otieno Stores,0730381171,22292315,Machakos,General shop,2022-05-22,50,1.1,5210.0,0,0,0.08,0
DL-10485,Kamau Mart,0787301967,25376555,Nairobi,General shop,2025-05-06,14,0.8,3760.0,0,3,0.5,0
DL-14454,Wanjiku Supplies,0765162921,34520902,Mombasa,General shop,2022-06-21,49,0.9,4820.0,2,3,0.82,0
DL-12328,Kiprop Enterprises,0745195094,34173859,Mombasa,Pharmacy,2024-06-10,25,1.3,,1,1,0.5,0
DL-11701,Achieng Duka,0731821080,33044219,Nairobi,General shop,2021-07-26,60,0.9,5610.0,2,0,0.09,0
DL-13508,Njeri Supplies,0737019664,34503782,Nairobi,General shop,2026-01-31,5,3.2,21050.0,2,3,0.38,0
DL-11102,Wairimu Enterprises,0764366057,14478625,Mombasa,General shop,2024-12-07,19,2.4,7970.0,2,0,0.31,0
DL-10596,Atieno Supplies,0764968537,13006049,Uasin Gishu,General shop,2023-11-13,32,0.2,3860.0,2,0,0.0,0
DL-13133,Wafula Supplies,0778632716,22085812,Nairobi,General shop,2024-10-08,21,2.1,18000.0,1,2,0.16,0
DL-14924,Wairimu Stores,0731307300,13991639,Mombasa,Pharmacy,2025-08-04,11,0.3,3960.0,1,0,0.0,0
DL-14888,Kiprop Stores,0775163062,19997040,Nakuru,Hardware,2025-04-06,15,2.4,6110.0,2,4,0.07,0
DL-11594,Atieno Enterprises,0768387349,26882665,Kiambu,General shop,2024-08-09,23,2.4,2250.0,2,5,0.69,1
DL-10492,Kiprop Traders,0733029402,36266324,Nakuru,Mini mart,2024-08-09,23,1.8,5120.0,1,3,0.33,0
DL-11795,Wafula Traders,0747362973,39012076,Nairobi,General shop,2024-01-12,30,1.8,5060.0,1,1,0.38,0
DL-12626,Chebet Stores,0741896917,37273202,Nairobi,Pharmacy,2024-03-12,28,1.1,2030.0,1,1,0.08,0
DL-10579,Omondi Stores,0735034960,31000254,Uasin Gishu,General shop,2023-01-17,42,1.1,4680.0,1,1,0.69,1
DL-11802,Auma Mini Mart,0784768722,24743849,Uasin Gishu,General shop,2024-05-11,26,3.0,5730.0,8,11,0.03,1
DL-12655,Mwangi Shop,0717766975,11030716,Nairobi,Mini mart,2021-11-23,56,1.4,14070.0,0,0,0.29,0
DL-10606,Atieno Mini Mart,0722311801,14606552,Machakos,General shop,2025-08-04,11,0.5,8300.0,1,0,0.2,0
DL-10839,Chebet Enterprises,0731953123,23432468,Kisumu,Electronics,2025-04-06,15,1.1,10320.0,2,1,0.0,0
DL-14303,Achieng Mini Mart,0760608846,25197257,Uasin Gishu,Agrovet,2025-08-04,11,1.6,2450.0,2,1,0.17,0
DL-10642,Kiprop Mini Mart,0724438290,33198058,Nairobi,Hardware,2024-02-11,29,0.8,6600.0,0,2,0.3,0
DL-14706,Nyambura Shop,0726862472,22857950,Nairobi,General shop,2024-05-11,26,1.0,3480.0,6,4,0.25,0
DL-14563,Njeri Duka,0710875636,37048200,Kiambu,Mini mart,2024-08-09,23,2.4,3820.0,2,1,0.52,0
DL-12468,Wanjiku Mini Mart,0772691795,11554447,Nairobi,General shop,2023-08-15,35,0.6,6030.0,0,0,0.43,0
DL-13200,Wairimu Enterprises,0731754447,11240325,Nairobi,General shop,2025-03-07,16,1.0,5900.0,1,3,0.42,1
DL-13926,Nyambura Stores,0776728221,22630207,Machakos,General shop,2026-01-31,5,0.4,9060.0,1,1,0.5,0
DL-11829,Barasa Traders,0731307064,33894352,Nairobi,General shop,2025-07-05,12,0.7,6770.0,0,0,0.0,0
DL-14311,Wafula Mini Mart,0755539543,38396456,Nairobi,Agrovet,2024-05-11,26,0.6,5580.0,0,0,0.43,0
DL-12721,Kiprop Mini Mart,0721019205,26748140,Nairobi,General shop,2026-04-01,3,0.7,1610.0,1,2,1.0,1
DL-13526,Barasa Mart,0758607746,16496697,Meru,Hardware,2025-06-05,13,0.2,8750.0,1,0,0.67,0
DL-12137,Atieno Supplies,0769196991,39032780,Nairobi,General shop,2025-07-05,12,0.7,4620.0,0,1,0.25,0
DL-14068,Mwangi Mart,0763171094,10129787,Mombasa,General shop,2025-06-05,13,1.2,3530.0,0,1,0.14,0
DL-14507,Kiprop Stores,0786026921,32648059,Mombasa,General shop,2025-11-02,8,2.6,4410.0,2,1,0.57,1
DL-11981,Wairimu Enterprises,0790060709,22287457,Uasin Gishu,General shop,2025-06-05,13,0.4,3170.0,1,1,0.2,0
DL-11436,Barasa Stores,0739130400,36381408,Nairobi,Mini mart,2025-01-06,18,2.2,7700.0,2,3,0.23,0
DL-13686,Nyambura Duka,0749561882,15398091,Nairobi,Pharmacy,2023-12-13,31,1.2,4140.0,2,6,0.47,1
DL-13134,Nyambura Supplies,0742820312,20317443,Nakuru,Pharmacy,2023-06-16,37,0.6,11720.0,1,1,0.29,0
DL-11178,Kiprop Mini Mart,0732621265,28743003,Nairobi,Mini mart,2026-03-02,4,1.2,4120.0,2,0,0.0,0
DL-13919,Otieno Stores,0755784373,36999264,Meru,General shop,2025-08-04,11,1.9,3400.0,4,6,0.24,1
DL-10397,Kamau Shop,0730421917,28039388,Machakos,General shop,2025-02-05,17,2.6,11750.0,2,3,0.23,0
DL-11542,Omondi Duka,0729523818,16106783,Mombasa,General shop,2023-06-16,37,1.2,9680.0,2,0,0.21,0
DL-12968,Auma Stores,0786636840,12412588,Nairobi,General shop,2026-04-01,3,0.7,9000.0,2,1,0.5,1
DL-13503,Achieng Mart,0741249965,35285050,Nakuru,General shop,2024-07-10,24,1.2,4670.0,3,1,0.67,0
DL-10450,Nyambura Stores,0782319075,30666083,Nairobi,Electronics,2025-09-03,10,1.2,5560.0,1,4,0.42,0
DL-10930,Kamau Traders,0744211415,11367234,Nakuru,Mini mart,2026-01-01,6,0.3,5710.0,0,0,0.5,0
DL-14033,Otieno Mini Mart,0744102337,12881410,Machakos,General shop,2023-04-17,39,1.7,,1,0,0.15,0
DL-11841,Kamau Shop,0762127722,38817580,Kisumu,Hardware,2024-06-10,25,0.8,7310.0,2,0,0.22,0
DL-14869,Omondi Stores,0791504095,18240912,Kiambu,Mini mart,2024-12-07,19,2.8,9080.0,2,5,0.61,1
DL-10394,Barasa Supplies,0779283974,22654834,Kiambu,Mini mart,2025-03-07,16,2.4,3790.0,6,1,0.14,1
DL-14691,Atieno Duka,0740955441,21765018,Kisumu,General shop,2021-11-23,56,2.8,15110.0,1,4,0.21,0
DL-13969,Kiprop Duka,0728983127,27884467,Kiambu,General shop,2025-04-06,15,0.1,3000.0,1,0,0.0,0
DL-14380,Kiprop Supplies,0794947213,17925353,Mombasa,Agrovet,2023-03-18,40,0.3,8480.0,1,0,0.0,0
DL-11936,Wafula Supplies,0775752965,14742893,Mombasa,General shop,2025-05-06,14,0.6,4520.0,2,2,0.43,1
DL-11437,Achieng Enterprises,0719830639,20660245,Uasin Gishu,Electronics,2024-02-11,29,0.9,3580.0,0,1,0.36,0
DL-14835,Atieno Shop,0766100444,20391729,Mombasa,Pharmacy,2025-02-05,17,0.9,5120.0,0,0,0.45,0
DL-13030,Achieng Mini Mart,0762129944,10103310,Machakos,General shop,2021-10-24,57,0.4,7990.0,0,0,0.0,0
DL-14774,Otieno Stores,0723363815,38265474,Nakuru,Hardware,2025-03-07,16,0.6,4800.0,1,0,0.14,0
DL-14854,Barasa Traders,0715813882,26976424,Kisumu,General shop,2022-06-21,49,2.6,,5,6,0.13,0
DL-13687,Kiprop Supplies,0799409584,36691099,Nairobi,Agrovet,2025-02-05,17,0.8,5110.0,0,1,0.11,0
DL-11913,Barasa Stores,0740803001,21993584,Nairobi,General shop,2026-01-31,5,0.6,5430.0,0,1,0.0,0
DL-12255,Wanjiku Shop,0765085162,17127431,Kiambu,Mini mart,2026-03-02,4,1.5,4150.0,0,2,0.5,0
DL-13788,Kiprop Shop,0790196863,17238810,Nairobi,General shop,2024-03-12,28,1.1,4080.0,2,0,0.15,0
DL-10114,Chebet Duka,0768098191,12953712,Kiambu,Pharmacy,2025-11-02,8,0.9,5560.0,1,0,0.43,0
DL-10088,Mutua Mart,0736853679,27797971,Kiambu,General shop,2025-04-06,15,1.1,21100.0,0,0,0.08,1
DL-12254,Omondi Supplies,0790753095,21764794,Mombasa,General shop,2024-10-08,21,0.2,3860.0,1,1,0.0,0
DL-13997,Auma Duka,0756025296,13022814,Mombasa,Hardware,2025-01-06,18,0.9,3440.0,0,2,0.55,0
DL-13050,Atieno Enterprises,0716972890,19288450,Machakos,Mini mart,2025-07-05,12,0.5,9230.0,1,0,0.17,0
DL-11181,Mutua Supplies,0766964789,24862740,Nairobi,Mini mart,2023-08-15,35,1.1,4530.0,0,0,0.23,0
DL-14919,Mutua Stores,0746750084,26071356,Nairobi,Pharmacy,2025-10-03,9,2.0,3820.0,3,1,0.33,0
DL-11538,Achieng Enterprises,0739930203,26942600,Nakuru,General shop,2023-10-14,33,2.0,4890.0,1,0,0.25,0
DL-13328,Achieng Duka,0761072174,39852102,Nairobi,Mini mart,2024-06-10,25,0.2,2400.0,2,1,0.0,0
DL-10948,Chebet Mart,0726974603,13836328,Nairobi,Hardware,2024-08-09,23,2.2,4480.0,1,2,0.12,0
DL-12975,Kiprop Supplies,0736718942,13359290,Nairobi,Pharmacy,2025-10-03,9,0.7,8400.0,2,0,0.0,0
DL-14624,Chebet Stores,0793455790,37086749,Kiambu,Electronics,2024-12-07,19,0.1,5390.0,0,0,1.0,0
DL-13907,Kiprop Mini Mart,0776854898,35920721,Nakuru,General shop,2024-06-10,25,0.7,4640.0,2,3,0.0,0
DL-11322,Wanjiku Duka,0799077911,15158269,Mombasa,Mini mart,2025-09-03,10,1.8,5820.0,0,0,0.28,0
DL-12787,Wairimu Supplies,0765432131,39396062,Nairobi,,2025-04-06,15,0.8,8980.0,1,0,0.22,0
DL-12726,Njeri Supplies,0783455086,25127741,Nakuru,Electronics,2024-02-11,29,2.0,6250.0,4,6,0.54,0
DL-11508,Atieno Duka,0731939832,20540076,Nairobi,Mini mart,2025-08-04,11,0.4,3960.0,0,1,0.25,1
DL-12068,Auma Mart,0796713605,25643714,Nairobi,Electronics,2024-10-08,21,1.8,6020.0,3,2,0.33,0
DL-11864,Chebet Enterprises,0790113606,29716885,Mombasa,Mini mart,2024-03-12,28,0.2,3460.0,0,1,0.0,0
DL-10868,Kamau Mini Mart,0739388980,26235638,Kisumu,Electronics,2025-10-03,9,1.1,2560.0,0,1,0.6,0
DL-10096,Auma Traders,0719611507,13305604,Nairobi,Electronics,2025-12-02,7,1.1,11360.0,0,0,0.0,0
DL-12169,Wanjiku Duka,0772179338,35249345,Nakuru,Electronics,2026-05-01,2,2.5,6370.0,0,1,0.6,0
DL-10634,Mutua Traders,0780320544,28944473,Kiambu,Mini mart,2024-05-11,26,1.6,1670.0,1,0,0.16,0
DL-12247,Mwangi Shop,0786887110,27038020,Kiambu,Electronics,2026-04-01,3,1.7,,3,1,0.2,0
DL-10220,Mwangi Shop,0785247283,28287408,Nairobi,Agrovet,2025-08-04,11,1.6,3180.0,2,1,0.06,0
DL-12751,Chebet Duka,0750504221,21275983,Kisumu,Pharmacy,2025-01-06,18,1.6,9160.0,1,1,0.58,0
DL-12999,Wafula Mart,0792379896,35128674,Machakos,Hardware,2023-09-14,34,1.1,7310.0,0,0,0.46,0
DL-14006,Wafula Mini Mart,0732338121,10197739,Mombasa,Mini mart,2025-12-02,7,1.3,1770.0,0,0,0.22,0
DL-13212,Achieng Traders,0717371386,11334680,Mombasa,Electronics,2025-02-05,17,1.8,4850.0,2,1,0.14,0
DL-12792,Kamau Mini Mart,0711984683,18267153,Kiambu,Agrovet,2024-10-08,21,3.6,5380.0,6,7,0.63,1
DL-12793,Achieng Mart,0750071950,16400059,Nakuru,General shop,2022-08-20,47,0.9,9500.0,0,1,0.27,0
DL-12084,Chebet Duka,0729232595,32448360,Mombasa,Hardware,2026-03-02,4,2.2,8050.0,1,2,0.22,0
DL-10304,Wairimu Traders,0749559800,18556336,Uasin Gishu,Pharmacy,2023-05-17,38,1.8,8040.0,0,2,0.23,0
DL-13097,Auma Mini Mart,0735494590,10360154,Kisumu,Electronics,2023-11-13,32,2.2,5260.0,1,4,0.31,1
DL-14292,Nyambura Stores,0792890583,23861684,Kiambu,Electronics,2023-10-14,33,0.7,5480.0,0,0,0.25,0
DL-11851,Chebet Shop,0723663971,24524301,Nairobi,Mini mart,2024-05-11,26,1.6,12250.0,0,0,0.0,0
DL-12066,Atieno Shop,0798858081,12728761,Mombasa,Hardware,2026-01-31,5,1.0,4130.0,3,4,0.6,0
DL-12712,Mwangi Supplies,0749940891,37300805,Nairobi,Pharmacy,2024-10-08,21,1.4,7130.0,0,2,0.12,0
DL-13615,Mwangi Traders,0797243753,35727072,Machakos,General shop,2025-06-05,13,0.2,12040.0,1,1,0.67,0
DL-11096,Chebet Traders,0763416328,25557565,Kiambu,General shop,2025-11-02,8,1.0,7000.0,1,2,0.62,1
DL-13552,Nyambura Supplies,0766286712,17748564,Nairobi,General shop,2025-08-04,11,1.6,4500.0,1,3,0.28,1
DL-10046,Omondi Supplies,0762200877,13753373,Nairobi,General shop,2026-04-01,3,2.3,6620.0,1,1,0.14,0
DL-13211,Otieno Mini Mart,0779799085,15139306,Mombasa,Pharmacy,2023-06-16,37,1.5,,6,4,0.5,0
DL-11145,Mwangi Mini Mart,0747521847,23001793,Nairobi,Pharmacy,2025-06-05,13,1.2,5790.0,3,2,0.21,0
DL-10612,Omondi Traders,0761064369,30551819,Nakuru,General shop,2024-03-12,28,0.2,2300.0,0,1,0.33,0
DL-13623,Achieng Stores,0715933669,10178617,Kisumu,General shop,2024-05-11,26,1.2,5700.0,2,1,0.43,0
DL-13653,Auma Mart,0747085433,27733171,Kiambu,Mini mart,2021-07-26,60,0.1,6630.0,0,0,1.0,0
DL-12533,Omondi Mart,0731442580,20176532,Kiambu,Mini mart,2024-04-11,27,1.3,5150.0,0,0,0.25,0
DL-10717,Nyambura Duka,0778562365,34124386,Meru,Agrovet,2025-03-07,16,1.8,14850.0,1,1,0.14,1
DL-11494,Achieng Duka,0787227712,21061831,Nairobi,Pharmacy,2025-01-06,18,1.8,2000.0,1,1,0.05,0
DL-13110,Barasa Mini Mart,0756932287,25775240,Nairobi,Agrovet,2025-12-02,7,0.4,8300.0,4,1,0.0,0
DL-10595,Wairimu Supplies,0744163501,20963947,Nairobi,Hardware,2025-04-06,15,0.5,3340.0,0,0,0.33,0
DL-10589,Kiprop Supplies,0777649569,22353659,Nairobi,Electronics,2024-12-07,19,3.6,3070.0,4,1,0.42,0
DL-10522,Mwangi Mini Mart,0710499885,31359655,Kiambu,General shop,2024-04-11,27,0.3,6630.0,2,1,0.5,1
DL-12750,Nyambura Duka,0756200010,39921154,Machakos,,2025-07-05,12,1.3,3050.0,1,1,0.12,0
DL-13142,Omondi Mini Mart,0766762046,31799247,Nakuru,Mini mart,2025-05-06,14,1.3,5240.0,3,2,0.06,1
DL-11588,Wairimu Mini Mart,0721571204,32868981,Kisumu,Pharmacy,2023-09-14,34,2.2,3370.0,3,2,0.19,0
DL-14415,Mutua Mart,0728790661,37005489,Nairobi,Pharmacy,2025-02-05,17,0.8,4080.0,0,0,0.2,0
DL-14654,Achieng Shop,0740613445,27829227,Nairobi,Mini mart,2024-12-07,19,1.8,,2,2,0.48,0
DL-10078,Auma Traders,0797967283,22686983,Kisumu,Mini mart,2025-08-04,11,0.5,2420.0,1,1,0.17,0
DL-13067,Kamau Enterprises,0773198306,25275806,Kisumu,Pharmacy,2026-01-01,6,1.3,6010.0,3,0,0.25,0
DL-13246,Mwangi Traders,0751171857,17536961,Mombasa,General shop,2024-09-08,22,1.5,,1,0,0.06,0
DL-14965,Kiprop Stores,0732690436,17739533,Kisumu,Agrovet,2026-01-31,5,0.4,8720.0,0,0,1.0,0
DL-11068,Auma Enterprises,0774967409,14568771,Nairobi,Hardware,2024-11-07,20,1.4,2640.0,1,0,0.0,0
DL-13433,Omondi Stores,0743322249,25921244,Kiambu,Pharmacy,2023-11-13,32,0.8,4970.0,1,2,0.5,1
DL-13376,Wairimu Enterprises,0751244302,38719416,Nairobi,General shop,2025-10-03,9,1.4,3260.0,2,1,0.23,1
DL-14704,Njeri Mart,0750918457,23788541,Nairobi,General shop,2025-05-06,14,2.4,,0,9,0.34,1
DL-13737,Kamau Stores,0735744774,39051048,Kiambu,Electronics,2025-09-03,10,2.0,4460.0,0,4,0.0,0
DL-14182,Wairimu Stores,0791863512,25183350,Mombasa,Electronics,2024-03-12,28,0.5,2970.0,1,1,0.67,0
DL-12780,Wairimu Shop,0779985354,21657359,Nairobi,General shop,2023-08-15,35,3.8,,1,1,0.6,0
DL-14760,Mwangi Mini Mart,0775567040,22325647,Nakuru,Mini mart,2026-01-01,6,0.3,7160.0,1,0,0.0,0
DL-13116,Njeri Duka,0758694870,37401142,Kisumu,Mini mart,2025-05-06,14,0.8,10330.0,0,0,0.0,0
DL-14251,Wanjiku Shop,0776213996,16040835,Nairobi,General shop,2024-10-08,21,4.5,6210.0,4,7,0.06,1
DL-11217,Kamau Duka,0797216116,10020575,Kisumu,Agrovet,2025-04-06,15,1.0,4760.0,1,0,0.5,0
DL-12552,Atieno Stores,0761023348,38213205,Machakos,Electronics,2025-06-05,13,1.8,6520.0,0,2,0.14,0
DL-14765,Mutua Duka,0744262764,37907010,Nairobi,Agrovet,2022-11-18,44,1.7,5840.0,0,1,0.1,0
DL-11874,Atieno Stores,0758232797,11122876,Nairobi,General shop,2024-08-09,23,3.0,13730.0,1,1,0.47,0
DL-13392,Omondi Supplies,0750090242,32492450,Kiambu,,2024-03-12,28,1.8,13540.0,0,0,0.48,0
DL-14714,Kiprop Traders,0722204054,22789943,Nairobi,General shop,2025-12-02,7,2.6,8240.0,0,2,0.33,0
DL-11618,Nyambura Enterprises,0773949753,25556854,Mombasa,Agrovet,2025-12-02,7,1.0,,1,0,0.0,0
DL-11910,Wairimu Mini Mart,0750627406,17966665,Nakuru,Pharmacy,2025-03-07,16,1.0,10780.0,0,0,0.17,0
DL-10415,Nyambura Supplies,0731127514,32879935,Nairobi,General shop,2026-01-01,6,2.0,11730.0,6,5,0.42,1
DL-13400,Achieng Supplies,0741201813,26036251,Nairobi,General shop,2024-11-07,20,0.1,7770.0,0,0,1.0,1
DL-11683,Mutua Mart,0793185669,20764405,Kiambu,Mini mart,2025-10-03,9,0.8,5090.0,2,4,0.14,1
DL-11593,Achieng Enterprises,0736642327,21299171,Machakos,General shop,2025-12-02,7,0.7,6420.0,0,1,0.2,0
DL-13607,Wanjiku Traders,0758385801,14099369,Nakuru,Pharmacy,2025-06-05,13,0.5,9380.0,1,1,0.33,0
DL-12590,Barasa Mart,0716698957,15569987,Nairobi,General shop,2026-01-01,6,0.5,4870.0,1,0,0.0,0
DL-13093,Barasa Traders,0759941062,37651880,Kiambu,Electronics,2025-03-07,16,5.2,7690.0,1,3,0.13,0
DL-11763,Mutua Mini Mart,0748176537,36287566,Nakuru,Hardware,2025-10-03,9,0.1,3370.0,1,0,0.0,0
DL-13022,Barasa Shop,0769595971,27085744,Kisumu,Hardware,2025-01-06,18,0.4,4920.0,0,0,0.2,0
DL-12585,Achieng Enterprises,0796488212,19750274,Nairobi,General shop,2025-02-05,17,0.5,3710.0,1,0,0.67,0
DL-13013,Barasa Enterprises,0770160786,26034107,Kisumu,Agrovet,2024-01-12,30,0.4,5390.0,0,0,0.4,0
DL-11957,Kiprop Traders,0785603366,22409958,Kiambu,General shop,2023-06-16,37,1.2,8320.0,0,0,0.36,0
DL-14117,Auma Mini Mart,0771862691,15233515,Nairobi,,2025-06-05,13,3.1,4520.0,2,1,0.27,0
DL-13294,Kamau Supplies,0750062680,28840703,Mombasa,Mini mart,2025-03-07,16,0.9,5510.0,2,1,0.64,1
DL-11696,Njeri Stores,0717183793,16525669,Kiambu,General shop,2025-12-02,7,1.4,16160.0,1,1,0.0,1
DL-14276,Njeri Traders,0766918563,19521376,Nakuru,Hardware,2024-06-10,25,1.2,2500.0,0,3,0.2,0
DL-13005,Nyambura Supplies,0769446190,24905109,Mombasa,General shop,2024-10-08,21,1.2,12400.0,0,0,0.0,0
DL-10752,Barasa Shop,0735745853,12793567,Nakuru,Mini mart,2025-01-06,18,1.8,4220.0,2,3,0.48,0
DL-12291,Achieng Mart,0789259737,18736512,Meru,Hardware,2022-03-23,52,1.2,2840.0,1,1,0.27,0
DL-14468,Mwangi Supplies,0790771930,12624025,Kisumu,Electronics,2025-03-07,16,3.8,,1,7,0.27,1
DL-11677,Mwangi Traders,0718803431,15987570,Nakuru,Mini mart,2024-11-07,20,1.3,6200.0,2,2,0.12,0
DL-13471,Njeri Shop,0751533229,15532133,Nairobi,Mini mart,2023-01-17,42,1.2,11310.0,0,0,0.27,0
DL-14377,Kamau Supplies,0747911745,27461421,Nairobi,General shop,2025-06-05,13,2.0,9130.0,4,4,0.42,1
DL-14570,Njeri Mini Mart,0786430475,21363724,Mombasa,General shop,2023-11-13,32,2.5,3770.0,2,3,0.17,0
DL-10354,Auma Supplies,0777710789,23830984,Nairobi,Mini mart,2023-08-15,35,0.5,10470.0,0,1,0.17,0
DL-11064,Nyambura Traders,0787358713,36068872,Uasin Gishu,General shop,2025-11-02,8,0.1,5100.0,1,0,0.0,0
DL-13500,Wanjiku Shop,0778638875,21819585,Mombasa,Hardware,2026-03-02,4,1.8,5690.0,2,1,0.14,1
DL-14928,Nyambura Mini Mart,0739972428,13983660,Kiambu,Mini mart,2025-03-07,16,2.4,,0,2,0.28,0
DL-14001,Kiprop Traders,0743947974,23474342,Nairobi,Mini mart,2026-01-31,5,1.4,3790.0,1,2,0.14,0
DL-12336,Kamau Supplies,0764159254,35355054,Nairobi,Electronics,2025-04-06,15,2.5,2710.0,1,1,0.4,0
DL-12941,Wafula Mart,0715634329,19054251,Machakos,Agrovet,2024-06-10,25,3.7,18250.0,3,2,0.18,0
DL-14171,Wafula Shop,0733726205,27858918,Nairobi,General shop,2025-07-05,12,0.3,6880.0,0,1,0.0,0
DL-11475,Otieno Enterprises,0725033089,29647973,Nairobi,General shop,2025-10-03,9,2.3,4760.0,3,11,0.24,1
DL-14327,Wairimu Traders,0752652996,21787800,Nairobi,Hardware,2025-06-05,13,0.9,6340.0,2,0,0.18,0
DL-14758,Wafula Mart,0731954880,14000447,Uasin Gishu,Electronics,2025-02-05,17,0.7,7840.0,0,0,0.12,0
DL-11307,Wanjiku Shop,0758575245,32974899,Kisumu,Mini mart,2025-08-04,11,1.0,3910.0,1,0,0.27,0
DL-13892,Omondi Duka,0779926927,23857101,Kisumu,Mini mart,2023-03-18,40,0.2,5000.0,1,0,0.67,0
DL-10002,Atieno Supplies,0756576143,31304488,Nakuru,Mini mart,2025-01-06,18,0.2,,1,0,0.0,0
DL-12097,Barasa Stores,0768114005,39739920,Nairobi,Mini mart,2021-07-26,60,2.1,4630.0,0,0,0.12,0
DL-12615,Otieno Traders,0791284232,23247322,Kiambu,Mini mart,2025-05-06,14,1.0,5770.0,2,1,0.08,1
DL-11067,Kamau Shop,0771146503,28897553,Nakuru,General shop,2025-11-02,8,0.4,9010.0,2,1,0.67,0
DL-14651,Nyambura Mart,0717222659,27007162,Nakuru,Agrovet,2025-02-05,17,0.8,9450.0,3,4,0.0,1
DL-10180,Wanjiku Mini Mart,0750592563,38107316,Nairobi,Mini mart,2024-11-07,20,0.3,,1,0,0.0,0
DL-10146,Otieno Shop,0739302384,26096381,Machakos,Mini mart,2025-06-05,13,2.2,9180.0,0,0,0.44,0
DL-10629,Barasa Shop,0791046300,35093974,Nairobi,Pharmacy,2025-03-07,16,3.3,8190.0,2,3,0.42,1
DL-12808,Wanjiku Mini Mart,0789172496,39163077,Kisumu,Agrovet,2024-04-11,27,2.1,3560.0,0,0,0.08,0
DL-10401,Chebet Traders,0793434825,17476583,Mombasa,Electronics,2026-04-01,3,2.3,2870.0,3,3,0.14,1
DL-12461,Auma Stores,0714503242,30652482,Nairobi,Electronics,2024-09-08,22,0.4,21640.0,1,2,0.2,0
DL-11104,Achieng Mini Mart,0787639798,38977226,Nairobi,Agrovet,2024-08-09,23,0.4,,4,1,0.0,1
DL-12907,Chebet Mini Mart,0798212342,21543460,Meru,Electronics,2025-07-05,12,1.6,4790.0,1,1,0.37,1
DL-12654,Njeri Shop,0724534333,22663080,Mombasa,Agrovet,2025-02-05,17,1.5,9880.0,0,1,0.67,1
DL-11449,Omondi Mart,0746074013,26419039,Uasin Gishu,Mini mart,2025-09-03,10,1.6,3520.0,3,4,0.31,1
DL-11509,Wafula Mini Mart,0792861027,21210186,Kisumu,Mini mart,2025-06-05,13,0.8,3180.0,0,0,0.1,0
DL-10172,Wafula Stores,0730709252,25481666,Mombasa,Mini mart,2024-06-10,25,1.6,13110.0,1,3,0.16,0
DL-13777,Chebet Traders,0791488956,23886845,Mombasa,Agrovet,2026-04-01,3,0.7,10880.0,0,1,0.0,0
DL-10667,Auma Duka,0781725080,22380282,Nakuru,General shop,2024-11-07,20,1.9,8310.0,3,0,0.43,1
DL-14262,Otieno Mart,0763351129,34442445,Kiambu,General shop,2025-04-06,15,1.1,,0,2,0.46,1
DL-12275,Mutua Traders,0788940734,32358377,Nairobi,Mini mart,2025-03-07,16,1.8,4170.0,4,3,0.09,0
DL-11813,Mutua Enterprises,0799715249,12574553,Kiambu,Hardware,2024-11-07,20,5.2,6470.0,2,2,0.15,0
DL-14498,Mutua Mart,0759792678,16470663,Nairobi,Pharmacy,2024-03-12,28,2.6,5190.0,1,2,0.16,0
DL-12523,Barasa Mart,0753930286,28457271,Nairobi,Mini mart,2025-06-05,13,0.7,4800.0,1,1,0.0,0
DL-11916,Wafula Supplies,0782483365,18239604,Kiambu,Mini mart,2025-07-05,12,2.8,3050.0,1,2,0.52,1
DL-14614,Achieng Traders,0789062545,14854219,Nakuru,General shop,2025-04-06,15,1.8,7610.0,4,1,0.09,0
DL-12535,Omondi Mini Mart,0739086448,12023095,Nakuru,Pharmacy,2026-01-31,5,1.0,9430.0,2,1,0.6,1
DL-10494,Mwangi Shop,0777567885,39090049,Nairobi,Pharmacy,2024-09-08,22,3.4,2310.0,1,3,0.49,0
DL-12690,Mutua Supplies,0791890733,16750870,Kiambu,Mini mart,2024-08-09,23,1.0,4380.0,1,3,0.5,0
DL-13299,Omondi Shop,0753318317,20699329,Nairobi,Pharmacy,2023-02-16,41,0.2,,0,0,1.0,0
DL-14779,Otieno Duka,0799351227,37241111,Nakuru,General shop,2024-04-11,27,1.5,10730.0,4,3,0.17,0
DL-12028,Barasa Enterprises,0742629581,32918511,Kisumu,General shop,2025-10-03,9,1.2,4680.0,5,3,0.45,1
DL-10775,Wanjiku Mini Mart,0786511094,11506476,Kisumu,Hardware,2024-12-07,19,8.8,3030.0,6,8,0.26,1
DL-14217,Kiprop Mini Mart,0753062411,14488248,Nairobi,General shop,2025-02-05,17,1.0,17870.0,0,1,0.33,1
DL-12896,Atieno Mart,0755242412,38684563,Mombasa,Pharmacy,2025-11-02,8,2.4,6670.0,2,3,0.16,0
DL-11004,Chebet Supplies,0797015229,32970020,Meru,General shop,2026-03-02,4,2.2,4620.0,3,3,0.11,1
DL-12251,Achieng Supplies,0757058602,36753689,Kiambu,Hardware,2026-01-01,6,0.7,4320.0,0,1,0.25,0
DL-14699,Wairimu Supplies,0769991113,23280873,Uasin Gishu,Electronics,2026-01-31,5,0.4,17840.0,0,1,0.0,0
DL-10411,Atieno Duka,0791873206,11383133,Nairobi,General shop,2025-09-03,10,0.1,11100.0,0,0,1.0,1
DL-10258,Kamau Traders,0742547645,16402749,Nairobi,Pharmacy,2025-01-06,18,0.9,7250.0,0,0,0.45,1
DL-10900,Mutua Traders,0749422707,12253025,Kiambu,Mini mart,2026-05-01,2,3.5,8780.0,5,3,0.43,1
DL-13721,Mwangi Shop,0737003160,20889340,Machakos,General shop,2024-12-07,19,3.8,1390.0,3,5,0.22,1
DL-14989,Achieng Enterprises,0799185461,22242166,Kiambu,Mini mart,2025-06-05,13,0.8,6620.0,1,1,0.0,0
DL-11606,Otieno Duka,0740671340,11885218,Nairobi,Mini mart,2024-03-12,28,0.9,11460.0,2,1,0.36,0
DL-13949,Wairimu Duka,0778301708,24166972,Nairobi,Pharmacy,2025-10-03,9,7.8,8530.0,12,16,0.29,1
DL-11664,Mwangi Stores,0741813173,17120565,Nairobi,Pharmacy,2026-05-31,1,5.0,5000.0,0,0,0.2,0
DL-11523,Mwangi Enterprises,0758665080,12247270,Nakuru,General shop,2024-03-12,28,2.4,9840.0,4,2,0.28,1
DL-11415,Wanjiku Mart,0713153020,25680791,Mombasa,Hardware,2022-10-19,45,3.0,3430.0,2,2,0.11,0
DL-11469,Achieng Mini Mart,0757248963,16086091,Machakos,Agrovet,2025-02-05,17,2.1,8270.0,3,3,0.12,0
DL-10791,Atieno Duka,0742830273,21170259,Mombasa,Mini mart,2025-10-03,9,1.2,4580.0,5,3,0.36,1
DL-10530,Chebet Duka,0745427896,38145371,Uasin Gishu,Hardware,2025-01-06,18,3.0,4480.0,0,1,0.25,0
DL-10897,Mwangi Duka,0714778573,38747138,Nairobi,General shop,2024-08-09,23,1.1,3740.0,1,0,0.0,0
DL-12354,Nyambura Traders,0732437895,34978202,Nairobi,General shop,2024-11-07,20,1.5,4810.0,1,2,0.17,0
DL-13289,Chebet Traders,0761418923,26949721,Kiambu,Mini mart,2024-01-12,30,0.9,5660.0,3,1,0.18,0
DL-14574,Wafula Stores,0717620100,22147832,Machakos,Mini mart,2025-09-03,10,0.6,,2,0,0.17,0
DL-14725,Atieno Traders,0765632094,32016873,Kiambu,Agrovet,2025-01-06,18,0.3,19500.0,1,1,0.25,0
DL-10965,Atieno Enterprises,0789729923,28727742,Kisumu,Hardware,2025-11-02,8,0.9,7140.0,2,2,0.14,0
DL-12514,Barasa Stores,0766770894,12977735,Mombasa,General shop,2025-12-02,7,1.1,2660.0,2,0,0.12,0
DL-10833,Wafula Mart,0776960034,19378294,Mombasa,General shop,2023-11-13,32,2.0,3600.0,5,6,0.33,0
DL-13706,Wafula Mart,0735304970,24956233,Nakuru,Hardware,2023-07-16,36,0.1,4270.0,1,0,0.0,0
DL-11395,Atieno Duka,0753643241,20611729,Nakuru,Hardware,2025-08-04,11,0.5,4810.0,0,0,0.4,0
DL-12608,Wairimu Duka,0733941897,33330421,Machakos,General shop,2021-10-24,57,1.5,,3,1,0.39,0
DL-11433,Wanjiku Mini Mart,0759573074,12733952,Nairobi,General shop,2024-08-09,23,0.4,8630.0,0,1,0.2,0
DL-10790,Kamau Mini Mart,0740412701,16547058,Nairobi,Mini mart,2026-01-31,5,1.8,7240.0,1,0,0.22,0
DL-11784,Wafula Enterprises,0713064468,38817923,Nairobi,Mini mart,2024-08-09,23,0.2,3720.0,1,0,0.5,0
DL-12598,Nyambura Stores,0716241675,20665985,Nakuru,Agrovet,2025-07-05,12,1.8,1180.0,0,3,0.52,1
DL-10780,Auma Stores,0721517023,34504928,Kiambu,Pharmacy,2025-05-06,14,0.8,4560.0,2,0,0.22,0
DL-13887,Atieno Enterprises,0779375592,13425748,Nairobi,Pharmacy,2024-09-08,22,0.9,5780.0,0,0,0.27,0
DL-11179,Mwangi Stores,0722921204,39579231,Kiambu,Hardware,2024-04-11,27,1.7,3040.0,1,6,0.4,0
DL-11108,Mutua Supplies,0738381974,10379071,Nairobi,Hardware,2025-11-02,8,0.6,7800.0,2,0,0.2,0
DL-12199,Barasa Supplies,0733439895,29647302,Nakuru,Pharmacy,2025-12-02,7,0.7,2700.0,1,0,0.6,0
DL-12851,Kiprop Traders,0762615717,38914194,Kiambu,Mini mart,2025-02-05,17,0.5,10180.0,3,1,0.0,0
DL-13510,Njeri Shop,0725883880,16824758,Kisumu,Agrovet,2021-11-23,56,0.2,10920.0,4,0,0.0,0
DL-11144,Atieno Mart,0715323826,17133120,Meru,Pharmacy,2024-07-10,24,1.1,9650.0,3,4,0.0,0
DL-13784,Barasa Traders,0712335007,29133382,Mombasa,Agrovet,2025-12-02,7,1.9,12810.0,1,5,0.0,0
DL-10132,Chebet Stores,0728096566,16432134,Kiambu,General shop,2024-11-07,20,1.1,7140.0,2,1,0.54,0
DL-12476,Achieng Shop,0736949638,15626980,Nairobi,Mini mart,2025-04-06,15,3.0,4350.0,1,3,0.58,0
DL-12435,Auma Supplies,0785051953,12958366,Mombasa,Agrovet,2024-11-07,20,0.4,,3,2,0.0,1
DL-12605,Achieng Stores,0786246554,16730069,Kiambu,General shop,2025-05-06,14,0.2,6390.0,2,1,0.0,1
DL-12913,Otieno Shop,0722066786,19866474,Nakuru,General shop,2025-08-04,11,0.6,4330.0,2,1,0.29,0
DL-14305,Barasa Shop,0711756256,23346491,Machakos,Electronics,2025-04-06,15,0.8,7650.0,3,1,0.78,1
DL-11972,Mwangi Mini Mart,0794955195,30691424,Kiambu,General shop,2025-09-03,10,3.3,9110.0,4,6,0.52,0
DL-12417,Chebet Traders,0763643429,24041815,Nairobi,Mini mart,2025-06-05,13,1.4,8510.0,0,1,0.18,0
DL-10607,Wafula Duka,0746962598,30925012,Nairobi,Hardware,2025-10-03,9,2.9,4930.0,0,3,0.35,0
DL-13769,Barasa Supplies,0727023503,27511310,Kiambu,General shop,2024-11-07,20,1.0,2340.0,2,5,0.08,0
DL-12867,Atieno Stores,0728252512,27060950,Kiambu,General shop,2025-10-03,9,0.3,4870.0,1,1,0.0,0
DL-12319,Mutua Stores,0763116199,25862523,Nairobi,General shop,2025-03-07,16,2.3,7350.0,6,4,0.04,0
DL-13544,Atieno Stores,0711061459,14031231,Mombasa,Electronics,2024-12-07,19,2.2,5610.0,1,3,0.54,0
DL-12880,Achieng Enterprises,0736132290,31590742,Mombasa,Mini mart,2021-07-26,60,0.9,6610.0,2,0,0.64,0
DL-14795,Omondi Mart,0717252654,19998571,Nakuru,Mini mart,2025-08-04,11,4.6,1300.0,7,10,0.2,1
DL-10619,Kiprop Duka,0776400814,36679683,Uasin Gishu,Pharmacy,2024-06-10,25,0.8,5720.0,0,1,0.67,0
DL-11015,Kiprop Enterprises,0719629894,28276133,Kiambu,Electronics,2024-07-10,24,0.2,9350.0,2,3,0.33,0
DL-12013,Mwangi Enterprises,0758105459,13365462,Kisumu,Pharmacy,2024-01-12,30,0.9,13290.0,1,2,0.45,0
DL-14080,Wafula Shop,0787982883,23658081,Nakuru,Electronics,2024-12-07,19,1.5,5510.0,2,1,0.22,0
DL-10702,Mwangi Mini Mart,0714932132,11905577,Nakuru,Mini mart,2024-04-11,27,1.5,4830.0,1,2,0.17,0
DL-11551,Kiprop Enterprises,0791896709,25858279,Mombasa,General shop,2024-09-08,22,2.9,3470.0,4,6,0.26,0
DL-14156,Nyambura Mini Mart,0794488259,18327623,Nakuru,General shop,2024-10-08,21,2.4,4370.0,3,2,0.17,0
DL-11296,Omondi Enterprises,0722123881,14275396,Nairobi,General shop,2023-12-13,31,4.1,5560.0,3,8,0.49,1
DL-13483,Otieno Mini Mart,0733697817,33036778,Machakos,Pharmacy,2025-08-04,11,2.5,5840.0,1,5,0.52,0
DL-11952,Atieno Stores,0777285376,20043298,Machakos,General shop,2024-12-07,19,0.9,2460.0,2,1,0.55,1
DL-12827,Wairimu Traders,0731236400,21787778,Nairobi,General shop,2025-09-03,10,0.8,3170.0,1,0,0.12,1
DL-13438,Nyambura Shop,0799156669,25346384,Mombasa,Mini mart,2025-12-02,7,1.7,5070.0,5,2,0.42,1
DL-12723,Kamau Duka,0746432280,12000004,Meru,General shop,2024-06-10,25,2.2,5360.0,1,1,0.26,1
DL-10421,Barasa Supplies,0770689590,37574381,Nairobi,,2025-10-03,9,3.0,7700.0,0,1,0.26,0
DL-12363,Njeri Stores,0736140549,33813322,Machakos,Agrovet,2025-03-07,16,1.2,4250.0,1,1,0.13,0
DL-14382,Atieno Duka,0712297766,28384523,Nairobi,Agrovet,2025-06-05,13,2.0,25030.0,1,2,0.29,0
DL-14716,Chebet Stores,0767795472,33098915,Kiambu,General shop,2025-05-06,14,0.5,6040.0,1,0,0.0,0
DL-11487,Mutua Mart,0733313690,21197766,Kiambu,General shop,2025-06-05,13,0.9,3540.0,1,2,0.45,0
DL-13065,Njeri Shop,0758436100,26992091,Kisumu,Mini mart,2026-05-01,2,0.5,22880.0,1,1,0.0,0
DL-10610,Wanjiku Shop,0782116395,17914516,Meru,General shop,2023-04-17,39,1.1,3810.0,1,0,0.38,0
DL-13362,Barasa Stores,0768454841,26289672,Mombasa,General shop,2025-02-05,17,0.2,6700.0,0,0,0.5,0
DL-12085,Wanjiku Mini Mart,0710374990,20005842,Kisumu,,2024-10-08,21,1.3,7980.0,0,0,0.62,0
DL-10474,Otieno Enterprises,0785736984,34407796,Nairobi,Hardware,2024-10-08,21,1.5,3750.0,1,1,0.44,0
DL-10559,Achieng Mini Mart,0748717743,15873963,Kiambu,Electronics,2025-06-05,13,0.6,3660.0,0,0,0.43,0
DL-14014,Wanjiku Shop,0725510363,30963888,Nairobi,Hardware,2024-07-10,24,2.2,7470.0,4,5,0.15,1
DL-12297,Wafula Enterprises,0797814556,14556259,Nairobi,General shop,2021-12-23,55,1.4,4640.0,3,4,0.59,0
DL-12952,Omondi Mini Mart,0780541858,20511629,Kisumu,General shop,2024-08-09,23,1.7,7510.0,0,1,0.75,0
DL-11923,Auma Stores,0749478755,13997851,Nakuru,Agrovet,2026-01-31,5,2.8,,10,8,0.14,1
DL-13621,Omondi Shop,0737148301,38657758,Mombasa,General shop,2024-05-11,26,1.0,1820.0,0,1,0.17,1
DL-11980,Achieng Stores,0772516777,28149504,Kiambu,Mini mart,2024-10-08,21,2.3,4940.0,0,2,0.36,1
DL-11579,Auma Shop,0721051681,36118738,Kiambu,Hardware,2026-01-31,5,2.4,6580.0,2,1,0.17,0
DL-12681,Mutua Stores,0745386049,38959093,Nairobi,Mini mart,2023-11-13,32,0.6,8580.0,0,0,0.14,0
DL-11987,Mutua Mart,0748869134,26854887,Nairobi,Pharmacy,2023-02-16,41,1.2,4760.0,1,1,0.13,0
DL-12192,Mwangi Duka,0765943118,26601902,Mombasa,General shop,2023-02-16,41,0.3,8560.0,2,0,0.75,1
DL-14268,Kiprop Duka,0759004059,24273799,Nairobi,Mini mart,2025-12-02,7,1.6,7670.0,2,1,0.55,0
DL-10508,Barasa Supplies,0721040367,24562516,Kisumu,Hardware,2025-08-04,11,1.5,4870.0,1,1,0.76,0
DL-14606,Achieng Traders,0713410596,31334235,Nakuru,General shop,2024-04-11,27,1.2,5560.0,0,0,0.14,0
DL-14151,Wafula Mart,0743855244,34299888,Mombasa,Hardware,2025-03-07,16,0.4,5490.0,1,1,0.4,0
DL-12430,Barasa Stores,0795610158,17262721,Kisumu,Agrovet,2023-12-13,31,0.4,10080.0,0,1,0.4,0
DL-14688,Kamau Enterprises,0712302948,27172611,Uasin Gishu,Mini mart,2024-08-09,23,0.9,9770.0,0,2,0.0,0
DL-13191,Kiprop Stores,0787357673,36930445,Kisumu,Hardware,2026-01-31,5,1.2,3250.0,0,0,0.33,0
DL-11499,Achieng Mart,0779236984,24019117,Machakos,General shop,2025-02-05,17,2.9,11260.0,0,4,0.6,1
DL-12906,Kamau Stores,0726412410,35448058,Nairobi,Electronics,2023-11-13,32,3.1,7150.0,1,5,0.3,0
DL-11139,Njeri Mini Mart,0740181396,19327793,Mombasa,Hardware,2024-09-08,22,2.2,3760.0,0,2,0.3,0
DL-13654,Omondi Enterprises,0740203585,10363032,Kiambu,Agrovet,2021-12-23,55,1.4,4260.0,1,1,0.18,0
DL-14720,Omondi Supplies,0755758879,21492362,Nairobi,Mini mart,2025-01-06,18,1.1,6860.0,1,5,0.23,1
DL-13442,Mwangi Enterprises,0796383411,23867839,Machakos,Pharmacy,2025-12-02,7,1.4,3080.0,2,2,0.5,0
DL-12801,Barasa Enterprises,0769099916,36808225,Kisumu,General shop,2025-03-07,16,2.8,5200.0,3,7,0.38,1
DL-11305,Mutua Traders,0781850787,15093722,Nairobi,Hardware,2023-07-16,36,0.3,4190.0,2,2,0.25,0
DL-13198,Atieno Shop,0764578819,31928528,Nakuru,Pharmacy,2023-03-18,40,0.8,7230.0,1,2,0.1,0
DL-11927,Auma Duka,0787303514,10385862,Mombasa,Mini mart,2023-02-16,41,1.9,5680.0,2,5,0.39,0
DL-11457,Barasa Mart,0793248801,25980328,Nakuru,Mini mart,2023-05-17,38,2.8,4560.0,1,2,0.48,0
DL-13472,Nyambura Stores,0718941170,34421202,Nairobi,Agrovet,2023-01-17,42,2.2,22050.0,2,2,0.31,0
DL-10769,Kiprop Mini Mart,0715345200,37554630,Meru,Pharmacy,2024-09-08,22,1.2,7050.0,1,1,0.07,0
DL-13547,Nyambura Duka,0781243533,31251844,Kiambu,General shop,2026-01-31,5,1.8,6740.0,1,2,0.11,1
DL-11990,Otieno Duka,0792522564,38570758,Nairobi,General shop,2024-09-08,22,1.4,6000.0,0,0,0.47,1
DL-12345,Kiprop Duka,0796369483,19124452,Uasin Gishu,Hardware,2024-08-09,23,0.3,3120.0,0,0,0.75,0
DL-11302,Njeri Enterprises,0777099661,37390848,Nairobi,Pharmacy,2025-03-07,16,0.9,2820.0,2,1,0.55,0
DL-13306,Auma Mini Mart,0737613352,36315673,Nairobi,General shop,2025-06-05,13,2.2,13620.0,3,3,0.11,0
DL-10218,Wafula Stores,0726351975,29709691,Nairobi,Agrovet,2025-04-06,15,1.6,1750.0,0,1,0.21,0
DL-11133,Kamau Traders,0798518718,17370379,Nairobi,Electronics,2024-08-09,23,1.1,2500.0,1,0,0.15,0
DL-10004,Otieno Mini Mart,0736774146,29674635,Nairobi,Electronics,2024-01-12,30,0.8,3470.0,0,1,0.6,0
DL-10438,Mwangi Mart,0799301474,15461493,Nairobi,Pharmacy,2024-11-07,20,0.4,5600.0,2,0,0.4,0
DL-11669,Omondi Supplies,0788140327,38890125,Nakuru,Agrovet,2024-07-10,24,0.8,,1,1,0.2,0
DL-10249,Wanjiku Duka,0772985952,10196475,Nairobi,Hardware,2025-05-06,14,0.2,1730.0,0,1,0.33,0
DL-13227,Njeri Shop,0797423659,13801088,Nakuru,Mini mart,2026-04-01,3,0.3,,0,0,0.0,0
DL-13190,Wanjiku Traders,0744885869,29363952,Nairobi,General shop,2025-11-02,8,0.6,10510.0,1,0,0.4,0
DL-14659,Kamau Traders,0776178565,29670598,Nairobi,Electronics,2025-09-03,10,3.6,10490.0,3,12,0.14,1
DL-10101,Kamau Stores,0770999703,10589197,Nairobi,General shop,2026-05-01,2,2.0,2340.0,3,0,0.25,0
DL-12484,Mutua Supplies,0796748234,17525433,Kisumu,Mini mart,2024-09-08,22,1.1,5170.0,1,1,0.38,0
DL-13139,Achieng Duka,0744225605,18122471,Nairobi,Agrovet,2026-01-01,6,0.5,3150.0,0,0,1.0,0
DL-10609,Auma Stores,0763958663,21187210,Nairobi,General shop,2026-05-01,2,2.5,10140.0,0,0,0.4,0
DL-13728,Kamau Stores,0768517482,10759346,Nairobi,General shop,2025-07-05,12,4.4,4750.0,1,3,0.36,0
DL-11309,Otieno Shop,0748709037,28737408,Kiambu,Agrovet,2025-11-02,8,1.5,,0,0,0.33,0
DL-11154,Barasa Mini Mart,0760148526,21506020,Kiambu,General shop,2025-08-04,11,1.0,4470.0,0,0,0.27,1
DL-14762,Omondi Supplies,0779986932,14273323,Nairobi,Hardware,2026-05-01,2,3.0,11250.0,1,1,0.33,0
DL-11488,Kamau Duka,0797323608,15712123,Nairobi,General shop,2024-04-11,27,1.0,2890.0,1,0,0.17,0
DL-13785,Wanjiku Stores,0723192725,19225192,Nairobi,Agrovet,2023-12-13,31,0.6,9820.0,2,0,0.0,0
DL-10734,Achieng Enterprises,0797516056,30895045,Mombasa,General shop,2023-08-15,35,0.4,1930.0,1,1,0.6,0
DL-12967,Wairimu Traders,0743378184,39947810,Nairobi,Mini mart,2023-10-14,33,0.2,4840.0,0,0,0.5,0
DL-11781,Kamau Stores,0739702770,28939067,Nairobi,Electronics,2024-12-07,19,2.8,2800.0,0,2,0.12,0
DL-13673,Omondi Supplies,0779511005,29828967,Uasin Gishu,General shop,2024-06-10,25,0.5,2990.0,0,0,0.17,0
DL-10467,Atieno Enterprises,0758178537,13938978,Kiambu,Mini mart,2025-02-05,17,1.0,5450.0,4,2,0.08,0
DL-13993,Wanjiku Mart,0765582583,24784897,Machakos,Pharmacy,2026-03-02,4,0.2,8700.0,1,1,0.0,0
DL-13617,Auma Supplies,0771045196,34080865,Machakos,General shop,2025-12-02,7,0.6,4960.0,0,1,0.25,0
DL-13467,Omondi Traders,0751615646,24016650,Uasin Gishu,General shop,2025-06-05,13,1.3,4190.0,1,1,0.0,0
DL-13063,Kamau Supplies,0720108399,12628206,Nairobi,Hardware,2023-12-13,31,0.8,5180.0,3,2,0.0,0
DL-14215,Chebet Supplies,0796996084,21181993,Nairobi,Agrovet,2024-04-11,27,2.6,5370.0,2,2,0.13,0
DL-14573,Mwangi Mart,0763601389,15755537,Meru,Mini mart,2025-11-02,8,0.2,5820.0,0,0,0.0,0
DL-14077,Wanjiku Mini Mart,0755799361,37616251,Nakuru,General shop,2024-06-10,25,1.0,4920.0,3,4,0.33,0
DL-14734,Njeri Mart,0789602070,39838566,Kisumu,Hardware,2025-06-05,13,0.8,5000.0,1,0,0.4,1
DL-11110,Omondi Shop,0758433822,18664128,Nairobi,Mini mart,2026-01-31,5,0.6,3520.0,0,1,0.33,0
DL-12017,Wanjiku Shop,0753806406,35341726,Uasin Gishu,Mini mart,2024-12-07,19,0.6,5020.0,1,0,0.29,0
DL-10585,Wafula Traders,0774176769,17721829,Nairobi,General shop,2025-06-05,13,3.9,7440.0,3,7,0.53,1
DL-13666,Kiprop Supplies,0754555278,30092466,Kiambu,Mini mart,2025-06-05,13,0.6,12430.0,0,1,0.29,0
DL-13293,Auma Stores,0770328801,20646264,Uasin Gishu,Pharmacy,2024-05-11,26,1.8,5010.0,1,1,0.1,0
DL-12718,Wanjiku Shop,0768824333,19339255,Nairobi,Hardware,2025-05-06,14,0.1,7570.0,1,0,0.0,0
DL-11805,Auma Supplies,0723875399,12705212,Machakos,General shop,2026-01-31,5,0.4,2190.0,1,0,0.0,0
DL-10463,Njeri Stores,0775342976,19627562,Nairobi,General shop,2025-01-06,18,2.7,8100.0,4,5,0.03,0
DL-11227,Wairimu Enterprises,0735158971,16987181,Meru,Pharmacy,2024-11-07,20,1.4,3210.0,2,2,0.35,0
DL-13269,Mutua Supplies,0769740092,25132897,Nairobi,Mini mart,2025-02-05,17,3.2,2720.0,8,13,0.45,1
DL-13054,Barasa Stores,0740489524,32184242,Uasin Gishu,General shop,2024-03-12,28,1.0,5230.0,0,1,0.17,0
DL-14985,Wairimu Mini Mart,0773914447,30456615,Mombasa,General shop,2026-01-01,6,3.0,9120.0,3,5,0.22,1
DL-13297,Kamau Traders,0735858573,19227564,Nairobi,General shop,2023-09-14,34,2.0,10660.0,2,1,0.42,0
DL-10756,Kiprop Shop,0720632534,17053239,Nairobi,General shop,2023-04-17,39,0.8,3870.0,2,1,0.44,0
DL-14169,Mutua Shop,0769085341,31582149,Machakos,Electronics,2023-03-18,40,2.6,2300.0,1,1,0.29,0
DL-13541,Mutua Mart,0712958227,37764153,Kiambu,General shop,2024-10-08,21,5.2,4500.0,5,5,0.21,0
DL-12749,Atieno Duka,0714996608,14420592,Nakuru,Mini mart,2026-03-02,4,0.5,7920.0,0,0,0.0,0
DL-10284,Omondi Mart,0712691562,20400006,Kisumu,Mini mart,2025-02-05,17,2.8,5810.0,4,3,0.24,1
DL-12163,Chebet Mini Mart,0718600507,10603536,Kiambu,,2025-01-06,18,0.4,9970.0,3,1,0.6,0
DL-13852,Omondi Supplies,0734893239,16737452,Mombasa,,2025-07-05,12,1.2,3360.0,0,0,0.29,0
DL-10042,Njeri Supplies,0718174079,38322877,Nairobi,Hardware,2025-07-05,12,0.8,4530.0,0,0,0.11,0
DL-13234,Wairimu Shop,0734741345,19196818,Meru,Agrovet,2025-10-03,9,3.4,3400.0,1,3,0.16,0
DL-10635,Barasa Traders,0719699864,16985020,Nakuru,General shop,2024-06-10,25,0.8,4920.0,2,2,0.22,0
DL-10430,Barasa Supplies,0739947078,28599364,Meru,General shop,2023-12-13,31,1.5,,5,1,0.44,0
DL-10080,Chebet Duka,0777549851,28209549,Nairobi,Hardware,2021-08-25,59,0.8,7270.0,2,1,0.22,0
DL-12313,Barasa Mart,0718092678,20858191,Machakos,Electronics,2025-02-05,17,1.2,3160.0,2,1,0.47,0
DL-14475,Njeri Mart,0785850967,23748146,Machakos,General shop,2025-09-03,10,7.0,3680.0,2,3,0.54,0
DL-14728,Kamau Shop,0787357604,13514494,Nairobi,Hardware,2025-10-03,9,1.7,3500.0,2,2,0.2,0
DL-10193,Chebet Mini Mart,0796990791,35662601,Kiambu,Mini mart,2026-01-01,6,0.7,5770.0,2,2,0.25,1
DL-14820,Atieno Mart,0733102918,24805287,Kiambu,Electronics,2026-04-01,3,1.3,8600.0,0,1,0.75,1
DL-12883,Chebet Stores,0775369663,33771436,Nairobi,Hardware,2025-05-06,14,0.6,19020.0,2,0,0.14,0
DL-10782,Mwangi Supplies,0752842592,38576947,Kisumu,Hardware,2026-01-01,6,0.5,1700.0,0,0,0.33,1
DL-13872,Wafula Duka,0741068336,11629818,Meru,Electronics,2025-12-02,7,2.3,3060.0,4,4,0.31,0
DL-13174,Mwangi Shop,0775402100,27613636,Mombasa,Hardware,2022-10-19,45,3.9,7800.0,2,4,0.11,0
DL-10137,Barasa Traders,0737462185,28855283,Meru,General shop,2025-03-07,16,2.9,6970.0,1,9,0.31,0
DL-14588,Otieno Shop,0742008373,37465116,Uasin Gishu,Mini mart,2021-09-24,58,0.3,1620.0,0,1,0.5,0
DL-10733,Wanjiku Shop,0789203081,38973765,Nairobi,Mini mart,2026-04-01,3,3.3,11590.0,0,0,0.2,0
DL-12689,Otieno Traders,0761204802,22595728,Kiambu,General shop,2024-10-08,21,2.6,9110.0,4,3,0.19,0
DL-12759,Chebet Stores,0782689449,14233339,Mombasa,General shop,2025-03-07,16,0.2,9200.0,0,0,1.0,0
DL-10946,Wanjiku Duka,0742873863,34871438,Uasin Gishu,Hardware,2026-01-01,6,0.8,1730.0,2,0,0.4,1
DL-10735,Wanjiku Traders,0782547755,24371012,Uasin Gishu,General shop,2025-04-06,15,1.2,5390.0,2,3,0.53,1
DL-12859,Njeri Duka,0762405696,38049674,Uasin Gishu,Pharmacy,2023-03-18,40,0.1,,1,0,0.0,0
DL-12675,Kiprop Enterprises,0749852066,10348114,Nakuru,Mini mart,2022-05-22,50,0.1,10480.0,0,0,0.0,0
DL-13606,Kiprop Mini Mart,0758926429,13078254,Uasin Gishu,Pharmacy,2025-02-05,17,0.9,6060.0,0,2,0.18,0
DL-13633,Wanjiku Enterprises,0762376298,12551088,Mombasa,Pharmacy,2025-11-02,8,2.6,2770.0,9,9,0.48,1
DL-13298,Atieno Mini Mart,0782412811,12058594,Nairobi,Pharmacy,2025-04-06,15,1.7,5090.0,4,6,0.35,1
DL-12170,Kiprop Duka,0797661127,38562489,Mombasa,General shop,2024-08-09,23,0.2,2060.0,0,1,0.33,0
DL-11693,Wanjiku Stores,0742874770,29938979,Nairobi,Electronics,2026-03-02,4,4.2,7230.0,1,0,0.29,0
DL-12858,Mutua Traders,0716682238,15826707,Kiambu,General shop,2026-05-01,2,1.5,6290.0,0,1,0.33,0
DL-14470,Nyambura Mart,0726993972,18446309,Mombasa,,2025-01-06,18,0.7,3640.0,0,0,0.25,0
DL-14436,Atieno Enterprises,0734033039,26768786,Nairobi,General shop,2026-05-01,2,1.5,,1,0,1.0,0
DL-14228,Wairimu Duka,0793565678,11323825,Nairobi,Hardware,2024-11-07,20,0.2,12120.0,0,0,0.0,0
DL-11405,Wairimu Stores,0758280868,18571028,Mombasa,Mini mart,2025-03-07,16,1.8,21690.0,1,2,0.5,0
DL-11753,Wafula Traders,0753757850,10012796,Kiambu,Mini mart,2022-11-18,44,1.0,4840.0,1,1,0.17,0
DL-11674,Chebet Mart,0746607234,36922237,Nairobi,Mini mart,2025-02-05,17,1.9,5860.0,1,2,0.26,0
DL-13125,Mwangi Supplies,0765033982,13366044,Kisumu,Mini mart,2025-03-07,16,1.7,4150.0,2,2,0.15,0
DL-11294,Mutua Stores,0780759596,36486061,Mombasa,General shop,2025-07-05,12,0.8,6340.0,0,4,0.0,0
DL-13943,Barasa Enterprises,0721889591,20798120,Mombasa,General shop,2026-04-01,3,0.7,1880.0,4,1,0.5,1
DL-13539,Njeri Enterprises,0769837830,34289121,Uasin Gishu,Pharmacy,2023-10-14,33,2.3,4950.0,1,1,0.71,0
DL-14451,Njeri Mini Mart,0787677565,27420297,Mombasa,Pharmacy,2026-01-01,6,4.5,,3,4,0.11,1
DL-10105,Wairimu Mart,0752896884,37140104,Nairobi,Agrovet,2025-02-05,17,0.6,10560.0,1,1,0.29,0
DL-13487,Auma Mini Mart,0789904418,12739001,Uasin Gishu,Hardware,2025-01-06,18,0.6,7180.0,0,1,0.14,0
DL-12229,Omondi Traders,0756603518,10792644,Kiambu,Hardware,2024-11-07,20,0.5,3290.0,1,1,0.33,1
DL-14370,Wafula Traders,0738870027,13567883,Nairobi,General shop,2026-03-02,4,1.5,5740.0,2,1,0.17,0
DL-10874,Omondi Traders,0724383482,28913110,Machakos,General shop,2021-07-26,60,0.3,11640.0,0,0,0.0,0
DL-14966,Barasa Duka,0719542476,27262461,Kiambu,General shop,2025-12-02,7,0.6,14830.0,1,0,0.25,0
DL-12173,Barasa Enterprises,0797289618,21462370,Nairobi,Electronics,2026-01-01,6,2.2,5770.0,3,2,0.08,1
DL-13330,Wafula Traders,0751319695,30518409,Kiambu,Agrovet,2025-05-06,14,1.3,10160.0,2,1,0.0,0
DL-14855,Wairimu Mini Mart,0751887980,17339194,Uasin Gishu,General shop,2024-07-10,24,0.3,7860.0,0,0,0.0,0
DL-12914,Otieno Supplies,0717907451,38154965,Nairobi,Mini mart,2025-02-05,17,5.7,14450.0,2,6,0.22,0
DL-11898,Kiprop Mart,0752627437,31997124,Nakuru,General shop,2025-03-07,16,0.2,2120.0,2,0,0.0,0
DL-11836,Mwangi Supplies,0712583651,30150309,Mombasa,General shop,2025-04-06,15,0.8,5140.0,1,1,0.11,0
DL-14499,Barasa Traders,0745673454,26682735,Kisumu,Mini mart,2026-01-31,5,0.8,3300.0,0,1,0.75,0
DL-11077,Mwangi Supplies,0717686894,25655427,Nakuru,General shop,2024-10-08,21,0.9,3970.0,1,0,0.0,0
DL-12790,Otieno Enterprises,0741069422,18700171,Nairobi,Mini mart,2024-08-09,23,2.2,11420.0,0,0,0.04,0
DL-14311,Wafula Mini Mart,0755539543,38396456,Nairobi,Agrovet,2024-05-11,26,0.6,5580.0,0,0,0.43,0
DL-12727,Wafula Duka,0790016990,14340785,Nakuru,General shop,2024-09-08,22,4.7,11980.0,2,4,0.3,0
DL-10679,Wafula Enterprises,0755566254,21216855,Nairobi,,2025-08-04,11,1.5,13060.0,4,3,0.44,1
DL-13750,Wafula Supplies,0746970172,17079591,Uasin Gishu,Electronics,2022-07-21,48,2.8,9060.0,4,5,0.36,1
DL-13834,Chebet Enterprises,0785850703,22146688,Nakuru,Mini mart,2023-07-16,36,1.3,6420.0,4,1,0.25,0
DL-13201,Chebet Enterprises,0739355362,10648988,Kiambu,Agrovet,2026-05-31,1,1.0,22060.0,2,0,0.0,0
DL-10959,Kiprop Shop,0734291738,30495657,Kisumu,General shop,2022-10-19,45,3.1,12340.0,2,3,0.51,0
DL-10470,Kamau Mart,0725102991,19829944,Uasin Gishu,Mini mart,2026-01-01,6,1.0,5560.0,0,0,0.5,0
DL-10621,Kamau Mini Mart,0729213281,11343555,Nairobi,Agrovet,2025-12-02,7,0.3,6150.0,1,2,0.5,1
DL-12696,Njeri Traders,0776254353,28840461,Kiambu,General shop,2026-03-02,4,1.5,4680.0,1,0,0.0,1
DL-11717,Kiprop Stores,0771181761,21601227,Mombasa,Agrovet,2025-05-06,14,0.8,18600.0,0,1,0.2,0
DL-12141,Mutua Supplies,0736736784,14661285,Mombasa,Mini mart,2024-10-08,21,0.8,4040.0,2,3,0.4,0
DL-13364,Mwangi Traders,0799877861,26768127,Nairobi,Hardware,2025-10-03,9,0.6,2120.0,0,1,0.2,0
DL-13011,Barasa Shop,0734931984,11119461,Nakuru,General shop,2026-01-31,5,0.8,7520.0,2,0,0.25,0
DL-11521,Otieno Stores,0793246536,12759470,Kiambu,Pharmacy,2025-11-02,8,0.8,3790.0,4,1,0.17,0
DL-11427,Wairimu Enterprises,0784421933,33478722,Mombasa,Pharmacy,2024-09-08,22,1.8,,0,4,0.43,0
DL-14478,Auma Stores,0748950411,15152821,Nairobi,General shop,2025-07-05,12,1.0,5820.0,0,0,0.42,0
DL-10271,Barasa Enterprises,0786281910,34949576,Nairobi,General shop,2026-05-31,1,4.0,4700.0,2,3,0.75,0
DL-10099,Omondi Supplies,0718805523,23727546,Nairobi,Electronics,2024-10-08,21,1.7,,3,3,0.0,1
DL-12217,Omondi Mart,0786762498,19481604,Meru,General shop,2024-11-07,20,2.8,6330.0,1,3,0.64,0
DL-12966,Atieno Mart,0768643854,36024847,Kiambu,General shop,2024-02-11,29,0.3,6910.0,0,0,0.25,0
DL-13235,Wafula Mart,0742578626,35586433,Nairobi,Mini mart,2023-10-14,33,1.6,4410.0,0,0,0.26,0
DL-13890,Wanjiku Duka,0765080183,28257992,Nairobi,General shop,2024-04-11,27,0.3,6190.0,3,1,1.0,0
DL-11568,Otieno Stores,0770517390,24848284,Kiambu,General shop,2024-04-11,27,1.1,3790.0,1,2,0.0,0
DL-11733,Kiprop Enterprises,0777565135,35145335,Uasin Gishu,General shop,2026-01-01,6,0.8,11230.0,3,1,0.8,0
DL-12042,Atieno Supplies,0757792856,26949623,Nairobi,Mini mart,2025-10-03,9,0.9,1250.0,0,0,0.25,0
DL-13101,Otieno Stores,0752234567,17100711,Mombasa,Pharmacy,2023-01-17,42,0.8,8400.0,5,4,0.3,1
DL-13375,Otieno Mini Mart,0752745475,36310101,Kisumu,General shop,2026-01-01,6,1.3,11370.0,1,0,0.0,0
DL-11665,Auma Mart,0787743161,29342619,Uasin Gishu,General shop,2023-05-17,38,0.6,5920.0,0,0,0.43,0
DL-11995,Njeri Supplies,0756460494,32926527,Kiambu,Hardware,2024-12-07,19,2.3,4730.0,3,6,0.21,1
DL-11582,Atieno Mini Mart,0711643457,16933995,Kisumu,,2025-10-03,9,0.8,3750.0,2,1,0.57,0
DL-12716,Barasa Supplies,0723533549,33304419,Machakos,,2026-03-02,4,1.8,7060.0,2,4,0.43,0
DL-12557,Otieno Enterprises,0755996280,38264866,Nakuru,Mini mart,2025-02-05,17,2.9,14470.0,1,2,0.06,0
DL-14723,Mwangi Mini Mart,0737153666,27993847,Mombasa,General shop,2026-01-01,6,1.3,4390.0,1,1,0.12,0
DL-10247,Kamau Shop,0791156294,38968277,Uasin Gishu,Pharmacy,2024-05-11,26,2.0,4680.0,1,3,0.04,0
DL-10745,Wairimu Stores,0755810909,31364636,Nairobi,Mini mart,2025-12-02,7,2.3,5330.0,1,1,0.31,0
DL-12747,Kiprop Mart,0726616162,29932226,Nairobi,General shop,2024-12-07,19,0.4,7050.0,1,0,0.4,0
DL-11764,Achieng Enterprises,0751546293,28085068,Kisumu,General shop,2023-10-14,33,0.9,8280.0,0,0,0.09,0
DL-10427,Nyambura Enterprises,0768256469,25703777,Mombasa,Pharmacy,2021-07-26,60,2.2,4880.0,0,0,0.74,0
DL-14494,Auma Duka,0730292610,28589487,Kiambu,General shop,2024-07-10,24,1.5,5310.0,4,3,0.06,0
DL-14196,Mutua Stores,0749820460,24553045,Nairobi,Electronics,2025-02-05,17,1.1,9130.0,1,2,0.15,0
DL-11507,Wafula Enterprises,0740036785,21463913,Nairobi,,2025-04-06,15,1.9,8690.0,1,0,0.39,0
DL-10153,Auma Stores,0799761670,11885374,Meru,General shop,2024-01-12,30,0.3,2890.0,1,0,0.25,0
DL-14789,Wairimu Shop,0738903555,16949052,Nakuru,General shop,2023-12-13,31,0.7,5400.0,0,0,0.5,0
DL-14101,Mwangi Mini Mart,0770867492,10270927,Kiambu,General shop,2024-09-08,22,1.2,3520.0,2,1,0.29,0
DL-12407,Kamau Duka,0758342470,22897748,Meru,,2026-01-31,5,1.2,11410.0,2,4,0.33,0
DL-10010,Mwangi Mart,0752445390,11341337,Nairobi,Agrovet,2023-06-16,37,0.7,,3,0,0.12,0
DL-12044,Nyambura Mini Mart,0733326420,28564681,Nairobi,Pharmacy,2025-09-03,10,2.5,7830.0,2,2,0.36,0
DL-14664,Auma Supplies,0763234668,22764661,Mombasa,Hardware,2024-12-07,19,0.3,9020.0,0,0,0.5,0
DL-10825,Auma Shop,0766954921,16359846,Nairobi,Hardware,2021-07-26,60,1.2,9880.0,1,2,0.47,0
DL-11363,Chebet Mart,0718863739,31071970,Kisumu,Hardware,2025-07-05,12,1.3,6070.0,1,1,0.19,1
DL-10807,Kamau Supplies,0765646035,25120622,Nakuru,Hardware,2023-08-15,35,0.6,7400.0,0,0,0.57,1
DL-13024,Otieno Supplies,0729943745,11762720,Machakos,Mini mart,2024-05-11,26,1.9,4540.0,2,2,0.17,0
DL-14815,Otieno Stores,0747442567,23716743,Nakuru,General shop,2025-08-04,11,2.6,6320.0,1,4,0.28,0
DL-14682,Wanjiku Traders,0788334812,16239056,Nakuru,Agrovet,2026-03-02,4,0.2,5880.0,0,0,0.0,0
DL-10921,Mutua Duka,0796503920,32922560,Mombasa,Mini mart,2025-09-03,10,1.4,5540.0,1,0,0.07,0
DL-12031,Wairimu Mart,0710614631,12526314,Mombasa,General shop,2025-10-03,9,1.0,5600.0,0,0,0.44,0
DL-10829,Wanjiku Supplies,0742811319,28567046,Meru,Pharmacy,2024-10-08,21,0.6,4360.0,0,0,0.14,0
DL-14936,Njeri Traders,0780685806,37645482,Uasin Gishu,General shop,2025-11-02,8,1.8,3430.0,3,3,0.29,0
DL-13548,Wairimu Mini Mart,0715868190,27493541,Mombasa,Mini mart,2024-12-07,19,2.4,16850.0,1,3,0.14,0
DL-13523,Achieng Shop,0765474679,24906627,Nairobi,Pharmacy,2023-11-13,32,1.7,2270.0,2,3,0.15,0
DL-10945,Wanjiku Duka,0774376473,14839633,Kiambu,Mini mart,2025-04-06,15,0.7,4950.0,0,0,0.25,0
DL-11572,Njeri Mart,0788615475,36614452,Mombasa,Mini mart,2024-04-11,27,1.5,3590.0,1,0,0.06,0
DL-12340,Nyambura Stores,0727656616,23154034,Machakos,Electronics,2024-04-11,27,3.2,6130.0,6,8,0.11,1
DL-10962,Nyambura Traders,0762016396,36365295,Uasin Gishu,Pharmacy,2025-01-06,18,1.7,7910.0,1,1,0.7,1
DL-11257,Chebet Duka,0716027151,35440994,Kiambu,,2024-05-11,26,2.2,5130.0,2,6,0.44,1
DL-11636,Otieno Supplies,0762191434,24595040,Nakuru,Electronics,2025-03-07,16,0.2,9850.0,0,0,0.33,0
DL-10843,Kamau Stores,0745406902,21818215,Meru,Pharmacy,2024-09-08,22,0.7,2840.0,3,3,0.25,0
DL-13377,Wairimu Supplies,0759261025,11731484,Kiambu,General shop,2026-01-01,6,2.0,2450.0,3,0,0.25,0
DL-10420,Nyambura Enterprises,0791250350,11033928,Kiambu,Electronics,2026-01-01,6,0.3,8060.0,0,0,0.0,0
DL-11711,Achieng Traders,0729384381,22709530,Nakuru,General shop,2025-07-05,12,1.1,7110.0,1,1,0.23,0
DL-12546,Otieno Traders,0737023992,23702458,Uasin Gishu,Electronics,2025-04-06,15,0.2,2650.0,1,0,0.33,0
DL-12464,Njeri Traders,0715390085,30338024,Nakuru,Hardware,2023-03-18,40,0.4,,2,1,0.0,0
DL-12668,Auma Shop,0736235035,38828874,Nairobi,General shop,2025-05-06,14,3.2,2640.0,5,9,0.44,1
DL-14957,Otieno Enterprises,0741910457,13422292,Kisumu,Electronics,2025-03-07,16,3.1,3620.0,0,3,0.14,0
DL-14129,Kamau Shop,0734612317,37477301,Kisumu,General shop,2025-07-05,12,1.3,5340.0,2,2,0.69,0
DL-14442,Otieno Enterprises,0742260245,26820572,Uasin Gishu,General shop,2024-05-11,26,2.3,7830.0,5,5,0.75,1
DL-10360,Omondi Duka,0747828870,33176314,Uasin Gishu,Electronics,2025-12-02,7,2.4,5100.0,0,0,0.12,0
DL-11531,Otieno Duka,0728587998,13824749,Kiambu,Pharmacy,2023-11-13,32,1.1,9350.0,5,1,0.31,0
DL-13061,Barasa Enterprises,0782770460,13860519,Machakos,General shop,2022-08-20,47,0.5,2980.0,0,0,0.0,0
DL-10846,Njeri Supplies,0725375798,32756330,Nairobi,Pharmacy,2025-08-04,11,0.5,1890.0,0,1,0.5,0
DL-10941,Omondi Traders,0710989867,15692242,Nairobi,Electronics,2025-08-04,11,1.1,6050.0,3,1,0.5,1
DL-11845,Wanjiku Shop,0784689392,34286503,Mombasa,General shop,2025-11-02,8,1.0,3600.0,3,3,0.25,0
DL-10253,Atieno Supplies,0760191074,23116438,Kiambu,Mini mart,2023-03-18,40,1.9,5680.0,0,0,0.39,0
DL-11892,Auma Traders,0715320654,18098210,Nairobi,Agrovet,2025-06-05,13,3.8,10290.0,1,2,0.15,0
DL-14560,Barasa Shop,0787682432,23739508,Nakuru,Pharmacy,2022-08-20,47,0.2,,0,0,0.0,0
DL-10468,Njeri Mart,0755665097,22790284,Nairobi,Hardware,2023-07-16,36,0.2,2430.0,1,0,0.67,0
DL-13577,Wanjiku Supplies,0741908056,34881713,Mombasa,,2025-01-06,18,2.1,1770.0,1,0,0.68,0
DL-13839,Wafula Supplies,0784303802,27362481,Kisumu,Pharmacy,2026-01-01,6,2.2,8180.0,1,0,0.46,0
DL-12185,Achieng Enterprises,0786214542,31686645,Nakuru,Pharmacy,2025-01-06,18,0.2,1680.0,0,0,0.5,0
DL-13493,Kamau Shop,0777424163,10848363,Nakuru,Mini mart,2026-01-31,5,3.6,14500.0,0,0,0.11,0
DL-13513,Atieno Stores,0719144955,20895793,Machakos,Hardware,2023-11-13,32,0.4,18000.0,0,0,0.2,0
DL-14482,Achieng Mini Mart,0797684007,27277803,Nairobi,General shop,2025-01-06,18,1.2,3070.0,0,1,0.07,0
DL-12888,Wanjiku Mart,0754721203,39435283,Nairobi,Pharmacy,2023-08-15,35,1.0,7870.0,0,0,0.25,0
DL-11490,Atieno Mart,0792475122,10439167,Kisumu,Hardware,2025-07-05,12,1.1,7390.0,1,3,0.08,0
DL-13575,Mutua Stores,0773891059,29120591,Machakos,General shop,2023-03-18,40,2.2,5850.0,0,4,0.26,0
DL-11116,Otieno Shop,0724552891,32032371,Nairobi,General shop,2023-10-14,33,1.8,,1,5,0.09,0
DL-11899,Chebet Shop,0733360450,16914088,Kisumu,Hardware,2025-06-05,13,1.6,5400.0,5,5,0.26,1
DL-13641,Mwangi Mart,0757380637,20797477,Machakos,General shop,2024-12-07,19,1.4,2810.0,3,5,0.18,1
DL-13122,Mutua Duka,0765775260,36143983,Nairobi,Hardware,2025-06-05,13,0.3,3480.0,1,1,0.5,1
DL-14280,Auma Mini Mart,0760123951,24237618,Nairobi,General shop,2025-04-06,15,3.1,9650.0,2,1,0.3,0
DL-14927,Kiprop Shop,0750507967,36919432,Mombasa,General shop,2021-07-26,60,0.2,2990.0,0,0,0.0,0
DL-14771,Mwangi Shop,0797104511,22948760,Nairobi,,2024-07-10,24,1.2,5620.0,0,1,0.14,0
DL-13439,Kiprop Duka,0723744138,27938015,Nakuru,,2025-12-02,7,1.7,3330.0,2,1,0.25,1
DL-11838,Chebet Supplies,0766251425,20463282,Meru,General shop,2025-11-02,8,1.2,8320.0,3,3,0.1,0
DL-11844,Wafula Mini Mart,0761365896,29790178,Nairobi,Pharmacy,2025-01-06,18,2.2,3380.0,3,3,0.15,0
DL-13338,Otieno Mart,0785937253,13155064,Machakos,General shop,2025-10-03,9,0.9,2080.0,0,2,0.0,0
DL-14907,Barasa Mini Mart,0738194259,23882110,Mombasa,General shop,2025-01-06,18,0.8,7660.0,3,1,0.3,0
DL-12018,Nyambura Supplies,0714905426,10221508,Nairobi,Mini mart,2025-10-03,9,0.4,6620.0,1,1,0.0,0
DL-12272,Wafula Shop,0770280486,25906492,Kiambu,General shop,2026-05-31,1,3.0,5670.0,2,3,0.33,1
DL-11616,Achieng Duka,0798025481,11455885,Mombasa,Pharmacy,2022-09-19,46,1.4,7110.0,0,3,0.29,0
DL-13650,Wafula Shop,0796524555,19941140,Nairobi,Hardware,2023-03-18,40,0.4,13070.0,1,1,0.2,0
DL-11189,Atieno Duka,0773674370,11684033,Nairobi,Mini mart,2025-11-02,8,1.4,7980.0,1,1,0.0,0
DL-11888,Atieno Supplies,0735161788,21843997,Nakuru,Mini mart,2024-10-08,21,0.2,3070.0,0,0,0.67,0
DL-10345,Achieng Mart,0789927939,28487973,Nairobi,,2023-06-16,37,0.4,2780.0,1,0,0.0,0
DL-11645,Otieno Mini Mart,0792010740,30867288,Kisumu,Electronics,2025-09-03,10,1.4,7100.0,3,2,0.0,0
DL-13104,Auma Traders,0796228036,20876204,Meru,Mini mart,2025-03-07,16,0.6,5380.0,2,1,0.14,0
DL-11988,Mutua Traders,0718260826,23827249,Meru,Hardware,2025-06-05,13,0.8,5120.0,2,3,0.2,1
DL-11573,Chebet Mini Mart,0789022115,31174083,Mombasa,General shop,2025-02-05,17,1.7,5100.0,2,4,0.4,1
DL-11458,Auma Traders,0734342436,23032660,Kiambu,Pharmacy,2025-06-05,13,0.7,2250.0,3,1,0.38,1
DL-10995,Atieno Shop,0764719682,29520181,Mombasa,Hardware,2025-12-02,7,1.6,13440.0,1,2,0.36,0
DL-12961,Kamau Enterprises,0721296631,36961114,Meru,Agrovet,2026-01-01,6,0.2,3330.0,2,1,1.0,0
DL-14180,Nyambura Shop,0773107809,16657503,Mombasa,Electronics,2025-07-05,12,2.4,6290.0,2,4,0.03,0
DL-14715,Mutua Stores,0754195174,15328197,Kiambu,Agrovet,2023-08-15,35,0.8,3480.0,1,0,0.56,0
DL-13295,Mutua Supplies,0760230463,18695975,Kiambu,Hardware,2022-08-20,47,2.6,2470.0,2,5,0.26,0
DL-12034,Omondi Shop,0731224941,38218994,Kiambu,General shop,2024-08-09,23,0.6,3210.0,1,0,0.29,0
DL-12128,Wanjiku Duka,0799927078,38262135,Nairobi,Agrovet,2024-02-11,29,1.1,6220.0,0,0,0.23,0
DL-13223,Wafula Shop,0787577339,31324857,Kisumu,Agrovet,2024-04-11,27,0.6,6510.0,1,3,0.0,0
DL-11894,Auma Enterprises,0738620646,10164522,Nairobi,Mini mart,2025-07-05,12,3.1,2590.0,1,2,0.35,0
DL-14756,Otieno Mart,0776608247,18225385,Kiambu,,2026-05-31,1,2.0,,1,1,0.0,0
DL-11928,Auma Enterprises,0731471010,21503026,Nakuru,General shop,2023-06-16,37,0.2,3870.0,0,0,0.33,0
DL-11355,Nyambura Stores,0768391817,11000933,Meru,Mini mart,2025-07-05,12,0.9,4060.0,3,3,0.64,1
DL-11063,Nyambura Mini Mart,0786580712,25488399,Nakuru,Pharmacy,2025-10-03,9,1.2,5400.0,0,0,0.27,0
DL-14899,Wanjiku Duka,0759019295,38121658,Machakos,Mini mart,2025-02-05,17,3.9,,9,9,0.06,1
DL-13288,Nyambura Stores,0770323727,19921565,Nairobi,,2025-12-02,7,0.9,4010.0,2,0,0.17,0
DL-13704,Mutua Mini Mart,0760980313,28176309,Mombasa,Hardware,2026-05-01,2,1.0,5760.0,2,0,0.0,1
DL-13891,Mwangi Stores,0762807692,34537784,Nairobi,Pharmacy,2025-12-02,7,1.9,9110.0,2,5,0.08,1
DL-14134,Wafula Mini Mart,0767306243,38035824,Nakuru,General shop,2024-06-10,25,0.3,,1,0,0.0,0
DL-10999,Nyambura Supplies,0724651322,39596767,Nairobi,Electronics,2024-12-07,19,1.8,3230.0,2,1,0.38,0
DL-12385,Otieno Supplies,0718042671,18999049,Meru,Agrovet,2026-03-02,4,3.2,19970.0,2,2,0.15,0
DL-10095,Omondi Enterprises,0751961531,15396853,Meru,General shop,2025-06-05,13,2.2,8370.0,3,4,0.11,0
DL-11713,Achieng Shop,0721651667,16559914,Meru,Pharmacy,2026-03-02,4,0.8,5200.0,1,1,0.67,0
DL-10804,Barasa Stores,0799063917,17715675,Machakos,General shop,2025-10-03,9,0.3,4420.0,0,0,0.0,0
DL-12182,Auma Stores,0751583022,17043382,Machakos,Pharmacy,2024-12-07,19,1.5,211670.0,1,0,0.33,0
DL-10324,Njeri Shop,0730770778,32175607,Mombasa,Mini mart,2021-10-24,57,1.0,5020.0,3,0,0.33,0
DL-14811,Auma Duka,0772016626,23581710,Kisumu,General shop,2023-12-13,31,1.0,2180.0,1,0,0.67,0
DL-11772,Barasa Duka,0724104807,35793201,Mombasa,General shop,2024-07-10,24,1.2,3740.0,1,0,0.21,0
DL-12927,Barasa Enterprises,0716360332,12989358,Mombasa,Mini mart,2025-05-06,14,0.5,8040.0,3,1,0.0,1
DL-11728,Wafula Enterprises,0772906821,33912265,Machakos,Electronics,2025-08-04,11,1.8,4040.0,1,1,0.05,0
DL-10913,Chebet Shop,0715292556,37919324,Kiambu,General shop,2025-11-02,8,2.6,5080.0,2,1,0.81,0
DL-11112,Achieng Supplies,0746771434,34647366,Nairobi,General shop,2026-03-02,4,0.2,10950.0,2,0,0.0,0
DL-12647,Kiprop Mart,0775366984,35451948,Nakuru,Hardware,2025-12-02,7,1.0,4710.0,3,3,0.29,1
DL-13455,Mwangi Enterprises,0780623863,22262780,Nakuru,General shop,2025-01-06,18,5.1,4440.0,5,6,0.13,1
DL-10145,Nyambura Mini Mart,0750932952,28517910,Kiambu,Mini mart,2024-11-07,20,1.1,5720.0,0,1,0.08,0
DL-10881,Wairimu Traders,0734517083,13605434,Mombasa,General shop,2025-06-05,13,0.8,6440.0,2,5,0.3,1
DL-11452,Kiprop Traders,0769877395,11146438,Nairobi,General shop,2025-06-05,13,2.3,2420.0,1,0,0.43,0
DL-12273,Njeri Enterprises,0734954800,33609376,Nairobi,Mini mart,2024-05-11,26,1.8,7710.0,4,6,0.23,1
DL-13591,Atieno Enterprises,0745610780,23976419,Nairobi,Electronics,2024-03-12,28,0.2,2720.0,0,0,0.0,0
DL-11786,Kiprop Stores,0724592287,24314219,Machakos,Electronics,2025-08-04,11,0.7,,2,2,0.5,0
DL-13916,Mwangi Mart,0783936282,35924276,Mombasa,Mini mart,2025-10-03,9,0.6,2490.0,1,1,0.2,0
DL-13977,Nyambura Mart,0787655814,32675512,Kisumu,Mini mart,2025-09-03,10,0.5,3420.0,0,0,0.6,0
DL-12989,Mutua Mini Mart,0746960448,11958983,Kisumu,Mini mart,2024-11-07,20,3.2,5590.0,2,1,0.32,0
DL-11345,Mutua Mini Mart,0714265690,33741367,Nairobi,Pharmacy,2025-01-06,18,1.2,,1,0,0.36,0
DL-10863,Kiprop Shop,0743714537,23453828,Kiambu,Mini mart,2023-12-13,31,1.2,5030.0,1,1,0.73,0
DL-14849,Kamau Shop,0767440183,19449627,Nairobi,Pharmacy,2025-10-03,9,0.8,5460.0,1,1,0.14,1
DL-12196,Wanjiku Mini Mart,0792071174,32384311,Nairobi,Agrovet,2024-09-08,22,3.3,4770.0,1,4,0.38,0
DL-10092,Atieno Traders,0754660103,26209941,Machakos,Mini mart,2024-12-07,19,2.3,7560.0,3,6,0.14,0
DL-13688,Wanjiku Traders,0734333382,30122508,Nairobi,General shop,2022-11-18,44,0.6,4440.0,1,1,0.14,0
DL-13484,Kiprop Shop,0711637355,21729538,Nairobi,Hardware,2025-05-06,14,2.3,3560.0,2,3,0.11,0
DL-10830,Barasa Traders,0726322252,35846111,Mombasa,Pharmacy,2025-03-07,16,1.1,10080.0,1,2,0.15,0
DL-13463,Omondi Shop,0719284449,11316658,Mombasa,Agrovet,2023-03-18,40,0.2,5700.0,0,0,1.0,0
DL-14381,Barasa Shop,0796278161,25348108,Nairobi,General shop,2023-08-15,35,0.8,4940.0,1,1,0.22,0
DL-13693,Otieno Enterprises,0798071772,26163586,Nakuru,General shop,2025-11-02,8,0.6,,1,0,0.2,0
DL-12978,Otieno Shop,0785402406,17322978,Nairobi,Mini mart,2025-05-06,14,0.7,5120.0,1,0,0.12,0
DL-12406,Otieno Enterprises,0712405575,11691655,Kisumu,Electronics,2023-05-17,38,1.2,5260.0,0,1,0.0,0
DL-14301,Kiprop Enterprises,0791957826,33929718,Nairobi,Electronics,2024-11-07,20,0.2,6040.0,0,0,0.33,0
DL-14126,Wafula Mini Mart,0737959454,21288564,Kiambu,General shop,2025-12-02,7,1.0,3750.0,1,0,0.14,1
DL-10078,Auma Traders,0797967283,22686983,Kisumu,Mini mart,2025-08-04,11,0.5,2420.0,1,1,0.17,0
DL-11357,Mwangi Stores,0731398567,28302909,Nakuru,Mini mart,2023-03-18,40,0.3,5020.0,1,0,0.5,0
DL-12138,Chebet Stores,0752783325,21278612,Kiambu,Mini mart,2025-10-03,9,1.2,1960.0,2,3,0.0,0
DL-12067,Atieno Enterprises,0775932966,21638262,Mombasa,Hardware,2026-01-31,5,0.6,7690.0,1,0,0.0,0
DL-11385,Atieno Enterprises,0776694464,36946636,Nairobi,General shop,2024-04-11,27,0.4,6250.0,2,2,0.2,0
DL-10214,Wafula Duka,0753600440,31454297,Meru,General shop,2025-11-02,8,1.1,2820.0,0,0,0.11,0
DL-14852,Barasa Duka,0745352550,21242043,Nairobi,Mini mart,2024-05-11,26,4.6,2060.0,5,4,0.07,0
DL-11066,Otieno Stores,0777412778,32657165,Mombasa,General shop,2025-03-07,16,1.4,6310.0,2,0,0.0,1
DL-12916,Nyambura Mini Mart,0755773551,17086832,Kiambu,Agrovet,2023-11-13,32,1.2,8380.0,1,3,0.53,0
DL-12764,Auma Enterprises,0732713902,28255868,Machakos,Mini mart,2024-06-10,25,1.7,6900.0,1,1,0.25,0
DL-14270,Kamau Traders,0714949003,38532911,Kiambu,General shop,2026-04-01,3,4.0,5890.0,1,1,0.25,0
DL-12548,Wanjiku Stores,0795471754,34483407,Uasin Gishu,Electronics,2022-09-19,46,0.9,6920.0,1,1,0.36,0
DL-14320,Njeri Stores,0774853152,38454226,Meru,General shop,2025-05-06,14,0.9,8560.0,1,0,0.18,0
DL-10118,Mwangi Duka,0779624590,36085491,Nairobi,General shop,2026-05-01,2,2.0,13010.0,0,1,0.25,0
DL-12553,Otieno Supplies,0728438565,16796438,Kisumu,General shop,2025-08-04,11,0.5,6510.0,1,0,0.0,0
DL-12190,Wafula Stores,0749809941,29332855,Kiambu,Hardware,2025-08-04,11,1.2,11720.0,2,2,0.08,1
DL-14256,Njeri Stores,0737342765,36103972,Kiambu,General shop,2025-07-05,12,2.7,7360.0,1,0,0.44,0
DL-14495,Kiprop Duka,0757940978,34183301,Nakuru,Hardware,2024-09-08,22,1.0,5300.0,2,0,0.17,0
DL-12784,Nyambura Mart,0731442265,28859540,Nairobi,General shop,2022-12-18,43,0.8,12730.0,0,0,0.11,0
DL-14605,Auma Supplies,0717446319,16703452,Nakuru,General shop,2025-08-04,11,1.3,2880.0,0,1,0.36,1
DL-13082,Atieno Shop,0713227194,37530909,Nairobi,Pharmacy,2023-10-14,33,1.3,,1,0,0.25,0
DL-10957,Nyambura Traders,0717096220,34025233,Nairobi,Pharmacy,2025-07-05,12,6.4,3200.0,0,1,0.26,0
DL-13023,Wafula Mini Mart,0730578193,16595283,Kisumu,Mini mart,2022-09-19,46,3.7,8710.0,2,3,0.14,0
DL-10165,Otieno Stores,0739069250,14571510,Nairobi,General shop,2024-04-11,27,0.1,,0,0,0.0,0
DL-13497,Kiprop Stores,0731199158,39214389,Nairobi,Mini mart,2025-10-03,9,0.7,5020.0,1,0,0.17,0
DL-10201,Njeri Enterprises,0744329258,19089271,Nairobi,General shop,2024-12-07,19,1.1,5070.0,0,1,0.92,0
DL-14122,Mutua Mini Mart,0723514540,24034491,Machakos,General shop,2024-04-11,27,1.2,9880.0,0,1,0.07,0
DL-10238,Omondi Stores,0778153540,10418329,Nairobi,Electronics,2025-05-06,14,3.5,8130.0,1,2,0.38,0
DL-11977,Chebet Enterprises,0719236789,35244808,Mombasa,General shop,2025-10-03,9,2.9,6650.0,1,2,0.04,1
DL-12318,Atieno Enterprises,0783049483,20008772,Nairobi,Agrovet,2025-07-05,12,1.1,5460.0,3,2,0.23,1
DL-10985,Kiprop Enterprises,0787698383,13458600,Mombasa,Pharmacy,2025-10-03,9,1.4,5920.0,0,0,0.23,0
DL-10552,Kamau Supplies,0791506794,18187378,Nakuru,Agrovet,2024-07-10,24,1.6,5600.0,0,1,0.11,0
DL-12713,Wafula Mart,0780412917,14271180,Nairobi,Mini mart,2025-02-05,17,1.1,9590.0,1,0,0.15,0
DL-11991,Wanjiku Duka,0753996462,22241635,Nakuru,Hardware,2024-04-11,27,1.2,3800.0,2,1,0.07,0
DL-10798,Omondi Traders,0770950156,20975690,Kiambu,Mini mart,2024-12-07,19,1.6,4800.0,4,3,0.53,0
DL-14663,Mwangi Supplies,0756448646,12964549,Machakos,General shop,2025-04-06,15,1.5,4950.0,1,0,0.33,0
DL-14712,Atieno Shop,0716991065,25154595,Mombasa,Mini mart,2026-01-31,5,1.6,10250.0,3,2,0.12,0
DL-14595,Auma Mart,0773049459,30339418,Nairobi,General shop,2025-07-05,12,1.3,7510.0,1,0,0.19,0
DL-13469,Kiprop Duka,0747077109,16028797,Mombasa,General shop,2026-05-31,1,3.0,6120.0,1,0,0.33,0
DL-11819,Auma Enterprises,0787714409,29324402,Nakuru,Electronics,2024-10-08,21,1.3,5140.0,1,0,0.12,0
DL-13037,Mwangi Stores,0772813383,33714464,Mombasa,General shop,2025-06-05,13,0.5,5020.0,0,0,0.33,0
DL-11252,Wairimu Duka,0768812716,28659162,Machakos,Hardware,2023-08-15,35,1.0,1970.0,7,5,0.67,1
DL-11644,Kamau Enterprises,0739640493,13694191,Meru,General shop,2024-01-12,30,1.2,6590.0,1,3,0.07,0
DL-11687,Omondi Mini Mart,0748336902,16964206,Nairobi,Agrovet,2024-09-08,22,0.7,,2,0,0.38,0
DL-11907,Chebet Mart,0782139125,12561416,Nairobi,Mini mart,2026-01-31,5,1.0,3400.0,2,1,0.2,0
DL-11280,Nyambura Mart,0715278709,29913778,Nairobi,Agrovet,2023-11-13,32,0.2,2410.0,1,0,0.33,0
DL-11399,Mwangi Mart,0788151179,25558682,Mombasa,Agrovet,2025-12-02,7,0.6,,0,1,0.5,1
DL-12671,Achieng Enterprises,0720908833,22517341,Mombasa,Pharmacy,2025-04-06,15,1.8,4660.0,4,1,0.14,1
DL-12039,Barasa Shop,0734366845,26377068,Kiambu,Pharmacy,2023-01-17,42,1.2,2940.0,0,0,0.27,0
DL-10048,Omondi Duka,0748364810,35401092,Kiambu,General shop,2024-09-08,22,0.8,2250.0,1,0,0.2,0
DL-14116,Njeri Duka,0715617370,21859997,Nairobi,General shop,2023-04-17,39,0.9,6150.0,1,0,0.09,0
DL-11254,Mutua Stores,0761220849,17506019,Nairobi,Hardware,2025-04-06,15,0.2,5080.0,0,0,1.0,0
DL-14658,Achieng Stores,0756834414,15117041,Kiambu,Electronics,2025-08-04,11,2.3,4070.0,5,7,0.24,1
DL-13624,Wairimu Supplies,0758800026,18089057,Nairobi,,2024-08-09,23,1.4,12350.0,0,0,0.35,0
DL-13263,Omondi Mart,0793721732,16541834,Kiambu,Agrovet,2025-03-07,16,0.3,8080.0,0,0,0.5,0
DL-10366,Mutua Duka,0730617060,22654815,Nairobi,Mini mart,2025-11-02,8,1.0,12460.0,1,0,0.38,0
DL-12162,Kamau Mart,0794285045,31473851,Uasin Gishu,General shop,2025-05-06,14,0.1,6480.0,0,0,1.0,0
DL-14103,Auma Traders,0794031820,24727370,Kisumu,Hardware,2024-09-08,22,1.6,8190.0,2,1,0.16,0
DL-11378,Chebet Duka,0734834739,27258406,Uasin Gishu,Hardware,2025-09-03,10,0.3,4340.0,2,1,0.0,0
DL-12838,Chebet Mini Mart,0748479452,12605506,Uasin Gishu,Agrovet,2022-05-22,50,0.2,10520.0,2,0,0.0,0
DL-12843,Kamau Shop,0734042317,27735708,Kiambu,Agrovet,2025-05-06,14,0.7,,0,0,0.38,1
DL-10740,Chebet Stores,0713682894,37062982,Kisumu,Hardware,2025-10-03,9,1.3,2910.0,1,1,0.33,0
DL-12944,Wanjiku Stores,0744292560,22379249,Kiambu,General shop,2025-04-06,15,3.0,,2,1,0.08,0
DL-13144,Barasa Mart,0762460837,19432465,Nairobi,General shop,2026-04-01,3,0.7,5930.0,0,0,0.0,0
DL-13874,Barasa Stores,0712803972,23947183,Uasin Gishu,Mini mart,2025-04-06,15,0.7,5830.0,0,0,0.25,0
DL-11919,Otieno Mart,0737185087,38722200,Nairobi,General shop,2024-09-08,22,1.8,6450.0,3,5,0.14,0
DL-13183,Wafula Duka,0727875099,18206690,Nairobi,Hardware,2026-03-02,4,0.8,5300.0,2,1,0.33,0
DL-13241,Mutua Enterprises,0723711277,38061268,Nairobi,General shop,2021-07-26,60,2.5,3580.0,4,8,0.23,0
DL-13820,Chebet Mart,0734513625,21781490,Machakos,Agrovet,2021-08-25,59,2.1,11710.0,3,3,0.24,0
DL-12268,Mutua Mart,0738792357,34659241,Kisumu,Electronics,2024-02-11,29,2.9,10040.0,4,5,0.31,0
DL-14526,Chebet Shop,0772116036,37935169,Meru,Hardware,2026-01-01,6,2.8,3320.0,1,0,0.29,1
DL-10514,Wanjiku Stores,0780193745,22815718,Meru,Hardware,2026-05-01,2,0.5,8860.0,1,0,0.0,0
DL-12198,Kiprop Shop,0751821365,12360476,Nairobi,General shop,2026-01-31,5,0.6,8240.0,2,0,0.0,1
DL-11739,Njeri Traders,0712933009,38058406,Nakuru,General shop,2024-05-11,26,1.1,2460.0,4,3,0.38,0
DL-11431,Omondi Enterprises,0788846934,28201150,Meru,Pharmacy,2024-12-07,19,3.2,9890.0,4,6,0.15,0
DL-12763,Kamau Traders,0747220161,36710260,Machakos,Mini mart,2025-01-06,18,2.5,6280.0,3,8,0.73,1
DL-11699,Mwangi Enterprises,0777665056,13282586,Meru,Hardware,2025-02-05,17,1.8,14930.0,1,2,0.48,0
DL-14866,Otieno Mini Mart,0790684911,17837711,Nakuru,Electronics,2025-05-06,14,1.4,11370.0,3,2,0.47,0
DL-14991,Wafula Mini Mart,0752994929,21148764,Nairobi,Mini mart,2024-10-08,21,1.2,3060.0,1,4,0.27,0
DL-11128,Chebet Mart,0715758721,21511819,Mombasa,Mini mart,2023-06-16,37,1.2,6070.0,1,0,0.43,0
DL-14216,Mutua Supplies,0765199759,11860898,Mombasa,General shop,2025-10-03,9,0.8,9800.0,1,1,0.43,1
DL-14161,Kiprop Mart,0784204181,22996900,Mombasa,Pharmacy,2022-05-22,50,0.2,12940.0,2,1,0.0,0
DL-13143,Atieno Traders,0785709582,27452615,Nakuru,Mini mart,2023-11-13,32,1.1,9230.0,1,1,0.62,0
DL-13001,Mutua Shop,0778182329,32544493,Nairobi,General shop,2025-04-06,15,0.2,8760.0,0,0,0.5,1
DL-13908,Wafula Shop,0761130975,24749498,Machakos,Pharmacy,2023-06-16,37,1.6,6150.0,5,3,0.32,0
DL-14366,Barasa Mini Mart,0771502110,20427326,Kiambu,General shop,2024-11-07,20,1.2,15680.0,1,1,0.13,0
DL-12910,Otieno Traders,0729036247,26850184,Nakuru,General shop,2025-04-06,15,0.9,6450.0,0,0,0.55,0
DL-11633,Mutua Traders,0748504546,38431410,Kisumu,,2024-11-07,20,2.4,8410.0,2,0,0.34,0
DL-11809,Chebet Supplies,0712730694,30609187,Nairobi,General shop,2025-09-03,10,1.2,1440.0,0,2,0.42,1
DL-14089,Otieno Mini Mart,0712900554,26112320,Nairobi,Electronics,2026-01-31,5,0.4,9680.0,1,1,0.5,0
DL-10503,Achieng Traders,0773002707,29000880,Kiambu,Electronics,2025-07-05,12,2.8,4430.0,1,0,0.18,0
DL-13494,Omondi Mart,0795929604,13173228,Kiambu,General shop,2025-07-05,12,1.6,8830.0,6,2,0.37,0
DL-11695,Nyambura Mini Mart,0799772630,20128863,Mombasa,General shop,2025-01-06,18,0.9,4300.0,3,1,0.36,0
DL-14153,Kamau Stores,0759147036,17239692,Nairobi,General shop,2025-03-07,16,1.3,,1,0,0.25,0
DL-12236,Barasa Traders,0713304942,39173978,Nakuru,General shop,2026-05-01,2,2.5,4710.0,0,0,0.2,0
DL-11553,Auma Mini Mart,0757657399,21719892,Nairobi,Electronics,2025-09-03,10,0.5,2500.0,0,0,0.4,0
DL-10923,Kiprop Mart,0777247314,25176284,Nairobi,Mini mart,2026-01-31,5,1.2,3810.0,3,3,0.17,1
DL-13948,Wafula Mart,0738529148,19734514,Mombasa,General shop,2025-10-03,9,4.4,3910.0,4,7,0.35,1
DL-12315,Njeri Supplies,0739043550,15295331,Nairobi,Electronics,2025-10-03,9,3.1,5060.0,6,5,0.5,1
DL-10937,Chebet Shop,0723424840,33420181,Nairobi,General shop,2024-12-07,19,0.8,7160.0,1,1,0.3,0
DL-14910,Njeri Enterprises,0733435478,39359711,Mombasa,General shop,2024-11-07,20,3.7,6960.0,2,4,0.3,0
DL-13102,Mutua Enterprises,0732751132,31545328,Uasin Gishu,General shop,2025-02-05,17,2.6,8450.0,0,1,0.55,0
DL-10396,Mwangi Supplies,0710863366,28634449,Nairobi,Pharmacy,2025-02-05,17,0.9,4910.0,0,0,0.09,0
DL-13715,Njeri Supplies,0797220431,26109672,Kisumu,Pharmacy,2025-08-04,11,1.9,8410.0,2,2,0.29,1
DL-11657,Wairimu Shop,0735940057,29871243,Nairobi,General shop,2024-03-12,28,0.1,,1,0,0.0,0
DL-12415,Kamau Enterprises,0722510798,29706791,Meru,Agrovet,2023-12-13,31,0.8,5820.0,0,4,0.56,0
DL-14212,Otieno Duka,0762325455,17537186,Nairobi,General shop,2026-01-01,6,2.0,7610.0,0,2,0.5,0
DL-10268,Otieno Shop,0775235399,21680194,Kisumu,General shop,2025-07-05,12,0.5,5760.0,1,1,0.0,0
DL-12356,Kiprop Traders,0798838935,38603500,Uasin Gishu,Pharmacy,2024-10-08,21,0.2,3360.0,1,0,0.5,0
DL-13380,Omondi Duka,0792472219,35790280,Kiambu,Pharmacy,2025-06-05,13,3.4,11680.0,1,2,0.27,0
DL-14207,Achieng Shop,0759200547,28096796,Kiambu,Mini mart,2026-01-31,5,2.8,3810.0,0,1,0.14,0
DL-11536,Achieng Traders,0738167881,36177842,Nairobi,General shop,2024-06-10,25,2.6,7450.0,2,1,0.48,0
DL-11002,Wafula Enterprises,0728546293,17216419,Mombasa,,2025-10-03,9,1.8,3970.0,1,3,0.31,0
DL-11242,Barasa Traders,0760967546,37417746,Nairobi,Electronics,2025-09-03,10,0.9,7170.0,2,2,0.0,0
DL-11647,Chebet Mart,0772125689,33235375,Kiambu,Mini mart,2025-06-05,13,3.2,7830.0,0,0,0.21,1
DL-10978,Atieno Mini Mart,0760363152,25116770,Nairobi,General shop,2022-08-20,47,0.8,1990.0,3,0,0.4,0
DL-14201,Chebet Stores,0717537609,25752009,Nairobi,Mini mart,2024-03-12,28,2.3,10140.0,3,3,0.43,0
DL-14666,Njeri Mart,0799565094,33749944,Nairobi,General shop,2025-04-06,15,1.6,6090.0,1,0,0.26,0
DL-12869,Auma Mini Mart,0757835265,16865027,Kiambu,Mini mart,2023-08-15,35,0.5,3340.0,0,1,0.0,0
DL-12673,Barasa Traders,0770083141,15632137,Meru,General shop,2025-06-05,13,1.1,5140.0,1,1,0.31,0
DL-10107,Wanjiku Mini Mart,0753520165,32826683,Nairobi,General shop,2025-06-05,13,0.4,,1,1,0.6,0
DL-13206,Achieng Stores,0753945239,16850645,Kisumu,General shop,2025-05-06,14,2.2,4970.0,2,5,0.42,1
DL-12752,Achieng Supplies,0769104074,14769016,Mombasa,Pharmacy,2024-02-11,29,1.4,6450.0,0,2,0.53,0
DL-13855,Otieno Duka,0781614016,15816333,Machakos,General shop,2024-08-09,23,2.2,7520.0,1,0,0.26,0
DL-11937,Nyambura Enterprises,0747934486,18313061,Nairobi,Mini mart,2021-07-26,60,1.8,2400.0,2,2,0.48,0
DL-11413,Chebet Supplies,0741770299,15151051,Nakuru,Electronics,2023-02-16,41,0.8,8800.0,1,5,0.2,0
DL-11256,Wafula Supplies,0724547550,11232168,Mombasa,General shop,2026-03-02,4,5.2,2820.0,1,2,0.24,0
DL-14504,Otieno Mini Mart,0713271880,20902095,Kiambu,Mini mart,2024-01-12,30,1.2,6000.0,1,2,0.21,0
DL-13823,Kiprop Shop,0793311907,12035464,Kisumu,General shop,2026-01-31,5,2.0,3460.0,8,9,0.2,1
DL-14847,Kamau Supplies,0715636637,32161908,Kisumu,Hardware,2024-11-07,20,0.8,6630.0,1,0,0.0,0
DL-14921,Kamau Duka,0762065636,11448557,Kisumu,General shop,2025-01-06,18,3.3,9750.0,1,5,0.12,0
DL-10457,Wairimu Shop,0752161903,12254363,Mombasa,Electronics,2025-10-03,9,1.4,,0,1,0.31,0
DL-13323,Otieno Enterprises,0729155892,25640333,Nakuru,General shop,2025-04-06,15,1.7,6770.0,0,0,0.35,0
DL-14344,Barasa Stores,0799324616,24791162,Kisumu,Mini mart,2024-09-08,22,4.6,5980.0,1,1,0.35,0
DL-12754,Chebet Duka,0722157532,29356456,Uasin Gishu,General shop,2025-10-03,9,0.2,2260.0,1,1,0.0,0
DL-10576,Chebet Mini Mart,0786613128,25725082,Nakuru,Electronics,2023-11-13,32,1.1,2660.0,1,0,0.15,0
DL-14446,Wanjiku Duka,0761232982,36779143,Nairobi,General shop,2025-09-03,10,0.2,10280.0,0,0,0.5,0
DL-13342,Mutua Supplies,0788338026,21378472,Kiambu,Agrovet,2024-02-11,29,3.5,10170.0,3,4,0.29,0
DL-12140,Atieno Mini Mart,0758519117,23974019,Meru,General shop,2024-11-07,20,2.1,,1,4,0.32,0
DL-10816,Wairimu Shop,0723567555,24211758,Nairobi,General shop,2025-07-05,12,0.8,9300.0,1,1,0.0,0
DL-14166,Wafula Enterprises,0794543934,34872720,Kisumu,Pharmacy,2025-08-04,11,2.9,6030.0,3,7,0.06,1
DL-14126,Wafula Mini Mart,0737959454,21288564,Kiambu,General shop,2025-12-02,7,1.0,3750.0,1,0,0.14,1
DL-10855,Njeri Traders,0760775550,29855023,Mombasa,Electronics,2026-01-31,5,0.4,4180.0,2,1,0.0,0
DL-12917,Barasa Mart,0783618412,23147724,Mombasa,Pharmacy,2024-06-10,25,0.4,4660.0,0,0,0.4,0
DL-11025,Kamau Enterprises,0711644413,33983822,Nairobi,Mini mart,2023-11-13,32,0.6,3370.0,1,0,0.43,0
DL-10142,Wafula Traders,0728695252,38655778,Mombasa,Hardware,2024-08-09,23,1.4,,2,4,0.12,1
DL-12865,Chebet Enterprises,0730003447,32394698,Mombasa,Electronics,2024-07-10,24,2.7,5860.0,1,1,0.09,1
DL-13530,Mutua Enterprises,0743496740,17532855,Nairobi,Pharmacy,2025-03-07,16,0.9,4840.0,1,0,0.27,0
DL-12024,Wafula Mart,0714116979,35125499,Meru,Electronics,2025-07-05,12,1.8,5030.0,1,1,0.48,0
DL-11473,Omondi Mini Mart,0750396904,11430645,Uasin Gishu,Mini mart,2025-03-07,16,1.7,2230.0,2,3,0.1,0
DL-12210,Barasa Supplies,0749499788,28838980,Nairobi,Mini mart,2025-12-02,7,1.9,,3,3,0.23,0
DL-10333,Wairimu Shop,0760409799,21836663,Kiambu,Pharmacy,2023-06-16,37,2.9,2460.0,5,2,0.23,0
DL-10861,Wafula Mart,0783623440,32016117,Kisumu,General shop,2025-03-07,16,0.5,4760.0,1,1,0.33,0
DL-14702,Achieng Stores,0727156416,24223679,Nakuru,Mini mart,2025-08-04,11,1.2,2680.0,1,2,0.54,1
DL-10616,Barasa Stores,0796615816,31728553,Kiambu,Hardware,2026-01-01,6,3.3,5300.0,0,5,0.35,0
DL-14007,Njeri Stores,0742324175,39606165,Meru,General shop,2023-11-13,32,2.1,3600.0,3,1,0.16,0
DL-13832,Chebet Mart,0763632369,12119070,Meru,Agrovet,2024-03-12,28,1.0,10570.0,1,3,0.08,0
DL-14619,Nyambura Enterprises,0796400681,24248877,Kiambu,,2026-01-31,5,0.6,11120.0,1,3,0.0,1
DL-13710,Njeri Enterprises,0777217077,12444811,Kiambu,General shop,2023-06-16,37,0.8,4460.0,3,2,0.22,0
DL-13498,Mutua Enterprises,0778884053,16269706,Nakuru,Mini mart,2025-01-06,18,4.9,3870.0,7,16,0.22,1
DL-14208,Kiprop Mini Mart,0790947317,17817961,Nakuru,Mini mart,2023-09-14,34,1.3,9080.0,1,0,0.19,0
DL-13354,Barasa Stores,0747084528,15246341,Mombasa,Hardware,2025-06-05,13,1.7,4870.0,0,0,0.4,0
DL-10570,Omondi Supplies,0779049012,13360838,Nairobi,Agrovet,2025-02-05,17,0.6,6240.0,0,0,0.14,0
DL-12758,Kiprop Duka,0717519332,29817764,Nairobi,General shop,2025-10-03,9,0.4,5630.0,2,2,0.0,0
DL-13836,Kiprop Duka,0761403062,34737185,Kisumu,Agrovet,2025-05-06,14,0.2,3760.0,1,1,0.5,0
DL-14385,Wafula Mart,0755950544,14654916,Machakos,Agrovet,2022-08-20,47,1.8,7060.0,2,1,0.05,0
DL-10931,Njeri Stores,0730096860,35983657,Uasin Gishu,Pharmacy,2026-04-01,3,0.3,7940.0,0,0,0.0,1
DL-10327,Atieno Mini Mart,0743394879,15892776,Nakuru,Mini mart,2026-01-01,6,0.5,8060.0,2,0,0.67,0
DL-11814,Kamau Traders,0771803187,17118867,Nairobi,Hardware,2024-04-11,27,0.7,7280.0,0,0,0.12,0
DL-11180,Wafula Duka,0794475242,38788804,Mombasa,Electronics,2026-03-02,4,2.0,2930.0,3,3,0.12,0
DL-12627,Omondi Duka,0773456968,26594984,Kiambu,Mini mart,2024-01-12,30,2.0,4510.0,3,5,0.25,0
DL-11401,Omondi Mart,0730048886,16307099,Mombasa,Hardware,2022-02-21,53,2.2,6340.0,6,4,0.3,0
DL-12005,Auma Shop,0746102085,17466920,Nairobi,Hardware,2025-01-06,18,2.7,3180.0,1,5,0.06,1
DL-11578,Wanjiku Shop,0757998637,21904784,Machakos,Mini mart,2024-06-10,25,0.4,3450.0,2,1,0.0,0
DL-12905,Njeri Enterprises,0733191126,11941947,Kiambu,Hardware,2026-04-01,3,0.3,6330.0,1,0,0.0,0
DL-13581,Auma Mini Mart,0748072520,16208560,Nakuru,General shop,2024-04-11,27,1.8,,0,3,0.24,0
DL-10925,Auma Enterprises,0784666173,21847196,Uasin Gishu,Hardware,2023-10-14,33,0.4,3780.0,1,0,0.2,0
DL-13441,Chebet Mini Mart,0750849235,34367736,Uasin Gishu,Agrovet,2025-11-02,8,0.5,3130.0,2,0,0.25,0
DL-13049,Wafula Stores,0727357111,28455549,Mombasa,General shop,2026-01-31,5,0.8,19010.0,1,2,0.25,1
DL-14943,Wafula Stores,0724619058,19001459,Nakuru,General shop,2025-03-07,16,1.4,9750.0,2,1,0.29,0
DL-10951,Achieng Shop,0732047964,23962567,Mombasa,Agrovet,2026-03-02,4,2.2,10300.0,0,1,0.11,1
DL-14157,Kamau Duka,0722434482,12932550,Machakos,Mini mart,2026-01-31,5,0.8,2570.0,1,1,0.5,0
DL-13782,Atieno Shop,0770359004,33221351,Uasin Gishu,Electronics,2025-07-05,12,1.1,7190.0,0,3,0.0,0
DL-13643,Nyambura Enterprises,0711006512,28528068,Nairobi,General shop,2022-09-19,46,0.5,9350.0,0,0,0.17,0
DL-12292,Barasa Mart,0714324789,13086986,Machakos,General shop,2025-02-05,17,2.3,,0,3,0.11,0
DL-12369,Wairimu Shop,0716754431,10952075,Mombasa,Mini mart,2022-05-22,50,2.1,5890.0,0,0,0.44,0
DL-10787,Wairimu Supplies,0750513889,34302240,Kisumu,Mini mart,2026-03-02,4,0.5,6860.0,5,0,0.5,1
DL-10854,Wairimu Shop,0761801469,27243629,Mombasa,General shop,2025-08-04,11,0.6,2700.0,1,1,0.14,0
DL-10615,Wairimu Supplies,0759763380,38350112,Kisumu,Agrovet,2024-06-10,25,0.8,2590.0,0,0,0.1,0
DL-13867,Njeri Mart,0761803652,12968839,Kiambu,Hardware,2026-01-31,5,1.0,4220.0,0,0,1.0,1
DL-14962,Wanjiku Supplies,0730075396,33286963,Uasin Gishu,Hardware,2025-04-06,15,0.9,7600.0,0,0,0.64,0
DL-13179,Achieng Mini Mart,0713799298,19874150,Mombasa,General shop,2025-03-07,16,2.0,5530.0,0,2,0.33,0
DL-13499,Mwangi Supplies,0771693875,32890876,Machakos,Mini mart,2025-09-03,10,3.8,2790.0,0,0,0.13,0
DL-14266,Chebet Mart,0722289588,11924414,Mombasa,General shop,2025-01-06,18,0.4,3790.0,2,1,0.2,0
DL-14645,Mwangi Shop,0758116709,22721942,Kiambu,General shop,2026-05-01,2,2.5,3050.0,1,0,0.4,0
DL-11832,Barasa Enterprises,0798032301,37858578,Kiambu,Electronics,2023-04-17,39,1.3,13520.0,0,1,0.12,0
DL-10280,Chebet Supplies,0761068491,10710902,Nairobi,Mini mart,2025-10-03,9,0.9,4810.0,1,2,0.25,0
DL-11124,Mwangi Traders,0764662961,15090047,Kiambu,Hardware,2024-05-11,26,2.2,7820.0,1,8,0.15,0
DL-12929,Njeri Stores,0722751570,30606838,Kisumu,General shop,2024-12-07,19,2.1,12130.0,1,2,0.48,0
DL-12695,Kamau Duka,0777449607,14195882,Mombasa,,2024-11-07,20,0.7,10840.0,0,0,0.12,0
DL-14889,Kamau Supplies,0772300852,18017831,Nairobi,General shop,2025-07-05,12,0.2,8320.0,1,0,0.33,0
DL-13679,Barasa Mini Mart,0741656285,24817353,Kisumu,General shop,2025-07-05,12,1.5,9220.0,0,0,0.11,0
DL-14302,Wanjiku Enterprises,0725893070,35952920,Meru,General shop,2024-01-12,30,2.2,3550.0,5,4,0.23,0
DL-13164,Barasa Traders,0749822584,10512924,Uasin Gishu,General shop,2024-05-11,26,0.3,5280.0,1,1,0.0,0
DL-11030,Achieng Shop,0797358167,39445631,Kisumu,Electronics,2025-03-07,16,1.2,3550.0,9,6,0.27,1
DL-12233,Otieno Mart,0719434806,10167076,Nakuru,Hardware,2025-11-02,8,0.2,9620.0,1,1,0.0,0
DL-12932,Njeri Shop,0744619765,22519179,Nairobi,Mini mart,2025-08-04,11,1.8,3380.0,0,1,0.3,0
DL-11318,Nyambura Traders,0730399212,22604878,Nakuru,Pharmacy,2025-09-03,10,1.2,5720.0,0,0,0.17,0
DL-13154,Mwangi Shop,0732963581,21984740,Nairobi,Mini mart,2023-10-14,33,1.3,3440.0,1,1,0.12,0
DL-12915,Kamau Supplies,0765041895,14755058,Mombasa,Mini mart,2023-02-16,41,1.6,8420.0,1,0,0.16,0
DL-10056,Chebet Mini Mart,0720184452,14827247,Machakos,General shop,2025-01-06,18,0.6,2620.0,0,0,0.29,0
DL-13199,Kamau Mini Mart,0745181862,11649114,Kiambu,Mini mart,2022-03-23,52,0.8,3810.0,0,1,0.11,0
DL-10844,Njeri Stores,0739300285,39329511,Nairobi,Mini mart,2021-07-26,60,0.9,12320.0,0,1,0.09,0
DL-12330,Atieno Enterprises,0772153577,22593075,Kiambu,Electronics,2024-09-08,22,0.7,4070.0,1,1,0.25,0
DL-10189,Omondi Traders,0785386241,19027541,Nairobi,Pharmacy,2021-07-26,60,2.2,6450.0,2,1,0.15,0
DL-10771,Wanjiku Mart,0711743934,26735522,Uasin Gishu,Mini mart,2025-06-05,13,2.1,4360.0,2,1,0.24,0
DL-12303,Wafula Traders,0733037973,30859065,Nairobi,Pharmacy,2024-02-11,29,0.8,7110.0,0,3,0.11,0
DL-11353,Wairimu Enterprises,0768841435,12248269,Meru,General shop,2026-01-31,5,1.0,3870.0,0,0,0.2,1
DL-12283,Njeri Supplies,0783916163,22619394,Nairobi,General shop,2024-07-10,24,0.6,8640.0,1,0,0.29,0
DL-14770,Njeri Traders,0797976990,31612382,Kiambu,Mini mart,2025-03-07,16,2.2,7180.0,1,1,0.3,1
DL-13612,Omondi Duka,0718529034,25245783,Nakuru,Mini mart,2025-08-04,11,1.2,2930.0,0,1,0.0,0
DL-11286,Kiprop Supplies,0747670783,37257446,Meru,Pharmacy,2024-10-08,21,1.4,9550.0,2,6,0.06,1
DL-12391,Wafula Supplies,0767158184,11979427,Nairobi,General shop,2025-07-05,12,0.2,3560.0,0,0,0.67,0
DL-11811,Barasa Enterprises,0786924541,39229470,Nairobi,Mini mart,2025-07-05,12,2.3,2370.0,0,0,0.5,0
DL-10338,Wairimu Traders,0725654827,11046078,Kiambu,Electronics,2025-08-04,11,1.9,6730.0,1,3,0.29,0
DL-14683,Kiprop Supplies,0787910245,23407318,Nakuru,Electronics,2024-09-08,22,1.2,,1,0,0.14,0
DL-13038,Atieno Supplies,0770211470,19642664,Nairobi,Agrovet,2024-08-09,23,1.2,3770.0,0,1,0.5,0
DL-11428,Omondi Mart,0722992093,22452652,Nakuru,Mini mart,2024-01-12,30,1.2,3640.0,0,0,0.0,0
DL-10370,Achieng Shop,0777014314,30668208,Kiambu,Electronics,2024-07-10,24,4.4,7830.0,6,7,0.21,0
DL-14202,Achieng Enterprises,0786436684,21591949,Nairobi,General shop,2023-11-13,32,0.7,5870.0,1,0,0.12,0
DL-14000,Otieno Traders,0731707854,24916441,Nakuru,General shop,2026-03-02,4,0.2,3810.0,1,0,0.0,0
DL-10315,Barasa Enterprises,0788915749,27245039,Nairobi,Mini mart,2024-08-09,23,1.8,9940.0,3,3,0.14,0
DL-12568,Nyambura Duka,0740444798,29768489,Kiambu,Agrovet,2024-05-11,26,3.2,,10,11,0.21,1
DL-13192,Auma Enterprises,0772758188,27314484,Nairobi,Electronics,2024-02-11,29,1.7,6360.0,2,1,0.3,0
DL-13373,Otieno Duka,0796452591,28255175,Nairobi,General shop,2024-07-10,24,4.3,5040.0,3,6,0.21,0
DL-10207,Kamau Shop,0725199266,17053007,Kiambu,Mini mart,2024-03-12,28,1.3,4920.0,1,1,0.12,0
DL-11442,Achieng Supplies,0784277202,22417914,Nairobi,Electronics,2024-07-10,24,0.2,4220.0,2,2,0.33,0
DL-10368,Auma Stores,0760173360,20342060,Nakuru,Mini mart,2026-01-01,6,0.2,4260.0,0,0,0.0,0
DL-14922,Wafula Mini Mart,0780311807,12527999,Uasin Gishu,General shop,2022-01-22,54,1.2,5210.0,1,4,0.27,0
DL-12641,Auma Mini Mart,0762438538,25230274,Kiambu,General shop,2024-05-11,26,1.8,8830.0,0,2,0.43,0
DL-14623,Wafula Mart,0712127780,25864369,Uasin Gishu,General shop,2025-02-05,17,2.0,5580.0,3,6,0.12,0
DL-12704,Omondi Traders,0754853919,24721719,Nairobi,General shop,2025-04-06,15,0.3,3080.0,1,0,0.5,0
DL-11381,Mutua Mart,0725696329,23544686,Kiambu,General shop,2025-03-07,16,0.7,3720.0,1,3,0.25,0
DL-11034,Wanjiku Mini Mart,0791769149,32844683,Mombasa,Pharmacy,2023-10-14,33,0.1,,1,0,0.0,0
DL-13601,Kiprop Traders,0773158184,35103837,Nakuru,Pharmacy,2024-07-10,24,0.5,5800.0,2,1,0.0,0
DL-13681,Mwangi Mini Mart,0710246588,26163454,Nakuru,Mini mart,2024-12-07,19,0.4,2650.0,1,0,0.6,0
DL-13608,Chebet Supplies,0722108004,10079275,Uasin Gishu,Mini mart,2025-11-02,8,1.1,4000.0,1,3,0.33,0
DL-12849,Omondi Shop,0769743787,30651743,Nairobi,Electronics,2024-09-08,22,2.2,6190.0,2,2,0.15,0
DL-14354,Omondi Shop,0745819888,32860531,Kiambu,Agrovet,2025-02-05,17,0.5,8650.0,2,0,0.0,0
DL-10905,Otieno Traders,0743017971,28786121,Kiambu,General shop,2024-03-12,28,2.9,4050.0,2,3,0.03,0
DL-12844,Atieno Supplies,0789690135,12140209,Kiambu,Pharmacy,2024-06-10,25,0.8,13110.0,2,3,0.4,1
DL-12722,Barasa Mini Mart,0756734028,23525578,Kisumu,General shop,2024-05-11,26,2.0,5740.0,5,5,0.5,0
DL-10178,Kamau Duka,0748615970,34328109,Nakuru,General shop,2024-02-11,29,2.9,5120.0,2,2,0.23,0
DL-11006,Kamau Duka,0758103205,33080349,Nairobi,Pharmacy,2025-07-05,12,1.4,9100.0,0,0,0.18,0
DL-12583,Auma Traders,0711511440,21480655,Nakuru,Electronics,2024-09-08,22,0.7,3890.0,1,0,0.25,0
DL-13491,Auma Traders,0730477314,15533567,Kiambu,Pharmacy,2026-03-02,4,0.2,,0,1,1.0,0
DL-10608,Nyambura Supplies,0730873550,14680112,Nakuru,Agrovet,2026-01-31,5,2.2,4060.0,3,6,0.45,1
DL-13561,Mwangi Mini Mart,0730291969,22632559,Machakos,Mini mart,2024-06-10,25,1.2,6100.0,0,0,0.0,0
DL-10001,Auma Supplies,0711319436,38185666,Nairobi,General shop,2024-03-12,28,1.2,,3,3,0.27,0
DL-12383,Omondi Duka,0730811156,15930138,Nairobi,Mini mart,2023-06-16,37,2.8,9650.0,0,3,0.35,0
DL-13185,Nyambura Enterprises,0774176449,10050198,Nakuru,Mini mart,2026-01-31,5,0.6,2700.0,0,0,0.33,0
DL-11640,Atieno Enterprises,0765498857,10630049,Kisumu,General shop,2024-04-11,27,0.9,3550.0,1,0,0.18,1
DL-11422,Barasa Supplies,0761570515,20671293,Nairobi,Mini mart,2024-06-10,25,0.4,6100.0,3,0,0.2,0
DL-10648,Njeri Traders,0732418969,38903013,Nairobi,Pharmacy,2024-02-11,29,1.4,5850.0,0,0,0.47,0
DL-12607,Achieng Shop,0743536319,10281586,Kiambu,Mini mart,2026-03-02,4,0.5,3700.0,0,0,0.5,0
DL-14438,Wafula Supplies,0779837329,12614931,Kiambu,Agrovet,2024-07-10,24,1.0,9550.0,1,3,0.08,0
DL-13927,Wairimu Shop,0757002463,11667898,Nakuru,General shop,2024-05-11,26,0.2,9140.0,0,1,0.0,0
DL-11310,Nyambura Stores,0758488579,27227714,Kiambu,General shop,2025-04-06,15,1.7,5950.0,1,2,0.25,0
DL-14231,Njeri Supplies,0764768598,37677337,Mombasa,Agrovet,2023-11-13,32,0.4,6470.0,0,0,1.0,0
DL-11612,Auma Stores,0797053611,32150493,Mombasa,General shop,2024-12-07,19,0.3,8070.0,0,0,0.25,0
DL-14556,Wanjiku Duka,0737715051,19051688,Nairobi,Agrovet,2024-11-07,20,0.3,13900.0,2,0,0.0,0
DL-12847,Omondi Supplies,0790742740,11539886,Nairobi,General shop,2024-12-07,19,3.4,4240.0,3,2,0.12,0
DL-13672,Wanjiku Supplies,0772260951,28869865,Machakos,Mini mart,2024-05-11,26,0.9,5230.0,0,0,0.27,0
DL-12803,Wafula Shop,0720133732,24646594,Kiambu,Hardware,2021-07-26,60,0.9,3090.0,1,0,0.64,0
DL-11716,Mwangi Duka,0798639639,39299023,Nairobi,Electronics,2024-11-07,20,0.6,11370.0,2,1,0.29,1
DL-14205,Wafula Enterprises,0747259857,38414435,Kiambu,,2024-04-11,27,0.2,4650.0,0,0,0.5,0
DL-12662,Barasa Duka,0731445703,37380607,Nairobi,General shop,2024-12-07,19,1.5,4520.0,2,4,0.5,0
DL-12762,Wanjiku Mart,0726501033,27038450,Kisumu,General shop,2024-06-10,25,4.3,3560.0,2,7,0.17,1
DL-10352,Otieno Duka,0797915844,33128377,Mombasa,Hardware,2026-05-31,1,1.0,5620.0,2,0,1.0,1
DL-12234,Omondi Traders,0741143509,29686255,Kiambu,Hardware,2025-12-02,7,1.4,4690.0,3,0,0.2,1
DL-14293,Auma Traders,0776177118,12461878,Mombasa,Pharmacy,2025-04-06,15,0.8,9560.0,1,0,0.11,0
DL-13655,Kamau Shop,0731246886,20337321,Kiambu,Hardware,2023-04-17,39,2.2,64610.0,1,1,0.48,0
DL-14040,Kiprop Supplies,0727253907,37905947,Nairobi,Mini mart,2025-12-02,7,0.1,2980.0,1,0,0.0,0
DL-14561,Wairimu Mini Mart,0763897414,29315489,Kisumu,Electronics,2023-05-17,38,3.1,5190.0,4,3,0.32,0
DL-12309,Mwangi Traders,0730934974,25493347,Nairobi,General shop,2026-01-01,6,1.8,6840.0,1,2,0.64,0
DL-13727,Barasa Traders,0760307588,15281705,Mombasa,,2025-01-06,18,0.3,7400.0,0,0,0.25,0
DL-10385,Kamau Supplies,0781134579,14371575,Nairobi,General shop,2024-03-12,28,0.8,5810.0,2,0,0.67,0
DL-12300,Barasa Shop,0756096631,38627590,Nairobi,Pharmacy,2025-12-02,7,0.3,3270.0,1,0,0.5,0
DL-14489,Atieno Traders,0731237066,20956200,Meru,Pharmacy,2025-07-05,12,0.8,4510.0,1,1,0.33,1
DL-10074,Otieno Mini Mart,0729707177,28593991,Nairobi,Electronics,2025-04-06,15,0.6,,2,2,0.14,0
DL-10316,Mwangi Mart,0782963118,29611288,Kiambu,Mini mart,2025-07-05,12,0.7,14270.0,0,1,0.75,0
DL-11468,Otieno Supplies,0731524154,29179903,Nairobi,Mini mart,2024-10-08,21,1.1,8660.0,0,0,0.23,0
DL-11454,Wanjiku Supplies,0720431815,23054746,Nairobi,General shop,2023-10-14,33,0.7,8050.0,2,1,0.5,0
DL-11147,Kiprop Enterprises,0755049971,20780062,Nairobi,Pharmacy,2024-08-09,23,1.2,5180.0,3,3,0.27,0
DL-13087,Chebet Duka,0741467784,26902440,Nairobi,Hardware,2024-07-10,24,0.8,6980.0,0,0,0.89,0
DL-14021,Njeri Duka,0746968357,25089628,Kisumu,General shop,2023-02-16,41,2.9,9910.0,0,1,0.09,0
DL-11306,Wanjiku Mart,0720805099,33325539,Nairobi,,2025-05-06,14,1.7,8320.0,0,0,0.1,0
DL-13810,Barasa Duka,0781741764,29565351,Nairobi,Agrovet,2026-04-01,3,0.3,4670.0,1,0,0.0,0
DL-13936,Mutua Mart,0756484961,17970201,Uasin Gishu,Pharmacy,2026-01-31,5,2.0,14830.0,2,0,0.0,0
DL-10423,Chebet Shop,0762657970,38574671,Nakuru,Mini mart,2022-04-22,51,4.8,6240.0,1,0,0.52,0
DL-12371,Wanjiku Shop,0784081633,39797647,Uasin Gishu,Pharmacy,2025-12-02,7,3.1,6700.0,1,2,0.14,0
DL-13589,Kiprop Shop,0753164783,17332986,Nairobi,General shop,2025-01-06,18,1.8,15570.0,1,3,0.1,1
DL-14535,Achieng Traders,0793440422,28794206,Mombasa,General shop,2024-12-07,19,1.0,7360.0,0,0,0.17,0
DL-11472,Mwangi Mini Mart,0737959484,35333455,Kisumu,Agrovet,2023-10-14,33,1.3,14000.0,0,1,0.75,0
DL-12432,Wafula Shop,0710471556,37486784,Nairobi,General shop,2025-08-04,11,2.3,8780.0,0,1,0.08,0
DL-12791,Barasa Stores,0790315564,34324230,Nairobi,General shop,2025-04-06,15,0.4,4980.0,2,1,0.4,1
DL-10286,Kamau Mart,0749725521,29091046,Nakuru,General shop,2025-04-06,15,2.2,,2,1,0.11,0
DL-12837,Kamau Supplies,0777534706,11483223,Nairobi,General shop,2024-06-10,25,1.1,3610.0,1,2,0.15,0
DL-11016,Mutua Stores,0773482852,18721616,Nakuru,General shop,2026-01-01,6,1.7,4110.0,4,2,0.5,0
DL-10984,Wafula Shop,0798745467,25032109,Nairobi,Electronics,2025-06-05,13,0.9,6560.0,0,0,0.55,0
DL-13859,Otieno Shop,0777004340,12335532,Mombasa,General shop,2024-12-07,19,2.0,6250.0,4,6,0.08,1
DL-10262,Kiprop Supplies,0739599282,36598179,Nakuru,Hardware,2025-12-02,7,0.7,2480.0,0,0,0.6,0
DL-10429,Wairimu Duka,0770661193,35033695,Meru,Hardware,2025-06-05,13,0.6,12580.0,0,0,0.71,0
DL-11792,Wairimu Enterprises,0736824662,17350414,Nairobi,General shop,2025-10-03,9,0.7,3200.0,0,0,0.5,0
DL-14115,Mwangi Shop,0728411041,38074971,Meru,Mini mart,2025-02-05,17,0.5,9450.0,3,3,0.5,1
DL-14760,Mwangi Mini Mart,0775567040,22325647,Nakuru,Mini mart,2026-01-01,6,0.3,7160.0,1,0,0.0,0
DL-14565,Atieno Duka,0712431697,14512765,Mombasa,Mini mart,2023-12-13,31,1.8,4160.0,5,2,0.32,1
DL-10806,Omondi Mini Mart,0721441126,30153847,Kiambu,,2023-07-16,36,1.8,6750.0,5,5,0.33,0
DL-12771,Otieno Enterprises,0715765264,26963541,Nairobi,General shop,2024-11-07,20,0.4,4170.0,3,2,0.0,1
DL-12969,Wairimu Shop,0755971921,33137434,Meru,Agrovet,2025-05-06,14,0.1,18600.0,0,0,1.0,1
DL-13474,Nyambura Duka,0790262339,13916803,Nairobi,General shop,2024-11-07,20,2.1,5900.0,1,4,0.16,0
DL-12035,Nyambura Shop,0763066068,37124374,Uasin Gishu,Agrovet,2024-06-10,25,2.0,5460.0,1,1,0.38,0
DL-10342,Kiprop Traders,0758844225,39944819,Mombasa,General shop,2021-07-26,60,0.9,4020.0,2,1,0.73,0
DL-13974,Wairimu Supplies,0757146345,10560533,Mombasa,Pharmacy,2024-12-07,19,0.5,10850.0,1,1,0.33,0
DL-12725,Omondi Traders,0710169399,11361489,Nairobi,Electronics,2025-12-02,7,2.3,3230.0,0,3,0.94,1
DL-14111,Kamau Shop,0779256428,38975504,Nakuru,General shop,2024-06-10,25,1.3,3420.0,0,1,0.5,0
DL-14596,Njeri Duka,0767914448,34810348,Nairobi,,2025-01-06,18,0.6,4810.0,1,1,0.43,0
DL-10842,Omondi Duka,0777466665,32428319,Machakos,General shop,2025-08-04,11,1.0,4990.0,2,3,0.55,0
DL-10051,Omondi Duka,0743963925,14950124,Nairobi,Electronics,2025-11-02,8,2.8,7480.0,4,3,0.09,0
DL-14186,Barasa Enterprises,0753111271,30900717,Machakos,Pharmacy,2025-01-06,18,1.3,4450.0,1,1,0.06,0
DL-14278,Chebet Mini Mart,0774254459,29817433,Uasin Gishu,Mini mart,2025-10-03,9,0.1,3460.0,0,0,1.0,1
DL-13132,Chebet Mini Mart,0779879212,17510506,Nakuru,Pharmacy,2024-05-11,26,0.9,5530.0,1,1,0.0,0
DL-13967,Wanjiku Shop,0746343852,21267079,Kiambu,Pharmacy,2024-08-09,23,2.8,7010.0,3,3,0.62,0
DL-13642,Kiprop Shop,0764316107,33685906,Nakuru,General shop,2025-05-06,14,0.8,2040.0,0,0,0.67,0
DL-10831,Mwangi Supplies,0762509732,23616343,Mombasa,General shop,2024-12-07,19,1.0,4040.0,0,0,0.17,0
DL-11323,Nyambura Mart,0713873967,27617923,Nakuru,Mini mart,2023-02-16,41,2.6,3410.0,1,0,0.06,0
DL-10560,Otieno Traders,0756539449,15600583,Uasin Gishu,General shop,2025-12-02,7,1.4,4770.0,1,2,0.0,0
DL-11855,Nyambura Mart,0765597939,27734933,Meru,Electronics,2025-07-05,12,1.6,1910.0,3,2,0.32,1
DL-13435,Kiprop Traders,0772833626,11553930,Machakos,Pharmacy,2023-12-13,31,1.5,15580.0,0,7,0.39,1
DL-11758,Atieno Traders,0795954761,37642172,Nairobi,Mini mart,2024-12-07,19,0.9,5540.0,1,0,0.09,0
DL-11383,Wafula Mart,0771673219,12645508,Kiambu,Pharmacy,2025-03-07,16,2.3,3300.0,1,2,0.43,0
DL-13424,Achieng Mart,0768348291,13268461,Nakuru,Mini mart,2023-08-15,35,1.2,9140.0,4,0,0.27,0
DL-10326,Wairimu Enterprises,0757920351,13542284,Kiambu,General shop,2024-05-11,26,2.8,5580.0,4,4,0.27,0
DL-10075,Wairimu Mini Mart,0719473425,36781581,Kiambu,Hardware,2026-04-01,3,0.3,7830.0,0,0,0.0,0
DL-10638,Chebet Stores,0799879348,21548134,Nairobi,Pharmacy,2025-02-05,17,4.9,3830.0,1,6,0.07,1
DL-14232,Omondi Mini Mart,0795299013,39382839,Meru,General shop,2022-12-18,43,0.5,3160.0,0,1,0.17,0
DL-13224,Njeri Enterprises,0742216827,26801188,Nakuru,Mini mart,2021-07-26,60,0.6,8950.0,1,0,0.14,0
DL-12400,Otieno Enterprises,0770803464,35743433,Mombasa,Pharmacy,2022-03-23,52,1.3,5800.0,0,3,0.31,0
DL-14781,Omondi Stores,0740873495,38423182,Kisumu,Agrovet,2025-04-06,15,1.0,9830.0,0,1,0.0,0
DL-12974,Kiprop Stores,0749689104,31150290,Kisumu,,2022-02-21,53,0.2,3060.0,1,0,0.0,0
DL-13419,Mutua Traders,0793101935,20965484,Meru,Pharmacy,2022-11-18,44,2.8,3230.0,0,1,0.03,0
DL-10694,Omondi Mart,0741656505,13743740,Uasin Gishu,Hardware,2025-11-02,8,0.1,4540.0,0,0,0.0,1
DL-10813,Auma Stores,0770419700,21401006,Nairobi,General shop,2023-11-13,32,3.4,6570.0,1,0,0.32,0
DL-13545,Mwangi Supplies,0735450861,27318271,Nairobi,Mini mart,2025-04-06,15,2.2,8090.0,2,3,0.22,0
DL-13841,Kiprop Shop,0772138587,27671242,Kiambu,General shop,2023-10-14,33,1.3,4080.0,1,3,0.12,0
DL-12167,Barasa Supplies,0761261266,25946891,Nairobi,Agrovet,2024-09-08,22,1.2,,0,2,0.21,1
DL-14204,Achieng Enterprises,0758470669,20481863,Nakuru,Pharmacy,2023-01-17,42,2.6,4020.0,0,0,0.19,0
DL-10746,Kamau Mini Mart,0716483212,15064090,Mombasa,General shop,2026-01-01,6,3.3,4960.0,1,1,0.3,0
DL-13035,Achieng Mini Mart,0756532964,25519005,Nairobi,Agrovet,2022-05-22,50,0.3,,0,0,0.5,0
DL-10956,Auma Duka,0780648698,14877501,Machakos,General shop,2024-03-12,28,1.1,2290.0,0,3,0.0,0
DL-14585,Omondi Supplies,0776562084,32974886,Nairobi,General shop,2025-07-05,12,2.9,3170.0,2,5,0.51,1
DL-10047,Mutua Stores,0710685458,16908032,Uasin Gishu,Pharmacy,2026-01-31,5,0.4,,2,1,0.0,1
DL-11225,Kamau Enterprises,0721040423,28851986,Kisumu,Electronics,2024-03-12,28,1.0,9900.0,5,4,0.0,1
DL-12006,Nyambura Mini Mart,0790389029,11077716,Nairobi,General shop,2025-03-07,16,1.7,3870.0,3,6,0.75,0
DL-13962,Omondi Enterprises,0775590998,27504432,Meru,Electronics,2026-03-02,4,0.5,1750.0,1,1,0.0,0
DL-14160,Auma Shop,0779381755,36304293,Uasin Gishu,General shop,2026-05-31,1,1.0,4180.0,1,1,0.0,1
DL-10986,Wafula Enterprises,0763345259,35475242,Kisumu,General shop,2026-01-31,5,1.6,6460.0,8,4,0.75,1
DL-10523,Wafula Mini Mart,0713791693,23211309,Nairobi,Mini mart,2025-10-03,9,1.9,12250.0,1,1,0.24,0
DL-10461,Atieno Stores,0710891029,28021811,Nairobi,Pharmacy,2023-03-18,40,4.2,,8,7,0.1,1
DL-13509,Mutua Enterprises,0722909581,22844566,Meru,General shop,2023-08-15,35,0.4,4110.0,1,0,0.2,0
DL-13664,Omondi Mini Mart,0744655636,30442524,Uasin Gishu,Electronics,2025-01-06,18,0.6,7560.0,1,1,0.0,0
DL-11214,Auma Mini Mart,0781898663,12006363,Kiambu,Pharmacy,2023-11-13,32,2.3,,0,1,0.14,0
DL-11418,Njeri Supplies,0756208064,39571160,Kiambu,Mini mart,2024-05-11,26,3.0,4120.0,6,7,0.25,1
DL-14458,Chebet Stores,0780284334,31508950,Nakuru,Pharmacy,2024-01-12,30,2.0,3450.0,0,2,0.38,0
DL-14030,Atieno Mart,0739995074,38272963,Kisumu,General shop,2025-08-04,11,2.1,3040.0,4,4,0.13,1
DL-10063,Chebet Mini Mart,0756978097,26500578,Machakos,Agrovet,2025-09-03,10,0.3,11810.0,1,0,0.33,0
DL-12344,Nyambura Stores,0779785803,19766938,Meru,Electronics,2024-04-11,27,0.8,7130.0,0,0,0.0,0
DL-14015,Auma Mini Mart,0780194071,30519959,Kiambu,Mini mart,2025-09-03,10,1.2,5490.0,5,6,0.33,1
DL-13146,Njeri Mini Mart,0787639689,34573918,Nairobi,Mini mart,2025-01-06,18,0.2,5190.0,0,1,0.33,1
DL-10677,Atieno Traders,0750314242,11752879,Nairobi,Agrovet,2024-09-08,22,0.9,4290.0,0,0,0.27,0
DL-12542,Atieno Stores,0764051393,12900128,Mombasa,General shop,2023-10-14,33,1.8,7140.0,0,0,0.05,0
DL-13214,Achieng Mart,0724346125,36651296,Nairobi,Mini mart,2025-07-05,12,0.9,6650.0,0,1,0.36,1
DL-10442,Wanjiku Mini Mart,0763602568,37687412,Nairobi,General shop,2025-03-07,16,2.0,1450.0,1,9,0.08,1
DL-11554,Omondi Traders,0798927667,31831393,Nairobi,Electronics,2026-01-01,6,0.2,6260.0,0,1,0.0,0
DL-12020,Atieno Mart,0761369132,33194428,Kisumu,General shop,2025-05-06,14,0.5,6010.0,0,0,0.33,0
DL-12211,Kamau Shop,0770489109,30382508,Nairobi,General shop,2025-02-05,17,0.8,4600.0,1,0,0.1,0
DL-13392,Omondi Supplies,0765146949,32492450,Kiambu,,2024-03-12,28,1.8,13540.0,0,0,0.48,0
DL-14513,Mwangi Enterprises,0780015881,33536108,Nairobi,Pharmacy,2025-09-03,10,2.4,7450.0,1,3,0.33,0
DL-13496,Mutua Shop,0784221978,35068359,Nairobi,Mini mart,2023-01-17,42,5.2,4900.0,4,5,0.6,1
DL-11219,Chebet Enterprises,0733677915,12991495,Uasin Gishu,General shop,2025-07-05,12,0.7,19590.0,2,1,0.5,0
DL-14424,Otieno Mart,0749409895,32897063,Kisumu,General shop,2022-10-19,45,1.2,3200.0,1,0,0.29,0
DL-13619,Otieno Traders,0732538605,26796136,Uasin Gishu,Pharmacy,2025-07-05,12,0.3,14860.0,1,2,0.5,1
DL-14976,Barasa Shop,0783706077,11782329,Kisumu,Electronics,2025-12-02,7,0.9,6180.0,2,1,0.33,0
DL-11608,Achieng Traders,0726535472,36537797,Nairobi,Mini mart,2025-11-02,8,3.6,,2,1,0.14,1
DL-13402,Chebet Enterprises,0790575600,14935154,Mombasa,Mini mart,2025-07-05,12,2.5,8650.0,3,2,0.23,0
DL-10143,Kamau Supplies,0735725579,36098345,Mombasa,Mini mart,2023-12-13,31,1.0,4180.0,0,1,0.42,0
DL-12080,Chebet Stores,0778039733,11146081,Nairobi,Pharmacy,2021-08-25,59,0.4,4190.0,2,0,0.4,0
DL-12350,Chebet Mini Mart,0796519370,36693731,Nairobi,General shop,2024-01-12,30,0.5,6590.0,1,0,0.33,0
DL-10453,Kamau Traders,0759765272,32527105,Nakuru,General shop,2025-04-06,15,2.3,4900.0,5,3,0.14,0
DL-13398,Wairimu Stores,0725029073,35982942,Kiambu,General shop,2025-04-06,15,3.3,5730.0,2,7,0.12,1
DL-10035,Wanjiku Duka,0751793563,33027829,Mombasa,Hardware,2025-11-02,8,1.4,8720.0,1,0,0.64,0
DL-13726,Wafula Shop,0757192730,20132770,Nairobi,Hardware,2023-11-13,32,2.6,3300.0,4,4,0.39,1
DL-14078,Wairimu Mini Mart,0769438681,19357451,Kiambu,Pharmacy,2024-06-10,25,1.7,4200.0,1,3,0.2,0
DL-10720,Kiprop Shop,0796297261,35568989,Machakos,Mini mart,2023-02-16,41,1.4,3180.0,2,3,0.24,0
DL-10919,Kamau Shop,0761070123,14731345,Machakos,General shop,2024-11-07,20,0.7,20070.0,0,2,0.0,0
DL-11017,Auma Enterprises,0789772063,10118673,Mombasa,General shop,2026-01-01,6,2.0,4980.0,3,4,0.33,1
DL-12178,Mutua Traders,0719017096,14828800,Nakuru,Electronics,2024-08-09,23,2.8,7170.0,0,2,0.06,0
DL-13738,Kamau Traders,0734773554,33114019,Kisumu,,2025-10-03,9,2.8,8010.0,1,3,0.12,0
DL-13801,Wafula Mini Mart,0761215532,32138545,Meru,Electronics,2026-04-01,3,3.3,6940.0,1,2,0.2,0
DL-10007,Mutua Mini Mart,0733464208,31936056,Kisumu,,2024-09-08,22,0.5,6240.0,1,1,0.0,0
DL-14620,Otieno Mart,0722496296,20674132,Nairobi,Mini mart,2026-04-01,3,0.3,1340.0,1,0,0.0,0
DL-11877,Kiprop Enterprises,0785467351,11246352,Kiambu,Electronics,2025-03-07,16,1.8,5820.0,3,5,0.05,1
DL-12164,Nyambura Mart,0757043804,12565719,Nairobi,General shop,2025-12-02,7,1.4,8200.0,2,2,0.3,0
DL-11570,Wairimu Supplies,0792100449,21157593,Meru,General shop,2025-09-03,10,0.4,5920.0,0,0,0.0,0
DL-12126,Njeri Stores,0741210806,36222720,Nakuru,Mini mart,2025-06-05,13,1.1,13030.0,0,0,0.62,0
DL-10548,Omondi Shop,0770459415,12382643,Machakos,Agrovet,2025-03-07,16,0.5,5100.0,0,1,0.17,0
DL-12221,Chebet Mart,0756911704,10183654,Machakos,Mini mart,2025-06-05,13,0.4,3440.0,1,0,1.0,0
DL-10547,Achieng Supplies,0738109563,36782666,Kiambu,,2024-02-11,29,3.0,4330.0,3,10,0.58,0
DL-13630,Achieng Duka,0737560857,17531893,Machakos,General shop,2024-07-10,24,0.8,,0,1,0.2,0
DL-14931,Chebet Enterprises,0712560148,21232400,Mombasa,Agrovet,2024-11-07,20,1.7,5410.0,0,1,0.05,0
DL-11689,Atieno Mart,0727316599,16027464,Nairobi,Mini mart,2026-03-02,4,1.2,9260.0,3,2,0.4,0
DL-12854,Wafula Mart,0786888533,26007267,Nakuru,Electronics,2025-02-05,17,1.9,3110.0,6,10,0.17,1
DL-12987,Chebet Stores,0766951380,32085512,Kiambu,Electronics,2024-11-07,20,0.6,13010.0,2,0,0.29,0
DL-10052,Atieno Enterprises,0779145234,30590016,Nakuru,General shop,2025-11-02,8,1.9,5870.0,2,1,0.8,1
DL-11247,Wanjiku Supplies,0731273228,22878105,Nairobi,Mini mart,2025-05-06,14,1.0,,1,2,0.08,0
DL-12158,Njeri Shop,0747355444,24777216,Mombasa,General shop,2025-03-07,16,0.9,6560.0,1,0,0.73,0
DL-10237,Njeri Duka,0780702831,11023326,Mombasa,Electronics,2024-10-08,21,1.2,2870.0,3,5,0.27,0
DL-12299,Otieno Enterprises,0776434719,13579445,Nairobi,Electronics,2022-08-20,47,0.7,6830.0,1,1,0.25,0
DL-10259,Nyambura Mart,0740965023,11827137,Machakos,General shop,2024-02-11,29,0.7,12430.0,0,0,0.5,0
DL-14191,Atieno Traders,0748223682,25004001,Nairobi,General shop,2023-12-13,31,0.5,3670.0,2,1,0.67,0
DL-14722,Omondi Supplies,0798767507,20700209,Nairobi,Mini mart,2025-11-02,8,0.2,3920.0,0,1,0.5,1
DL-14141,Omondi Enterprises,0795787211,24852235,Nairobi,Electronics,2024-08-09,23,0.2,7140.0,0,0,0.0,0
DL-10727,Wairimu Enterprises,0752556952,35537219,Machakos,Agrovet,2025-01-06,18,1.6,8780.0,3,0,0.21,0
DL-13746,Otieno Duka,0735954878,26616095,Kisumu,General shop,2024-09-08,22,2.2,11800.0,0,0,0.26,0
DL-10970,Otieno Mart,0716575515,29990254,Kiambu,General shop,2026-01-01,6,0.8,6060.0,2,1,0.0,0
DL-13048,Achieng Mart,0729709879,28772432,Nairobi,General shop,2024-08-09,23,3.3,4310.0,1,8,0.48,1
DL-13835,Njeri Traders,0773818275,37916666,Machakos,General shop,2024-05-11,26,1.6,6130.0,1,1,0.21,0
DL-10952,Wairimu Mart,0797091026,13558713,Nairobi,Agrovet,2023-10-14,33,0.8,4220.0,4,3,0.56,1
DL-10817,Auma Mini Mart,0744512344,25422917,Machakos,Agrovet,2026-03-02,4,3.5,4280.0,4,3,0.07,0
DL-14543,Njeri Supplies,0744958346,14177460,Nairobi,Agrovet,2024-08-09,23,1.2,5570.0,1,3,0.13,0
DL-10190,Wairimu Stores,0787827877,27924172,Nairobi,General shop,2026-05-01,2,1.5,1880.0,1,1,0.33,0
DL-12531,Kiprop Duka,0742367197,13153328,Kisumu,Agrovet,2025-12-02,7,1.9,4630.0,3,2,0.08,0
DL-11751,Chebet Stores,0768912610,35185472,Mombasa,General shop,2024-09-08,22,1.8,6110.0,0,1,0.36,0
DL-11018,Otieno Enterprises,0734300552,13315589,Mombasa,General shop,2021-07-26,60,3.3,8630.0,2,5,0.62,0
DL-12262,Otieno Supplies,0723542013,31813215,Nairobi,Electronics,2025-06-05,13,0.8,9220.0,1,1,0.1,0
DL-13797,Omondi Mini Mart,0739358167,12595049,Mombasa,Mini mart,2024-10-08,21,1.1,3370.0,2,3,0.38,1
DL-14488,Wafula Traders,0740058937,11188134,Nakuru,Mini mart,2023-01-17,42,0.3,13850.0,0,0,0.0,0
DL-13505,Otieno Mart,0785138679,20664899,Machakos,Electronics,2025-07-05,12,1.3,7020.0,1,0,0.75,0
DL-10502,Wairimu Traders,0783791186,26956311,Meru,General shop,2025-03-07,16,0.6,9630.0,3,0,0.71,1
DL-10681,Mwangi Traders,0773281620,38545244,Nairobi,Pharmacy,2023-12-13,31,1.5,20370.0,1,3,0.72,0
DL-13624,Wairimu Supplies,0758800026,18089057,Nairobi,,2024-08-09,23,1.4,12350.0,0,0,0.35,0
DL-14582,Chebet Stores,0748000170,39089399,Nakuru,Hardware,2022-05-22,50,0.7,3960.0,1,1,0.0,0
DL-12953,Otieno Mart,0777338388,37140544,Machakos,Mini mart,2025-05-06,14,1.4,6470.0,1,0,0.41,0
DL-14347,Wairimu Mini Mart,0769197500,28833993,Kisumu,Electronics,2024-10-08,21,0.6,6470.0,4,1,0.29,0
DL-13864,Auma Mart,0795467900,19626723,Nairobi,Mini mart,2025-11-02,8,0.1,1100.0,0,0,0.0,1
DL-11272,Nyambura Mart,0714959606,24290340,Nakuru,General shop,2024-08-09,23,4.8,7240.0,3,4,0.25,0
DL-12569,Wafula Enterprises,0733960107,29286326,Nairobi,General shop,2025-09-03,10,2.8,12520.0,2,2,0.29,0
DL-14145,Mwangi Supplies,0719972822,31901644,Kisumu,General shop,2025-05-06,14,2.2,6330.0,2,3,0.23,1
DL-11484,Kamau Stores,0749591579,34223491,Nakuru,Pharmacy,2021-07-26,60,0.3,3620.0,1,2,0.5,0
DL-10127,Auma Mini Mart,0775452966,31039307,Nakuru,General shop,2022-07-21,48,0.2,5860.0,0,1,1.0,0
DL-11266,Wafula Stores,0726875542,35133093,Nakuru,Mini mart,2024-02-11,29,0.6,10150.0,1,0,0.29,0
DL-14575,Wafula Shop,0720585757,19046264,Kiambu,General shop,2024-01-12,30,2.0,14310.0,0,3,0.75,1
DL-13187,Njeri Mart,0720343829,11451513,Mombasa,General shop,2025-05-06,14,4.8,6920.0,3,5,0.09,1
DL-13880,Wafula Shop,0715209570,35422013,Uasin Gishu,,2025-07-05,12,1.0,12100.0,0,0,0.17,0
DL-12736,Otieno Enterprises,0716011090,25826138,Meru,General shop,2022-02-21,53,1.1,7930.0,0,0,0.31,0
DL-12327,Otieno Shop,0732964498,36622309,Kiambu,General shop,2025-03-07,16,0.3,6360.0,0,0,0.0,0
DL-11870,Wanjiku Mini Mart,0751925395,17589778,Nairobi,Mini mart,2025-03-07,16,2.2,2880.0,0,2,0.19,0
DL-11284,Achieng Shop,0755998487,30648859,Nakuru,General shop,2024-04-11,27,2.2,6880.0,1,1,0.19,0
DL-12551,Mutua Mart,0774459556,27092976,Kisumu,General shop,2024-12-07,19,1.2,3540.0,1,2,0.0,0
DL-12222,Kiprop Duka,0761078883,19281207,Meru,General shop,2025-10-03,9,5.4,,3,14,0.04,1
DL-13586,Barasa Traders,0779456488,27215892,Nairobi,General shop,2025-04-06,15,0.9,11940.0,1,1,0.27,0
DL-14881,Achieng Mini Mart,0722063286,28814238,Uasin Gishu,Pharmacy,2026-03-02,4,2.8,3960.0,3,4,0.18,0
DL-13346,Achieng Duka,0765124146,21072367,Nairobi,Electronics,2025-07-05,12,1.4,3610.0,2,3,0.59,0
DL-14214,Wairimu Shop,0741819720,12193030,Meru,General shop,2026-01-31,5,1.6,15540.0,2,2,0.0,0
DL-13516,Auma Mini Mart,0745987531,19688779,Mombasa,Pharmacy,2026-04-01,3,1.3,3230.0,2,1,0.0,0
DL-10786,Barasa Mini Mart,0732901320,31526979,Uasin Gishu,Mini mart,2025-09-03,10,0.5,6870.0,0,0,0.2,0
DL-11226,Achieng Mini Mart,0743276770,24130270,Machakos,Hardware,2022-05-22,50,1.0,3890.0,0,2,0.67,0
DL-12576,Wafula Supplies,0776653535,27372542,Nairobi,General shop,2024-04-11,27,0.2,11890.0,3,2,0.33,0
DL-10109,Njeri Shop,0731459341,12744543,Kiambu,Pharmacy,2025-04-06,15,2.1,6830.0,1,1,0.4,0
DL-12206,Omondi Stores,0761207728,22175494,Mombasa,General shop,2024-02-11,29,3.7,9370.0,4,5,0.59,0
DL-10556,Auma Shop,0762112285,39565561,Kiambu,Hardware,2025-05-06,14,0.8,1500.0,0,1,0.5,0
DL-12619,Mwangi Stores,0785161629,16656616,Nakuru,General shop,2024-03-12,28,0.2,5060.0,0,0,1.0,0
DL-11118,Kiprop Shop,0741581020,15597855,Kisumu,Mini mart,2023-09-14,34,3.3,4310.0,0,1,0.2,0
DL-11101,Wafula Duka,0753596052,27216268,Meru,General shop,2025-12-02,7,3.1,7840.0,1,2,0.41,0
DL-14310,Otieno Supplies,0732696240,24424445,Nairobi,General shop,2026-01-01,6,3.2,4310.0,1,1,0.53,0
DL-12240,Wafula Duka,0768694581,16823722,Nairobi,Hardware,2022-10-19,45,0.4,2930.0,0,1,0.2,0
DL-10309,Kamau Duka,0794749648,17139059,Kisumu,Pharmacy,2026-01-31,5,0.6,3270.0,0,0,0.33,1
DL-11160,Mutua Stores,0769334570,14039183,Meru,General shop,2025-04-06,15,1.9,4100.0,4,3,0.48,0
DL-14409,Barasa Duka,0721295980,16519610,Kisumu,Hardware,2025-08-04,11,1.1,6500.0,1,1,0.0,0
DL-14314,Mutua Mini Mart,0760749018,10905463,Nairobi,Pharmacy,2024-06-10,25,1.2,6560.0,1,0,0.14,0
DL-13708,Omondi Duka,0723874484,12613017,Kiambu,Agrovet,2026-01-01,6,1.2,4380.0,2,2,0.71,1
DL-14813,Chebet Mart,0766370121,11995784,Mombasa,Pharmacy,2026-04-01,3,1.7,9000.0,0,0,0.6,0
DL-10712,Njeri Mart,0737271309,21113667,Nairobi,General shop,2025-11-02,8,2.1,8860.0,2,1,0.59,1
DL-13920,Atieno Supplies,0743446508,29804843,Nairobi,Pharmacy,2024-04-11,27,2.8,5670.0,7,3,0.45,1
DL-14104,Njeri Duka,0772249897,39390965,Mombasa,General shop,2024-12-07,19,1.5,3810.0,0,0,0.11,0
DL-14758,Wafula Mart,0731954880,14000447,Uasin Gishu,Electronics,2025-02-05,17,0.7,7840.0,0,0,0.12,0
DL-11220,Nyambura Shop,0732226949,36307743,Kiambu,General shop,2024-05-11,26,0.3,,0,0,0.0,0
DL-13353,Njeri Duka,0748931348,14921911,Nairobi,Electronics,2023-12-13,31,1.8,,0,4,0.95,0
DL-10572,Achieng Mini Mart,0763972368,30681622,Nairobi,Mini mart,2025-08-04,11,0.8,4530.0,1,1,0.44,0
DL-14027,Otieno Duka,0783967418,37149986,Mombasa,Hardware,2021-07-26,60,1.5,5020.0,0,0,0.28,0
DL-11471,Auma Mart,0750005469,16224613,Nairobi,General shop,2021-11-23,56,0.9,8620.0,1,0,0.82,0
DL-10364,Omondi Traders,0729927549,28401852,Nairobi,General shop,2025-03-07,16,1.8,6560.0,2,1,0.23,0
DL-14648,Wanjiku Stores,0716248051,35902228,Nakuru,Mini mart,2024-12-07,19,0.2,7650.0,0,0,0.33,0
DL-14661,Omondi Duka,0736751153,24588382,Mombasa,Pharmacy,2023-04-17,39,0.9,4910.0,4,1,0.36,1
DL-10516,Atieno Shop,0780694205,19844065,Mombasa,Hardware,2023-07-16,36,2.2,8460.0,1,0,0.19,0
DL-11587,Kamau Shop,0773169672,29068254,Nairobi,Hardware,2023-07-16,36,3.8,,2,10,0.27,1
DL-14540,Wanjiku Shop,0714873552,32024277,Nairobi,Hardware,2024-09-08,22,1.3,4920.0,0,1,0.12,0
DL-12015,Mutua Mini Mart,0753272922,10142718,Nairobi,General shop,2024-11-07,20,0.7,6560.0,0,1,0.38,0
DL-12806,Otieno Traders,0744640954,15473747,Kiambu,Pharmacy,2024-09-08,22,1.8,2300.0,4,3,0.19,1
DL-14660,Chebet Stores,0730794404,13304412,Nairobi,Mini mart,2026-03-02,4,1.0,2430.0,1,0,0.0,0
DL-11662,Kiprop Mini Mart,0721626913,32273414,Nairobi,General shop,2024-08-09,23,0.8,2760.0,1,1,0.6,0
DL-12187,Wairimu Stores,0782213976,15804097,Nairobi,General shop,2025-03-07,16,1.8,4450.0,1,1,0.23,0
DL-13939,Nyambura Supplies,0754305614,12451069,Kiambu,Pharmacy,2025-07-05,12,0.5,5270.0,1,0,0.33,0
DL-13314,Mwangi Mart,0731478071,19718289,Nakuru,Hardware,2025-11-02,8,3.6,11700.0,6,10,0.55,0
DL-12833,Nyambura Duka,0717340710,38571057,Nairobi,General shop,2025-08-04,11,1.8,2740.0,0,2,0.1,0
DL-10674,Chebet Enterprises,0784624201,18183196,Kisumu,General shop,2025-10-03,9,0.3,5590.0,2,0,0.0,0
DL-10819,Barasa Shop,0755138263,20451762,Nairobi,Mini mart,2025-04-06,15,1.1,4310.0,0,0,0.08,0
DL-13871,Auma Enterprises,0714581729,18935903,Kiambu,General shop,2025-12-02,7,1.7,11730.0,2,1,0.17,1
DL-10431,Kamau Mini Mart,0770134615,10465787,Nairobi,Electronics,2024-11-07,20,0.1,4620.0,0,0,0.0,0
DL-14930,Otieno Stores,0764960804,39506545,Nairobi,Mini mart,2025-07-05,12,1.7,11380.0,3,5,0.3,0
DL-12729,Omondi Shop,0720255440,36211443,Nairobi,Agrovet,2024-08-09,23,0.8,5880.0,3,0,0.22,0
DL-14434,Mutua Mart,0777765727,37556056,Mombasa,General shop,2024-06-10,25,1.3,11260.0,1,0,0.06,0
DL-10313,Kiprop Traders,0718229451,27441269,Nairobi,General shop,2025-07-05,12,1.1,2000.0,2,1,0.15,0
DL-14510,Otieno Stores,0712242121,39090124,Nairobi,,2025-04-06,15,0.4,3610.0,2,0,0.0,0
DL-12988,Kiprop Traders,0712720687,21690266,Meru,Hardware,2025-12-02,7,1.3,3060.0,1,2,0.22,0
DL-10826,Nyambura Stores,0795156987,32132613,Kiambu,Mini mart,2025-03-07,16,1.6,,0,4,0.42,1
DL-13745,Chebet Mini Mart,0719703931,16739884,Nairobi,Mini mart,2026-03-02,4,2.0,8130.0,7,3,0.5,1
DL-10060,Mutua Mini Mart,0773902190,28156502,Nairobi,Pharmacy,2024-11-07,20,0.8,13610.0,2,2,0.22,0
DL-10682,Omondi Supplies,0738877078,19509746,Mombasa,Pharmacy,2024-01-12,30,0.2,,0,0,0.0,0
DL-12781,Kamau Shop,0779766285,23024190,Kiambu,Agrovet,2024-09-08,22,1.2,6390.0,2,1,0.14,0
DL-14883,Omondi Duka,0743525238,10935016,Nairobi,Pharmacy,2024-08-09,23,1.4,3110.0,1,4,0.59,0
DL-12324,Chebet Traders,0720571394,33471451,Kiambu,Mini mart,2024-01-12,30,1.9,5180.0,3,8,0.78,0
DL-13484,Kiprop Shop,0711637355,21729538,Nairobi,Hardware,2025-05-06,14,2.3,3560.0,2,3,0.11,0
DL-10299,Chebet Shop,0779696734,35322228,Nakuru,General shop,2025-07-05,12,1.7,2260.0,3,1,0.0,0
DL-12768,Mwangi Shop,0747817028,27761997,Mombasa,Electronics,2024-04-11,27,3.0,6430.0,4,6,0.17,1
DL-11152,Mutua Supplies,0783604693,28537785,Kiambu,Pharmacy,2025-11-02,8,1.6,6800.0,4,1,0.23,0
DL-10889,Wairimu Mini Mart,0780605083,36255795,Nairobi,Agrovet,2023-06-16,37,2.1,9440.0,1,0,0.6,0
DL-12056,Kamau Mart,0781456079,36468640,Nairobi,General shop,2025-05-06,14,1.8,3360.0,2,1,0.0,1
DL-11335,Omondi Stores,0728658614,19335339,Kisumu,Agrovet,2023-12-13,31,5.7,3960.0,4,10,0.31,1
DL-10644,Chebet Enterprises,0760318540,11065303,Nairobi,Mini mart,2025-02-05,17,0.2,7370.0,0,0,0.0,0
DL-12321,Wafula Supplies,0736166811,27473269,Kisumu,General shop,2025-11-02,8,3.1,3960.0,1,4,0.12,1
DL-10526,Wanjiku Mart,0735800948,24945051,Machakos,Electronics,2026-01-01,6,1.3,4080.0,2,4,0.12,1
DL-12949,Omondi Mini Mart,0730309591,14485378,Machakos,Pharmacy,2024-06-10,25,1.0,2210.0,4,3,0.0,0
DL-12732,Wafula Stores,0781120209,18869428,Nairobi,General shop,2024-01-12,30,0.2,11310.0,0,0,0.0,0
DL-14003,Otieno Duka,0773262923,30205737,Nairobi,General shop,2025-01-06,18,1.7,10740.0,2,2,0.15,0
DL-10054,Auma Supplies,0755469121,19071651,Nairobi,General shop,2024-08-09,23,1.3,8700.0,0,0,0.12,0
DL-14742,Mwangi Mart,0781143328,27092298,Nairobi,Pharmacy,2026-03-02,4,0.8,1340.0,0,0,0.0,0
DL-10049,Atieno Traders,0742200097,24195627,Nairobi,General shop,2025-06-05,13,4.1,2410.0,8,7,0.57,1
DL-10766,Nyambura Mini Mart,0716052089,23126362,Nairobi,Mini mart,2025-03-07,16,1.2,10860.0,0,1,0.4,1
DL-13036,Njeri Mart,0746033667,27816865,Nakuru,General shop,2024-11-07,20,1.2,7530.0,1,2,0.14,0
DL-12156,Auma Stores,0794696751,20392288,Kiambu,Agrovet,2025-02-05,17,0.9,11150.0,2,1,0.36,0
DL-13593,Kiprop Mart,0722434254,33912743,Nakuru,Pharmacy,2026-01-01,6,0.5,4760.0,1,0,0.33,0
DL-13622,Njeri Duka,0728676609,14644442,Kiambu,General shop,2024-08-09,23,1.6,2110.0,2,0,0.16,0
DL-12070,Kiprop Mart,0713128926,25229702,Uasin Gishu,General shop,2024-07-10,24,0.6,,0,0,0.57,0
DL-14942,Atieno Mart,0739154000,12676334,Kiambu,General shop,2024-11-07,20,3.1,3410.0,3,1,0.11,0
DL-10376,Chebet Traders,0789643738,14353184,Nairobi,Mini mart,2025-01-06,18,2.2,4970.0,3,5,0.0,0
DL-10736,Atieno Traders,0783116723,18367353,Uasin Gishu,Hardware,2026-03-02,4,1.5,4450.0,0,1,0.0,0
DL-10594,Kamau Enterprises,0787022216,14976680,Kisumu,Pharmacy,2024-09-08,22,0.8,5010.0,1,0,0.0,0
DL-10348,Kiprop Supplies,0788731879,19287778,Mombasa,Hardware,2025-07-05,12,1.5,5920.0,1,0,0.17,0
DL-12253,Achieng Mini Mart,0783184037,22257138,Kiambu,Hardware,2023-02-16,41,0.4,16180.0,1,0,0.4,0
DL-14189,Njeri Mini Mart,0792796020,13811309,Kiambu,Mini mart,2025-10-03,9,0.7,6840.0,0,1,0.5,0
DL-12855,Mwangi Mini Mart,0714175869,27051714,Kisumu,General shop,2024-12-07,19,2.8,4210.0,2,4,0.18,1
DL-11248,Omondi Mart,0744019223,20840901,Nakuru,Mini mart,2025-05-06,14,1.5,15630.0,3,1,0.28,0
DL-14969,Kamau Mart,0730819145,22629321,Mombasa,Mini mart,2024-04-11,27,2.1,3650.0,0,1,0.24,0
DL-10275,Kamau Enterprises,0742681325,29689166,Meru,,2024-12-07,19,3.4,12260.0,1,6,0.22,0
DL-14615,Atieno Enterprises,0787259412,21915384,Nairobi,General shop,2024-08-09,23,0.3,7920.0,2,1,0.25,0
DL-14867,Chebet Traders,0790810253,12991431,Kisumu,General shop,2025-09-03,10,2.7,7420.0,2,6,0.11,1
DL-11299,Wairimu Duka,0735875186,12878472,Nairobi,General shop,2024-11-07,20,1.0,11550.0,1,0,0.17,0
DL-14034,Otieno Mart,0777417529,15906452,Mombasa,General shop,2026-04-01,3,0.7,9300.0,1,2,0.0,0
DL-14095,Mutua Mini Mart,0715887909,28566269,Machakos,Mini mart,2024-06-10,25,1.7,2570.0,2,1,0.4,0
DL-14231,Njeri Supplies,0798441698,37677337,Mombasa,Agrovet,2023-11-13,32,0.4,6470.0,0,0,1.0,0
DL-10935,Otieno Shop,0782940230,17720064,Nairobi,Mini mart,2025-01-06,18,1.8,3410.0,2,4,0.52,1
DL-11714,Mwangi Traders,0737176597,15955958,Nakuru,Agrovet,2022-01-22,54,2.8,2920.0,2,2,0.38,0
DL-12304,Auma Mini Mart,0748561452,13913441,Mombasa,General shop,2024-09-08,22,2.5,4110.0,3,3,0.67,0
DL-14731,Wanjiku Mini Mart,0741014486,36278243,Nairobi,Hardware,2025-04-06,15,1.2,12340.0,0,0,0.07,0
DL-13147,Barasa Mini Mart,0723635051,13720088,Nairobi,General shop,2022-06-21,49,3.2,3190.0,4,3,0.53,0
DL-14798,Njeri Mini Mart,0790759648,24728007,Mombasa,General shop,2025-08-04,11,3.0,12650.0,3,2,0.64,0
DL-13052,Otieno Duka,0798385419,39806530,Nairobi,General shop,2023-12-13,31,1.0,7620.0,2,3,0.5,0
DL-12446,Barasa Mart,0781921148,23161309,Kisumu,General shop,2025-10-03,9,0.9,14860.0,1,0,0.25,0
DL-10707,Wairimu Enterprises,0728311887,18278582,Kiambu,General shop,2025-11-02,8,0.6,5120.0,1,0,0.2,0
DL-14537,Nyambura Enterprises,0789215946,35558686,Nairobi,General shop,2024-08-09,23,1.8,3280.0,5,2,0.24,1
DL-10653,Kamau Shop,0774941227,39761255,Kisumu,Agrovet,2026-05-31,1,1.0,7360.0,1,0,0.0,0
DL-13003,Omondi Duka,0779170044,21830198,Meru,General shop,2025-01-06,18,1.8,5450.0,3,6,0.23,1
DL-14313,Mutua Traders,0753417346,35600811,Nairobi,General shop,2024-12-07,19,0.5,4000.0,0,1,0.0,0
DL-10417,Chebet Duka,0745977743,27007229,Nairobi,General shop,2025-02-05,17,3.6,4720.0,1,2,0.28,0
DL-12857,Mutua Traders,0783971823,39142258,Meru,General shop,2023-08-15,35,0.5,3140.0,4,1,0.17,0
DL-11039,Kiprop Supplies,0780079507,33347984,Machakos,Electronics,2025-01-06,18,1.3,6490.0,1,2,0.19,0
DL-10130,Kiprop Duka,0773261853,17633954,Nairobi,General shop,2025-04-06,15,0.2,9860.0,0,0,0.33,0
DL-10847,Mutua Mini Mart,0754744561,24527156,Machakos,General shop,2026-05-31,1,2.0,4040.0,0,0,0.0,0
DL-11149,Wanjiku Mart,0791385054,10242799,Kiambu,General shop,2026-05-31,1,1.0,4070.0,0,0,0.0,0
DL-13911,Nyambura Shop,0767077317,38290061,Nakuru,General shop,2025-02-05,17,2.4,6300.0,2,2,0.24,0
DL-12992,Nyambura Enterprises,0760119039,15783008,Mombasa,Mini mart,2024-01-12,30,3.5,11380.0,1,2,0.02,0
DL-14120,Wanjiku Mart,0740673280,15865130,Kiambu,Pharmacy,2023-08-15,35,1.2,6500.0,0,1,0.36,0
DL-12631,Auma Mini Mart,0797059005,37056470,Nairobi,Electronics,2025-07-05,12,0.7,3100.0,1,2,0.25,0
DL-12390,Kiprop Stores,0734349542,19378273,Kiambu,Mini mart,2024-01-12,30,0.7,3220.0,0,1,0.0,0
DL-11889,Wairimu Enterprises,0761998522,10734477,Kiambu,Mini mart,2026-05-31,1,2.0,5000.0,1,1,0.5,0
DL-11527,Atieno Duka,0712249353,28731663,Kiambu,Mini mart,2025-12-02,7,2.1,10450.0,2,1,0.47,1
DL-13868,Auma Supplies,0793042101,33147326,Nairobi,,2025-03-07,16,0.1,2300.0,1,0,1.0,0
DL-12203,Otieno Mart,0721628968,26887946,Mombasa,Agrovet,2024-07-10,24,1.4,5040.0,1,1,0.06,0
DL-14491,Nyambura Traders,0796475196,23394365,Kiambu,Mini mart,2024-09-08,22,0.2,2760.0,0,0,0.0,0
DL-11022,Wanjiku Mini Mart,0746102232,38568591,Machakos,General shop,2026-01-31,5,1.2,6180.0,3,1,0.17,0
DL-10872,Chebet Stores,0750557461,17940125,Nairobi,General shop,2025-08-04,11,1.8,9020.0,2,4,0.55,1
DL-11566,Chebet Mart,0733987982,35319162,Machakos,Pharmacy,2025-09-03,10,0.4,4990.0,0,0,0.0,0
DL-10225,Wanjiku Enterprises,0758494554,22010340,Nairobi,Electronics,2023-09-14,34,1.5,13930.0,1,2,0.11,0
DL-13778,Mwangi Mini Mart,0760553440,17131040,Nairobi,Electronics,2025-07-05,12,2.0,5210.0,0,1,0.04,0
DL-12928,Mutua Duka,0714140968,13538511,Kisumu,General shop,2024-08-09,23,1.2,2680.0,1,5,0.29,1
DL-14817,Atieno Stores,0736586192,22218880,Machakos,Hardware,2023-03-18,40,1.7,6610.0,2,7,0.0,0
DL-11788,Omondi Duka,0790341448,32517860,Nakuru,Pharmacy,2023-01-17,42,1.2,7960.0,0,1,0.4,0
DL-10947,Wairimu Mart,0774044530,17964886,Nairobi,Mini mart,2024-12-07,19,1.3,6830.0,2,0,0.12,0
DL-14647,Wafula Duka,0718470159,12855298,Kiambu,General shop,2024-10-08,21,1.5,4930.0,0,2,0.22,0
DL-13701,Mwangi Enterprises,0750841176,27566192,Kiambu,Mini mart,2023-10-14,33,0.5,3430.0,1,0,0.33,0
DL-13135,Mwangi Supplies,0740440276,38638325,Uasin Gishu,Electronics,2025-01-06,18,1.2,6060.0,2,1,0.47,0
DL-11908,Barasa Shop,0750966025,37580416,Nakuru,Mini mart,2024-10-08,21,1.0,6740.0,0,1,0.67,0
DL-10067,Omondi Duka,0728065680,19041929,Nairobi,Hardware,2024-10-08,21,1.7,3740.0,1,2,0.1,1
DL-11697,Wafula Traders,0783597735,14771015,Uasin Gishu,Agrovet,2025-01-06,18,1.2,6130.0,0,0,0.5,0
DL-10721,Barasa Traders,0778980406,21543646,Machakos,Hardware,2024-10-08,21,1.4,2500.0,0,3,0.47,0
DL-14241,Kiprop Stores,0710505508,24985851,Nairobi,Agrovet,2026-05-01,2,2.5,,3,1,0.2,0
DL-13092,Wanjiku Mini Mart,0729490084,10300050,Nairobi,General shop,2024-12-07,19,2.7,4980.0,1,4,0.22,1
DL-12571,Nyambura Traders,0726767738,20739981,Uasin Gishu,Electronics,2025-03-07,16,0.9,28830.0,0,3,0.36,1
DL-11382,Kamau Mart,0726686205,22133009,Kisumu,Agrovet,2025-07-05,12,0.4,2870.0,0,1,0.6,0
DL-10171,Kamau Duka,0724029511,32031123,Nairobi,General shop,2024-10-08,21,1.9,10790.0,4,3,0.65,1
DL-13676,Wanjiku Mart,0772419699,33815822,Machakos,Mini mart,2026-04-01,3,1.7,,0,1,0.2,0
DL-11895,Nyambura Stores,0721032256,26551592,Nakuru,General shop,2025-03-07,16,1.2,9350.0,2,3,0.27,0
DL-10055,Wanjiku Enterprises,0783958799,37539867,Nairobi,Mini mart,2025-08-04,11,2.2,13590.0,2,1,0.88,0
DL-14234,Mwangi Stores,0752399724,33159888,Nairobi,General shop,2025-10-03,9,4.8,10870.0,1,0,0.28,0
DL-12856,Barasa Duka,0712983647,32403122,Nakuru,Mini mart,2026-04-01,3,4.7,4760.0,1,1,0.0,0
DL-10449,Njeri Mini Mart,0741424033,24356113,Machakos,Mini mart,2025-06-05,13,2.7,7770.0,2,3,0.19,1
DL-11997,Barasa Shop,0756628133,15811350,Nairobi,Agrovet,2025-11-02,8,0.1,5390.0,0,0,0.0,0
DL-12594,Omondi Stores,0755500685,10750360,Nairobi,General shop,2025-05-06,14,0.6,8660.0,1,0,0.29,0
DL-13397,Kamau Mini Mart,0712368389,28910552,Mombasa,Electronics,2024-12-07,19,0.5,5560.0,0,2,0.67,0
DL-10988,Kamau Traders,0726059574,12338676,Machakos,General shop,2023-11-13,32,0.6,,0,0,0.29,0
DL-10969,Omondi Shop,0723476983,30504949,Mombasa,General shop,2025-12-02,7,0.1,8290.0,1,0,0.0,0
DL-10136,Mwangi Mart,0730147489,31388556,Nairobi,Pharmacy,2025-10-03,9,1.1,2800.0,1,0,0.5,0
DL-11896,Wanjiku Enterprises,0782508918,29360088,Mombasa,General shop,2022-11-18,44,3.1,3470.0,0,0,0.49,0
DL-10174,Wanjiku Mart,0731798537,29149797,Kisumu,Agrovet,2024-09-08,22,1.2,6690.0,1,2,0.47,1
DL-12302,Achieng Traders,0718924562,13575246,Nairobi,Pharmacy,2025-03-07,16,1.2,8470.0,0,1,0.0,0
DL-13205,Wafula Duka,0744725281,24340696,Mombasa,Pharmacy,2025-11-02,8,1.2,,2,2,0.3,1
DL-14199,Kiprop Traders,0756059866,23679440,Machakos,Mini mart,2025-09-03,10,0.8,3400.0,2,1,0.0,0
DL-10444,Omondi Traders,0731654086,34510841,Uasin Gishu,General shop,2025-12-02,7,0.1,3290.0,2,0,0.0,0
DL-11827,Auma Shop,0722833176,28923371,Mombasa,General shop,2025-01-06,18,2.7,9050.0,1,2,0.25,0
DL-12885,Wairimu Mart,0793362002,18844389,Nairobi,Agrovet,2025-03-07,16,1.1,5770.0,3,2,0.23,0
DL-11581,Kamau Mini Mart,0724108439,29137463,Mombasa,Agrovet,2026-01-31,5,0.4,3570.0,0,0,0.5,1
DL-10089,Nyambura Enterprises,0795441320,29125782,Mombasa,General shop,2023-04-17,39,0.2,2660.0,0,0,0.0,0
DL-10794,Omondi Supplies,0746908199,19823953,Machakos,Agrovet,2025-12-02,7,0.1,18030.0,1,0,0.0,1
DL-12048,Otieno Duka,0741083429,23734236,Nairobi,General shop,2023-10-14,33,1.4,3310.0,2,1,0.35,0
DL-12177,Njeri Mart,0734113084,24856663,Nairobi,Mini mart,2022-01-22,54,0.9,3530.0,1,2,0.73,0
DL-11029,Kiprop Traders,0724142584,37917297,Mombasa,Electronics,2025-01-06,18,1.7,,3,4,0.05,1
DL-13414,Njeri Traders,0764400693,13900469,Nairobi,Mini mart,2025-02-05,17,2.4,5940.0,2,1,0.28,0
DL-13953,Chebet Shop,0751473553,17970305,Kisumu,Pharmacy,2024-12-07,19,2.7,3250.0,6,4,0.09,0
DL-11329,Barasa Mini Mart,0712677056,13826456,Kiambu,Mini mart,2025-09-03,10,0.3,4840.0,0,0,0.33,1
DL-13173,Chebet Duka,0771122820,38846761,Meru,Hardware,2025-12-02,7,1.9,9530.0,1,0,0.46,0
DL-13124,Omondi Duka,0720608901,32082236,Kiambu,Electronics,2024-08-09,23,0.8,2010.0,0,0,0.1,0
DL-10039,Njeri Enterprises,0730357571,23361992,Nakuru,Agrovet,2024-08-09,23,1.8,2870.0,1,1,0.05,0
DL-10943,Wairimu Supplies,0722333666,23754117,Nairobi,Mini mart,2025-12-02,7,2.9,14140.0,3,5,0.6,1
DL-13600,Atieno Stores,0789850457,19904867,Machakos,Electronics,2025-01-06,18,2.0,2700.0,0,2,0.46,0
DL-10665,Wairimu Shop,0771694324,27544296,Nairobi,Pharmacy,2024-03-12,28,2.4,10570.0,4,4,0.38,0
DL-14011,Kiprop Enterprises,0737506576,23502994,Mombasa,Pharmacy,2023-05-17,38,1.2,3800.0,0,1,0.36,0
DL-10452,Njeri Mini Mart,0765917659,38263416,Machakos,,2024-09-08,22,0.7,3670.0,1,1,1.0,0
DL-11684,Barasa Enterprises,0742259323,13292139,Nairobi,Hardware,2024-06-10,25,1.2,161100.0,1,1,0.07,0
DL-11148,Njeri Enterprises,0757902299,30723331,Meru,Mini mart,2023-08-15,35,3.0,4480.0,4,4,0.14,1
DL-14273,Njeri Mart,0745363864,15233176,Nairobi,Pharmacy,2026-04-01,3,2.7,4760.0,0,0,0.12,0
DL-12184,Mutua Shop,0710819743,28523388,Uasin Gishu,General shop,2026-01-01,6,1.7,7200.0,3,2,0.3,1
DL-10336,Kamau Supplies,0733746700,35615522,Nairobi,Mini mart,2025-03-07,16,0.4,4270.0,2,0,0.2,0
DL-12166,Otieno Enterprises,0795700543,30280128,Machakos,General shop,2025-07-05,12,0.7,5290.0,1,3,0.0,0
DL-11125,Atieno Supplies,0727310899,17978221,Uasin Gishu,Mini mart,2025-01-06,18,1.7,6580.0,2,7,0.55,1
DL-12977,Kamau Shop,0742311282,22819915,Nairobi,General shop,2024-08-09,23,0.8,4760.0,0,1,0.22,0
DL-11600,Mwangi Mart,0734897272,23630970,Nairobi,Mini mart,2025-03-07,16,0.5,2030.0,0,0,0.83,0
DL-11641,Chebet Mart,0722911715,17216421,Uasin Gishu,Mini mart,2025-07-05,12,1.6,3640.0,0,2,0.47,1
DL-10351,Wafula Supplies,0753746841,26551511,Machakos,Pharmacy,2025-10-03,9,1.7,3400.0,0,0,0.0,0
DL-10624,Kamau Supplies,0760575358,32190252,Kiambu,Hardware,2026-04-01,3,0.3,2970.0,1,0,0.0,0
DL-14684,Otieno Mart,0760282497,15334806,Kiambu,General shop,2026-03-02,4,2.0,2980.0,5,3,0.38,0
DL-12183,Kiprop Traders,0775131821,22516020,Kiambu,General shop,2025-12-02,7,2.1,4120.0,6,5,0.53,1
DL-12508,Chebet Supplies,0751934106,29401785,Kisumu,Mini mart,2026-03-02,4,2.2,,1,2,0.56,0
DL-12089,Chebet Traders,0725767506,11295525,Kisumu,Electronics,2024-01-12,30,0.6,4070.0,0,0,0.0,0
DL-10358,Otieno Supplies,0783318463,29018730,Mombasa,Hardware,2025-05-06,14,0.2,6430.0,1,1,0.0,0
DL-11321,Atieno Traders,0795968478,24023232,Machakos,Mini mart,2025-05-06,14,2.9,6790.0,1,2,0.51,1
DL-11613,Mwangi Traders,0762574253,32517818,Uasin Gishu,Mini mart,2025-03-07,16,1.2,,2,3,0.13,0
DL-11856,Nyambura Mart,0787510331,14026362,Kiambu,Mini mart,2022-11-18,44,1.3,4270.0,1,2,0.12,0
DL-11525,Wairimu Mini Mart,0775411745,19055463,Nairobi,Mini mart,2026-04-01,3,0.3,2660.0,2,1,0.0,0
DL-11434,Wanjiku Enterprises,0719237149,33935704,Nairobi,Agrovet,2025-09-03,10,0.7,24950.0,1,1,0.0,0
DL-14876,Omondi Supplies,0727165265,36059207,Kiambu,General shop,2026-01-31,5,2.6,6660.0,1,1,0.31,0
DL-14995,Kiprop Stores,0775271066,10293119,Kiambu,Electronics,2025-12-02,7,0.6,1920.0,1,1,0.0,0
DL-14917,Mwangi Duka,0718865486,13455027,Mombasa,Mini mart,2026-03-02,4,1.2,9040.0,0,1,0.4,0
DL-11419,Kamau Mini Mart,0715892530,30890148,Kiambu,General shop,2021-07-26,60,0.8,2580.0,3,2,0.2,0
DL-11702,Kiprop Traders,0758358524,18090416,Nakuru,Pharmacy,2024-09-08,22,3.9,3770.0,1,2,0.26,0
DL-12649,Mwangi Mart,0710639785,16310897,Nairobi,General shop,2025-03-07,16,2.1,9990.0,1,0,0.08,0
DL-13758,Omondi Enterprises,0780770818,14242330,Nairobi,General shop,2022-10-19,45,2.2,5310.0,2,2,0.15,0
DL-10776,Nyambura Enterprises,0710294120,25668406,Nairobi,Mini mart,2026-01-01,6,2.2,4500.0,2,2,0.23,1
DL-12575,Wanjiku Duka,0740490732,34748408,Kiambu,Hardware,2023-10-14,33,0.3,8890.0,1,0,0.25,0
DL-13754,Auma Stores,0766346339,24079219,Meru,Mini mart,2024-10-08,21,3.6,12640.0,6,6,0.44,1
DL-13831,Wairimu Stores,0769830573,17293957,Mombasa,Electronics,2025-07-05,12,0.5,,1,2,0.0,1
DL-11765,Kiprop Enterprises,0768999003,34111292,Uasin Gishu,Agrovet,2023-12-13,31,0.8,8900.0,3,2,0.22,0
DL-10473,Nyambura Duka,0752268190,34390077,Nakuru,General shop,2024-07-10,24,1.8,9210.0,3,6,0.32,1
DL-14806,Mutua Supplies,0786311848,28499844,Mombasa,General shop,2024-01-12,30,2.5,6230.0,2,2,0.5,1
DL-13492,Mutua Supplies,0753118072,14125353,Nairobi,General shop,2025-06-05,13,0.8,6070.0,1,4,0.11,0
DL-13903,Njeri Shop,0798057703,13059541,Meru,General shop,2026-05-31,1,1.0,5590.0,0,0,0.0,0
DL-12414,Barasa Stores,0746554123,14634440,Nairobi,General shop,2025-03-07,16,1.4,5980.0,6,3,0.47,1
DL-10735,Wanjiku Traders,0782547755,24371012,Uasin Gishu,General shop,2025-04-06,15,1.2,5390.0,2,3,0.53,1
DL-13662,Wafula Mart,0713514577,16618063,Kiambu,General shop,2024-05-11,26,1.9,6850.0,6,7,0.26,0
DL-14851,Mutua Stores,0753891135,25895748,Kiambu,Mini mart,2022-12-18,43,2.1,8350.0,2,7,0.28,0
DL-14593,Atieno Supplies,0719729251,26834147,Nakuru,Mini mart,2025-10-03,9,0.6,,3,2,0.0,0
DL-13534,Wairimu Stores,0741166253,20097405,Kiambu,Mini mart,2025-08-04,11,1.1,5580.0,0,0,0.42,0
DL-11580,Wairimu Shop,0744765910,34501536,Machakos,Pharmacy,2025-10-03,9,0.1,4190.0,1,0,0.0,1
DL-10479,Wafula Shop,0770983109,18508298,Nairobi,Mini mart,2025-10-03,9,0.7,3620.0,3,1,0.5,1
DL-12637,Nyambura Stores,0795497367,31872286,Uasin Gishu,Hardware,2024-08-09,23,1.8,16430.0,5,5,0.09,1
DL-10102,Mutua Duka,0776937715,32120765,Uasin Gishu,,2025-11-02,8,3.1,,1,1,0.16,0
DL-11478,Nyambura Shop,0749767050,37428261,Kiambu,Hardware,2025-04-06,15,2.4,6880.0,1,1,0.48,0
DL-14836,Otieno Supplies,0713093883,39825731,Kiambu,Mini mart,2025-10-03,9,2.6,,3,8,0.13,1
DL-14065,Kiprop Duka,0766601366,14884802,Machakos,Mini mart,2025-03-07,16,2.0,6390.0,2,2,0.25,0
DL-12711,Mwangi Mini Mart,0782068145,23917327,Mombasa,Pharmacy,2025-08-04,11,0.3,3650.0,2,1,0.0,0
DL-13946,Achieng Enterprises,0767218501,34466158,Kiambu,Mini mart,2022-07-21,48,0.2,1030.0,1,0,0.0,0
DL-13825,Omondi Traders,0773157195,17674151,Kiambu,General shop,2025-10-03,9,0.6,,1,0,0.4,0
DL-10742,Achieng Shop,0743412756,29381286,Kisumu,General shop,2024-12-07,19,2.5,7590.0,6,7,0.17,0
DL-10053,Wairimu Enterprises,0761785394,23580037,Uasin Gishu,Pharmacy,2024-02-11,29,2.8,17320.0,3,4,0.03,1
DL-10987,Wanjiku Mart,0758056766,39546572,Machakos,Hardware,2024-07-10,24,0.3,7470.0,1,0,0.25,0
DL-13756,Omondi Duka,0778356977,23250043,Mombasa,Mini mart,2025-07-05,12,2.6,6270.0,2,4,0.03,1
DL-10068,Otieno Mart,0776570576,38970413,Nairobi,General shop,2021-12-23,55,0.5,4830.0,0,0,0.33,0
DL-14952,Njeri Duka,0710987008,17855912,Nairobi,Electronics,2026-05-31,1,3.0,4650.0,0,0,0.33,0
DL-14036,Barasa Mart,0720755049,31212594,Uasin Gishu,Mini mart,2025-10-03,9,2.9,3640.0,0,3,0.12,0
DL-13618,Otieno Enterprises,0739363139,34922259,Nakuru,Pharmacy,2023-07-16,36,2.0,7450.0,3,3,0.33,0
DL-14587,Achieng Mini Mart,0736942258,25762435,Nakuru,Mini mart,2023-07-16,36,0.1,2280.0,0,0,0.0,0
DL-12774,Otieno Duka,0791249065,24047357,Kisumu,Mini mart,2024-08-09,23,1.3,3940.0,1,0,0.25,0
DL-14429,Wanjiku Supplies,0772357089,11725167,Uasin Gishu,Pharmacy,2024-04-11,27,1.0,4510.0,0,0,0.33,0
DL-13343,Mwangi Duka,0741070744,35476662,Mombasa,Mini mart,2023-07-16,36,1.2,4920.0,0,0,0.4,0
DL-14631,Achieng Enterprises,0790919370,29835871,Mombasa,Mini mart,2025-02-05,17,0.3,15920.0,1,0,0.5,0
DL-13324,Njeri Mini Mart,0772108225,25994065,Kiambu,General shop,2026-01-01,6,1.5,4230.0,2,4,0.67,1
DL-11239,Omondi Shop,0748203139,38894238,Kiambu,General shop,2023-06-16,37,0.8,5070.0,1,1,0.33,0
DL-10784,Mutua Mini Mart,0736193179,26441227,Kiambu,Mini mart,2024-10-08,21,0.9,,0,0,0.0,0
DL-13772,Mutua Stores,0755989984,36974717,Nairobi,General shop,2024-08-09,23,1.4,6510.0,4,3,0.24,0
DL-12706,Omondi Supplies,0744305370,24531718,Kiambu,Pharmacy,2025-09-03,10,2.3,4460.0,2,6,0.22,0
DL-14223,Auma Enterprises,0773459744,21537301,Nairobi,Electronics,2025-05-06,14,0.7,4110.0,0,1,0.12,0
DL-11974,Wairimu Supplies,0798921191,24093501,Nakuru,General shop,2024-03-12,28,2.1,3030.0,1,4,0.28,0
DL-12970,Barasa Shop,0724784480,31798985,Nairobi,Hardware,2025-11-02,8,3.0,4170.0,1,3,0.08,0
DL-13580,Barasa Enterprises,0731022825,35147418,Nairobi,General shop,2024-06-10,25,0.2,5920.0,1,0,0.5,0
DL-10687,Kiprop Enterprises,0799967921,25118079,Nairobi,Hardware,2026-03-02,4,0.2,2490.0,0,0,1.0,0
DL-11106,Achieng Shop,0750191933,25780523,Meru,Electronics,2025-11-02,8,1.4,10550.0,1,2,0.27,1
DL-10950,Achieng Mini Mart,0773607189,30089985,Nairobi,Pharmacy,2023-10-14,33,1.8,6350.0,2,6,0.27,0
DL-13127,Njeri Duka,0743983973,24100871,Nairobi,Mini mart,2024-07-10,24,0.4,5100.0,0,0,0.0,0
DL-12122,Barasa Stores,0793448756,23591016,Nairobi,Hardware,2026-01-01,6,0.5,1590.0,2,2,0.67,0
DL-13837,Otieno Mini Mart,0776930422,29442348,Machakos,Mini mart,2025-06-05,13,0.3,3340.0,2,0,0.25,1
DL-13235,Wafula Mart,0742578626,35586433,Nairobi,Mini mart,2023-10-14,33,1.6,4410.0,0,0,0.26,0
DL-14557,Wairimu Mart,0729512142,39295554,Mombasa,General shop,2025-04-06,15,1.7,6280.0,2,0,0.35,0
DL-10639,Barasa Mini Mart,0731749185,17345087,Kisumu,Agrovet,2022-09-19,46,0.9,4550.0,3,0,0.45,0
DL-13382,Omondi Supplies,0734892339,34076496,Nairobi,General shop,2026-01-31,5,1.2,,3,1,0.67,0
DL-12566,Chebet Supplies,0754593809,25323481,Mombasa,General shop,2022-09-19,46,2.5,5990.0,1,0,0.47,0
DL-10757,Barasa Enterprises,0743741956,37341645,Nairobi,General shop,2025-04-06,15,0.8,,1,0,0.0,0
DL-13663,Njeri Enterprises,0789578410,34549701,Nairobi,Pharmacy,2025-03-07,16,1.2,,2,0,0.27,0
DL-10878,Kiprop Supplies,0795591832,28466417,Mombasa,Agrovet,2025-04-06,15,0.8,5790.0,1,1,0.1,1
DL-10230,Wanjiku Supplies,0760803281,34137043,Meru,Electronics,2023-09-14,34,0.2,2900.0,0,0,0.0,0
DL-14794,Mutua Mart,0747548951,30447201,Kiambu,Electronics,2025-02-05,17,0.8,2810.0,0,0,0.4,0
DL-12460,Atieno Duka,0759112683,18934690,Machakos,General shop,2024-04-11,27,0.8,6940.0,2,0,0.44,0
DL-14059,Mutua Supplies,0747822606,32785167,Machakos,General shop,2025-12-02,7,2.1,7380.0,3,1,0.4,0
DL-11560,Auma Mini Mart,0717721898,22483389,Nakuru,Pharmacy,2025-04-06,15,0.3,2040.0,1,0,0.25,0
DL-14110,Nyambura Enterprises,0725037176,39590085,Nairobi,Mini mart,2025-05-06,14,1.0,2640.0,0,1,0.25,0
DL-14693,Kiprop Supplies,0729809478,34841711,Nairobi,Mini mart,2026-01-31,5,0.4,3060.0,2,0,0.5,1
DL-10098,Barasa Supplies,0721819222,10642619,Nakuru,General shop,2025-02-05,17,0.1,8090.0,0,0,0.0,0
DL-13696,Wanjiku Stores,0793578207,35619245,Kiambu,Mini mart,2026-01-01,6,0.8,10330.0,2,0,0.0,0
DL-11430,Wafula Stores,0748700953,13158812,Nairobi,Hardware,2024-10-08,21,2.5,4850.0,1,3,0.5,0
DL-11250,Kamau Traders,0774163902,18715234,Nakuru,Agrovet,2025-03-07,16,1.3,7830.0,1,3,0.06,0
DL-12692,Auma Shop,0743955475,13097235,Mombasa,General shop,2026-04-01,3,1.3,5310.0,1,2,0.25,1
DL-11887,Chebet Traders,0735931258,24786150,Nairobi,General shop,2025-10-03,9,0.3,7090.0,0,0,1.0,0
DL-14700,Barasa Shop,0791663555,20303472,Nairobi,Electronics,2026-01-31,5,1.6,2790.0,2,1,0.38,1
DL-14681,Kamau Traders,0740018483,32393736,Machakos,Mini mart,2026-03-02,4,1.2,5470.0,1,0,0.8,0
DL-13551,Wairimu Mart,0767186620,25899660,Nairobi,Pharmacy,2025-10-03,9,1.1,2840.0,1,0,0.5,0
DL-13651,Barasa Mart,0712746144,28260584,Kisumu,Hardware,2025-07-05,12,0.5,5510.0,1,0,0.0,0
DL-12060,Wairimu Traders,0783043243,33628547,Uasin Gishu,Electronics,2026-04-01,3,1.3,4160.0,0,1,0.25,0
DL-10294,Njeri Stores,0773207491,39158435,Nairobi,Pharmacy,2024-04-11,27,0.3,4280.0,1,3,0.0,0
DL-12769,Auma Mini Mart,0767223113,37887511,Kisumu,General shop,2024-06-10,25,1.0,5730.0,0,2,0.17,0
DL-14868,Auma Enterprises,0730394525,30924254,Kisumu,Pharmacy,2024-12-07,19,1.7,4740.0,0,1,0.35,0
DL-12353,Njeri Supplies,0765074102,27182188,Mombasa,Mini mart,2025-03-07,16,0.4,9180.0,1,0,0.0,0
DL-13253,Kamau Mart,0734604805,30257720,Kisumu,Electronics,2023-12-13,31,0.9,2350.0,1,2,0.82,0
DL-10159,Otieno Duka,0734560361,31855245,Machakos,General shop,2024-02-11,29,2.7,9360.0,6,10,0.69,1
DL-11236,Kiprop Shop,0758586719,12546510,Kiambu,Mini mart,2025-08-04,11,0.5,5420.0,2,1,0.0,0
DL-14914,Kiprop Supplies,0725413649,13389137,Mombasa,General shop,2022-12-18,43,2.6,6930.0,2,0,0.1,0
DL-10909,Chebet Stores,0732011729,24094966,Mombasa,,2025-01-06,18,1.4,2370.0,1,3,0.47,0
DL-12431,Nyambura Stores,0763925714,16511446,Mombasa,Agrovet,2024-07-10,24,1.3,4430.0,1,2,0.06,0
DL-11557,Mutua Enterprises,0744097192,18071794,Nairobi,Electronics,2021-07-26,60,1.8,11410.0,0,2,0.1,0
DL-10320,Atieno Mini Mart,0743737583,16013106,Kiambu,General shop,2025-06-05,13,0.2,22850.0,2,2,0.33,1
DL-13808,Atieno Traders,0770111938,39706942,Nakuru,General shop,2023-06-16,37,0.3,4930.0,1,0,0.0,0
DL-10014,Omondi Mini Mart,0734238934,18433907,Nairobi,Electronics,2025-08-04,11,2.5,5430.0,2,2,0.52,0
DL-14746,Kiprop Shop,0777963969,35653591,Mombasa,Agrovet,2024-09-08,22,0.9,3540.0,0,0,0.64,0
DL-13464,Wairimu Supplies,0733305640,18372068,Nairobi,Pharmacy,2022-07-21,48,0.8,8400.0,0,0,0.11,0
DL-11446,Wafula Shop,0763521518,37212329,Nairobi,Hardware,2022-04-22,51,0.1,,1,0,1.0,0
DL-13475,Barasa Shop,0786149226,10553730,Kiambu,General shop,2026-01-01,6,1.8,11200.0,0,2,0.0,0
DL-14558,Atieno Supplies,0778580095,13923507,Mombasa,General shop,2024-08-09,23,2.2,5470.0,0,0,0.22,0
DL-10887,Omondi Mini Mart,0723401677,11182186,Mombasa,Pharmacy,2025-01-06,18,1.1,3220.0,2,1,0.31,1
DL-11692,Nyambura Supplies,0786163478,21607008,Mombasa,General shop,2024-07-10,24,1.1,9910.0,1,2,0.0,0
DL-13699,Mwangi Stores,0723251550,19241696,Kiambu,Hardware,2026-01-31,5,0.6,4440.0,1,0,0.67,0
DL-14747,Mwangi Stores,0786434092,27836235,Machakos,General shop,2025-09-03,10,0.7,6910.0,0,0,0.29,0
DL-11719,Barasa Enterprises,0777681485,15908860,Nairobi,Electronics,2026-01-31,5,3.0,5380.0,1,1,0.27,0
DL-11218,Wafula Supplies,0724112649,15311325,Nairobi,General shop,2025-09-03,10,0.6,4380.0,0,0,0.5,0
DL-10651,Omondi Enterprises,0799920105,23042260,Mombasa,Electronics,2026-05-01,2,1.5,3430.0,2,2,0.67,0
DL-14349,Omondi Mini Mart,0742253275,24626753,Machakos,General shop,2023-11-13,32,2.5,3060.0,1,1,0.5,0
DL-14562,Wanjiku Supplies,0793714968,10923165,Mombasa,Agrovet,2025-06-05,13,2.2,11970.0,1,5,0.04,0
DL-10918,Wanjiku Mini Mart,0754920189,20199755,Mombasa,Pharmacy,2024-05-11,26,1.4,2370.0,3,0,0.24,0
DL-10882,Nyambura Mini Mart,0771433329,24399931,Nairobi,General shop,2025-01-06,18,0.4,1430.0,2,2,0.0,0
DL-10291,Omondi Enterprises,0752327014,36289747,Uasin Gishu,Electronics,2023-04-17,39,1.5,3090.0,3,5,0.61,0
DL-10233,Otieno Mini Mart,0799671068,24013388,Kiambu,Mini mart,2026-03-02,4,1.8,3750.0,0,1,0.29,1
DL-12789,Nyambura Mart,0740056887,18967078,Kisumu,General shop,2023-12-13,31,1.7,4480.0,2,5,0.45,0
DL-13437,Atieno Shop,0746435590,10709994,Kiambu,Pharmacy,2025-06-05,13,4.2,2310.0,3,5,0.57,1
DL-13481,Atieno Mini Mart,0793106345,26839093,Nairobi,General shop,2026-01-01,6,1.7,9980.0,0,0,0.3,0
DL-11994,Omondi Stores,0789560466,30305467,Kiambu,General shop,2025-06-05,13,0.1,6810.0,0,0,0.0,0
DL-11304,Omondi Shop,0743080901,32140463,Nairobi,General shop,2025-02-05,17,1.0,14440.0,0,0,0.08,0
DL-13391,Mutua Mini Mart,0780268278,10073211,Nakuru,General shop,2023-09-14,34,1.9,10060.0,3,4,0.39,0
DL-12271,Nyambura Shop,0769202879,29726194,Nakuru,Electronics,2024-07-10,24,4.0,3060.0,2,5,0.19,1
DL-13131,Njeri Mart,0768010575,19356765,Kisumu,,2024-06-10,25,2.7,9070.0,2,4,0.81,1
DL-12025,Wafula Duka,0729339468,17136741,Nairobi,Electronics,2023-09-14,34,0.4,12340.0,1,1,0.0,0
DL-13394,Wafula Supplies,0735843918,20816187,Nakuru,Mini mart,2025-02-05,17,0.4,5960.0,3,2,0.2,0
DL-11485,Achieng Stores,0748053139,36783737,Uasin Gishu,General shop,2025-10-03,9,0.2,7320.0,2,0,0.0,0
DL-14630,Njeri Mini Mart,0799758940,25537498,Nairobi,General shop,2025-03-07,16,3.3,5320.0,2,7,0.15,0
DL-12976,Mwangi Mart,0792263172,21486893,Kisumu,Pharmacy,2025-01-06,18,0.9,8200.0,2,1,0.18,1
DL-14744,Barasa Supplies,0783540396,10776724,Nairobi,General shop,2022-10-19,45,0.5,4330.0,2,0,0.5,0
DL-10525,Mwangi Traders,0769140362,34416910,Mombasa,Agrovet,2025-11-02,8,2.8,9740.0,1,6,0.55,0
DL-11080,Kiprop Stores,0781716933,27665885,Kisumu,General shop,2021-08-25,59,0.2,6890.0,0,0,0.0,0
DL-13443,Otieno Stores,0752736243,31534471,Nairobi,General shop,2025-02-05,17,1.8,1750.0,0,0,0.19,0
DL-12447,Kiprop Enterprises,0782816993,14833294,Nairobi,Pharmacy,2024-09-08,22,2.2,9810.0,4,5,0.26,1
DL-14875,Auma Traders,0786834574,24063445,Machakos,Hardware,2026-01-01,6,4.2,4480.0,2,1,0.24,0
DL-10673,Auma Traders,0717230354,30968950,Meru,Pharmacy,2021-07-26,60,0.8,10410.0,1,0,0.56,0
DL-10480,Atieno Traders,0716955020,30453538,Machakos,Electronics,2025-07-05,12,1.2,4050.0,3,1,0.0,0
DL-12154,Njeri Stores,0765890989,19983109,Mombasa,Pharmacy,2024-06-10,25,3.8,8010.0,5,11,0.39,1
DL-13787,Nyambura Traders,0794486418,11889893,Uasin Gishu,General shop,2025-02-05,17,0.4,8660.0,2,2,0.4,0
DL-10251,Atieno Duka,0713403112,37295854,Kisumu,Mini mart,2026-04-01,3,1.0,4610.0,2,1,0.0,1
DL-10390,Chebet Traders,0726955813,27852038,Nairobi,Mini mart,2024-11-07,20,0.3,6060.0,1,0,0.0,0
DL-11467,Kamau Traders,0791185496,32287101,Machakos,Electronics,2026-01-01,6,0.2,5570.0,1,0,0.0,0
DL-14750,Otieno Stores,0755756022,10497998,Nairobi,Pharmacy,2026-03-02,4,0.2,9800.0,1,0,0.0,0
DL-13287,Otieno Enterprises,0737373718,21739874,Mombasa,General shop,2025-05-06,14,0.1,6510.0,2,0,0.0,0
DL-11984,Auma Stores,0787410232,32582930,Kiambu,Mini mart,2025-09-03,10,2.6,2990.0,2,3,0.46,1
DL-11933,Mwangi Traders,0755761499,15142681,Nairobi,Mini mart,2025-12-02,7,0.4,4280.0,1,2,0.0,0
DL-12104,Chebet Mart,0759635657,10491160,Machakos,Hardware,2024-12-07,19,0.2,,0,0,0.0,0
DL-11205,Mwangi Mini Mart,0776329446,29362051,Nairobi,Mini mart,2023-11-13,32,0.8,2280.0,0,0,0.1,0
DL-13138,Kamau Mart,0784376131,25906317,Nairobi,Hardware,2026-01-01,6,1.5,6100.0,2,4,0.33,1
DL-12394,Wanjiku Mart,0738936545,19632977,Kiambu,General shop,2025-07-05,12,4.0,3920.0,0,4,0.33,0
DL-14247,Omondi Traders,0722711826,22636506,Kiambu,Mini mart,2025-04-06,15,1.8,5820.0,1,1,0.14,0
DL-14950,Otieno Stores,0768141466,20661089,Nairobi,Mini mart,2025-04-06,15,1.8,3380.0,1,2,0.48,0
DL-10827,Nyambura Mart,0776555568,31495141,Nairobi,Hardware,2023-07-16,36,2.3,4070.0,1,1,0.14,0
DL-10524,Auma Enterprises,0729428250,20548769,Uasin Gishu,Pharmacy,2025-08-04,11,3.2,8810.0,6,6,0.51,1
DL-11265,Achieng Mini Mart,0760412598,17462561,Kiambu,General shop,2025-06-05,13,1.5,7340.0,0,2,0.56,0
DL-12069,Njeri Mini Mart,0781163910,25726899,Machakos,General shop,2025-12-02,7,2.9,4080.0,1,2,0.35,0
DL-10405,Mutua Supplies,0726013046,36561854,Nakuru,Pharmacy,2024-10-08,21,1.0,7950.0,1,1,0.08,0
DL-14353,Wafula Supplies,0775167340,19045769,Machakos,Mini mart,2024-06-10,25,3.2,6590.0,1,2,0.51,0
DL-12827,Wairimu Traders,0731236400,21787778,Nairobi,General shop,2025-09-03,10,0.8,3170.0,1,0,0.12,1
DL-12436,Njeri Duka,0744432587,20108647,Nakuru,Pharmacy,2025-04-06,15,3.7,19880.0,9,6,0.32,1
DL-13766,Njeri Supplies,0792116848,16478000,Mombasa,General shop,2025-09-03,10,1.8,9060.0,2,2,0.39,0
DL-14281,Otieno Enterprises,0764338379,28154595,Nakuru,General shop,2025-02-05,17,3.6,3420.0,4,4,0.26,1
DL-14569,Nyambura Stores,0775025593,24916475,Nairobi,Agrovet,2023-07-16,36,0.1,1960.0,0,0,0.0,0
DL-12900,Atieno Duka,0778843792,14664461,Kiambu,Pharmacy,2024-03-12,28,1.5,,0,0,0.39,0
DL-12388,Wafula Duka,0719427019,13108660,Kisumu,Mini mart,2025-03-07,16,2.5,5940.0,2,4,0.2,1
DL-14752,Wafula Duka,0759907790,11443964,Nairobi,,2023-08-15,35,0.9,5800.0,2,3,0.27,0
DL-14460,Auma Stores,0733052275,12219311,Nakuru,General shop,2025-09-03,10,1.9,,4,4,0.16,1
DL-13901,Auma Mini Mart,0760955437,23751415,Kisumu,Pharmacy,2023-06-16,37,0.3,4740.0,0,0,0.0,0
DL-11858,Omondi Shop,0714260103,16294914,Kiambu,General shop,2025-10-03,9,0.9,9290.0,0,0,0.25,0
DL-13008,Mwangi Mini Mart,0799958606,17055929,Nairobi,Agrovet,2025-06-05,13,3.2,5970.0,4,8,0.42,1
DL-14743,Kiprop Supplies,0788817934,23526922,Machakos,General shop,2026-05-01,2,1.0,3200.0,1,0,0.0,1
DL-11350,Njeri Stores,0717078604,22030610,Nakuru,General shop,2025-06-05,13,0.2,6170.0,0,0,0.0,0
DL-14425,Kamau Enterprises,0740417555,38539804,Nairobi,General shop,2022-05-22,50,1.5,3780.0,3,2,0.28,0
DL-10512,Kiprop Supplies,0784700396,30746056,Mombasa,General shop,2024-10-08,21,0.8,3400.0,1,0,0.3,0
DL-10662,Atieno Shop,0715739237,29005355,Machakos,General shop,2026-03-02,4,0.8,9210.0,1,2,0.67,1
DL-14441,Achieng Traders,0758312468,36322435,Mombasa,Mini mart,2025-12-02,7,0.9,6600.0,2,2,0.33,0
DL-11603,Njeri Duka,0719995042,17974099,Kisumu,Hardware,2022-12-18,43,1.5,10680.0,2,5,0.17,0
DL-11676,Kamau Traders,0746776603,23304671,Nairobi,General shop,2025-11-02,8,1.0,10570.0,1,1,0.0,0
DL-14641,Kamau Duka,0761195677,15298997,Nakuru,General shop,2024-09-08,22,1.8,4450.0,0,2,0.67,0
DL-12172,Otieno Enterprises,0769206517,10335277,Meru,Mini mart,2026-03-02,4,0.8,4470.0,0,2,0.0,0
DL-10066,Njeri Shop,0793965839,19302360,Nakuru,General shop,2026-03-02,4,1.5,7170.0,0,0,0.17,0
DL-11950,Achieng Mart,0742898457,26022143,Kisumu,General shop,2024-03-12,28,0.4,6480.0,7,3,0.0,0
DL-11637,Omondi Shop,0744245656,11270157,Nairobi,Mini mart,2024-12-07,19,0.8,4980.0,1,0,0.4,0
DL-12420,Nyambura Enterprises,0737704192,16566697,Nairobi,General shop,2026-03-02,4,0.2,3520.0,0,0,0.0,0
DL-12691,Mwangi Mart,0777246438,26291911,Nakuru,Hardware,2024-06-10,25,1.3,8240.0,2,2,0.19,0
DL-14330,Nyambura Supplies,0733366285,30315754,Nairobi,Hardware,2024-02-11,29,0.2,3690.0,1,0,0.0,0
DL-13355,Barasa Supplies,0798352186,28731442,Nairobi,Electronics,2024-06-10,25,3.2,22020.0,0,1,0.23,0
DL-10645,Mwangi Mini Mart,0794020606,14947124,Nakuru,Mini mart,2024-02-11,29,1.1,,0,0,0.54,0
DL-12347,Wafula Enterprises,0792213808,21702017,Nakuru,Mini mart,2024-08-09,23,0.4,3670.0,0,0,0.4,0
DL-11666,Mwangi Mart,0736198742,36690263,Nakuru,Pharmacy,2025-12-02,7,2.4,12890.0,0,1,0.06,0
DL-11138,Barasa Stores,0710156233,21711435,Nairobi,General shop,2025-08-04,11,2.5,4780.0,3,4,0.48,1
DL-10541,Barasa Duka,0753100931,30134375,Nairobi,General shop,2024-11-07,20,0.2,5200.0,0,0,0.67,0
DL-11313,Auma Supplies,0711654277,37423770,Mombasa,General shop,2026-04-01,3,0.7,8700.0,1,1,0.5,0
DL-14296,Mutua Stores,0750443707,16626866,Nairobi,General shop,2025-04-06,15,1.6,2310.0,0,1,0.26,0
DL-11963,Kiprop Stores,0749853978,15829275,Mombasa,General shop,2025-10-03,9,1.2,3660.0,2,1,0.55,0
DL-12361,Wairimu Duka,0789925894,39862036,Kiambu,Hardware,2024-02-11,29,0.8,9110.0,0,1,0.2,0
DL-10306,Wanjiku Traders,0752171574,24963228,Kisumu,General shop,2024-03-12,28,1.2,8660.0,3,3,0.2,0
DL-14807,Wafula Shop,0729411004,37183796,Nairobi,Electronics,2023-06-16,37,1.2,8620.0,1,1,0.13,0
DL-10129,Wanjiku Shop,0746259995,14515208,Kiambu,Mini mart,2024-08-09,23,0.8,8730.0,1,0,0.4,0
DL-10395,Nyambura Mini Mart,0771104498,29113593,Kiambu,Mini mart,2022-05-22,50,2.2,7920.0,3,6,0.26,0
DL-14819,Wafula Enterprises,0717089013,26409335,Nairobi,General shop,2023-08-15,35,3.3,7460.0,0,1,0.15,0
DL-11929,Nyambura Supplies,0732413975,35442070,Nairobi,General shop,2025-02-05,17,1.0,3920.0,1,1,0.33,1
DL-14422,Wairimu Supplies,0765930580,32409980,Kiambu,Agrovet,2025-10-03,9,1.6,8630.0,0,3,0.21,0
DL-14287,Njeri Supplies,0753120535,22598216,Uasin Gishu,Mini mart,2021-07-26,60,2.3,9360.0,0,0,0.36,0
DL-10722,Wafula Duka,0757652245,36368879,Nairobi,General shop,2022-12-18,43,1.0,3520.0,0,0,0.42,0
DL-13221,Wanjiku Stores,0743251808,18755352,Nakuru,Agrovet,2025-05-06,14,0.1,,1,1,1.0,0
DL-13763,Kamau Stores,0793185455,35780469,Nairobi,Mini mart,2024-12-07,19,1.5,4580.0,3,3,0.17,0
DL-10307,Mwangi Stores,0797204076,25453974,Nakuru,Pharmacy,2026-04-01,3,2.7,5820.0,3,2,0.25,1
DL-14591,Barasa Supplies,0786941536,37289130,Uasin Gishu,Agrovet,2025-03-07,16,3.2,3620.0,2,0,0.21,0
DL-13080,Mwangi Duka,0739807997,30002107,Machakos,General shop,2025-02-05,17,1.2,,2,0,0.0,0
DL-10384,Achieng Shop,0775566781,14092208,Mombasa,General shop,2023-06-16,37,0.6,5500.0,1,2,0.57,0
DL-12558,Chebet Traders,0714825717,17498266,Mombasa,Hardware,2025-08-04,11,0.8,3980.0,3,2,0.89,0
DL-12700,Wairimu Supplies,0712364317,26126406,Kiambu,Pharmacy,2023-03-18,40,2.8,7340.0,0,1,0.27,0
DL-10582,Njeri Stores,0719764598,21072358,Mombasa,Electronics,2026-03-02,4,1.2,6850.0,2,0,0.4,0
DL-14493,Atieno Supplies,0736988002,38504064,Mombasa,General shop,2023-08-15,35,0.2,2790.0,0,0,0.5,0
DL-14133,Kiprop Duka,0738978375,14531318,Nakuru,Hardware,2023-08-15,35,1.7,6410.0,0,2,0.2,0
DL-11478,Nyambura Shop,0717605028,37428261,Kiambu,Hardware,2025-04-06,15,2.4,6880.0,1,1,0.48,0
DL-12580,Nyambura Enterprises,0786264885,31452431,Nairobi,Pharmacy,2026-04-01,3,0.3,2680.0,1,0,1.0,1
DL-12810,Achieng Mini Mart,0770648240,35241986,Mombasa,General shop,2025-02-05,17,1.3,4990.0,4,2,0.38,1
DL-10161,Nyambura Duka,0773434606,24384299,Uasin Gishu,Mini mart,2023-11-13,32,0.2,3120.0,0,0,0.0,0
DL-11334,Wairimu Supplies,0737949652,19028739,Kiambu,Mini mart,2025-06-05,13,2.9,4960.0,2,3,0.4,0
DL-14908,Mutua Duka,0776337030,11561084,Nairobi,Electronics,2023-05-17,38,1.2,9900.0,1,0,0.07,0
DL-10936,Omondi Mini Mart,0795224722,30571299,Nairobi,Mini mart,2024-11-07,20,0.8,2270.0,0,0,0.2,0
DL-11366,Wairimu Stores,0733563812,15580754,Meru,General shop,2024-10-08,21,1.0,7140.0,1,1,0.17,0
DL-14998,Kiprop Supplies,0791038295,31007530,Meru,Agrovet,2025-06-05,13,1.3,3460.0,3,1,0.12,0
DL-13121,Njeri Mart,0714940814,27899409,Nairobi,General shop,2025-08-04,11,0.8,5640.0,1,0,0.22,0
DL-14022,Nyambura Traders,0766095247,31009391,Nairobi,Pharmacy,2025-12-02,7,3.4,,3,1,0.29,0
DL-11949,Kiprop Shop,0710116701,18547708,Nakuru,Mini mart,2025-10-03,9,1.6,,0,0,0.14,0
DL-14665,Otieno Shop,0734509177,28324132,Meru,Agrovet,2024-09-08,22,1.0,5050.0,1,2,0.17,0
DL-13873,Wairimu Supplies,0776266707,16956127,Machakos,Hardware,2024-10-08,21,0.7,3810.0,0,0,0.5,0
DL-11159,Wanjiku Shop,0737543780,23154190,Kiambu,,2024-02-11,29,1.9,2800.0,4,5,0.22,1
DL-13989,Kiprop Duka,0746253923,18096995,Mombasa,Mini mart,2026-01-01,6,0.8,2270.0,0,0,0.0,0
DL-11591,Mutua Stores,0710188896,28704533,Nairobi,Pharmacy,2025-08-04,11,2.6,4620.0,2,1,0.21,0
DL-12701,Achieng Enterprises,0790858761,11511360,Nakuru,Mini mart,2024-05-11,26,0.6,2800.0,0,0,0.14,0
DL-12744,Wanjiku Traders,0782399458,18861301,Machakos,General shop,2025-12-02,7,1.4,14800.0,5,3,0.2,1
DL-11880,Kamau Shop,0726877685,17924127,Kisumu,General shop,2025-06-05,13,1.1,7670.0,0,1,0.62,0
DL-13636,Omondi Traders,0769711177,31399737,Nairobi,General shop,2025-05-06,14,2.4,5920.0,5,5,0.21,1
DL-12529,Mwangi Duka,0789819042,39426798,Mombasa,,2024-09-08,22,0.8,3050.0,1,0,0.33,0
DL-12081,Wafula Mart,0712748507,14242026,Kisumu,General shop,2024-02-11,29,1.2,11790.0,0,0,0.29,0
DL-13182,Omondi Mini Mart,0733120765,21085500,Nakuru,Pharmacy,2021-10-24,57,0.8,10060.0,2,1,0.56,0
DL-14143,Otieno Supplies,0721886003,24198448,Machakos,Hardware,2026-04-01,3,0.3,3670.0,1,0,0.0,0
DL-14125,Chebet Enterprises,0782817085,26938643,Kiambu,Mini mart,2024-04-11,27,2.2,1810.0,0,0,0.41,0
DL-13053,Barasa Duka,0775986565,29440629,Kiambu,Pharmacy,2025-05-06,14,1.1,7660.0,0,1,0.38,0
DL-13225,Omondi Enterprises,0733112049,33475883,Meru,Mini mart,2024-04-11,27,3.5,12010.0,3,1,0.05,0
DL-14597,Wanjiku Shop,0778756429,18121586,Mombasa,Hardware,2025-02-05,17,2.7,9220.0,2,3,0.22,1
DL-11846,Atieno Duka,0726961039,34365958,Kiambu,Mini mart,2024-08-09,23,1.1,14940.0,1,1,0.08,0
DL-14935,Wafula Duka,0773550876,32714266,Nairobi,General shop,2022-03-23,52,1.1,11140.0,2,2,0.15,0
DL-11268,Njeri Supplies,0787336266,24890935,Nairobi,General shop,2025-02-05,17,1.0,7770.0,2,1,0.0,0
DL-13230,Otieno Mini Mart,0778741673,28344487,Nairobi,Mini mart,2025-05-06,14,0.8,3920.0,0,1,0.4,0
DL-14528,Atieno Traders,0753244164,13831423,Kisumu,Hardware,2025-08-04,11,1.0,11260.0,4,1,0.09,0
DL-12301,Barasa Traders,0782934296,17432253,Uasin Gishu,General shop,2024-06-10,25,0.6,2670.0,0,2,0.86,0
DL-10996,Barasa Shop,0770745171,28734179,Kisumu,General shop,2024-05-11,26,3.9,12470.0,6,5,0.09,1
DL-10044,Auma Enterprises,0719980175,11797242,Meru,Mini mart,2024-05-11,26,1.2,3080.0,2,3,0.43,0
DL-12739,Kiprop Supplies,0790946870,15944172,Kiambu,Hardware,2025-05-06,14,0.9,3680.0,1,0,0.64,0
DL-14462,Nyambura Stores,0749974500,14975754,Machakos,Electronics,2025-05-06,14,0.6,6130.0,1,0,0.57,0
DL-13838,Atieno Duka,0765596698,28631205,Meru,Pharmacy,2025-07-05,12,1.9,12490.0,0,1,0.26,0
DL-10260,Atieno Supplies,0731868250,22290923,Uasin Gishu,General shop,2024-05-11,26,2.9,6160.0,3,9,0.63,1
DL-12860,Omondi Supplies,0799362699,12778700,Nakuru,Mini mart,2025-06-05,13,0.8,9550.0,2,2,0.33,1
DL-12783,Atieno Duka,0797940492,24390236,Nakuru,General shop,2024-09-08,22,1.2,3320.0,0,1,0.14,0
DL-13096,Barasa Stores,0731404040,22179838,Kisumu,General shop,2025-09-03,10,1.2,3970.0,1,1,0.42,0
DL-14652,Chebet Shop,0725615995,31484234,Kisumu,General shop,2025-09-03,10,0.4,4100.0,0,1,0.0,0
DL-12623,Nyambura Duka,0762628322,20792361,Machakos,Electronics,2024-07-10,24,0.6,8330.0,0,2,0.14,0
DL-14668,Kiprop Duka,0752612095,23135044,Kiambu,General shop,2024-07-10,24,0.7,,0,1,0.62,1
DL-14434,Mutua Mart,0777765727,37556056,Mombasa,General shop,2024-06-10,25,1.3,11260.0,1,0,0.06,0
DL-13326,Mutua Stores,0796732421,14971187,Nakuru,General shop,2025-04-06,15,2.0,5110.0,1,1,0.04,0
DL-10599,Atieno Shop,0755289801,31182092,Nairobi,Agrovet,2025-11-02,8,1.2,8350.0,0,1,0.0,0
DL-14856,Chebet Supplies,0724778753,39997573,Nairobi,General shop,2026-05-31,1,1.0,5830.0,0,0,1.0,0
DL-10419,Kiprop Duka,0712885258,15072367,Nairobi,General shop,2024-09-08,22,0.8,,2,0,0.22,0
DL-12136,Kiprop Stores,0720828149,18749496,Nairobi,Electronics,2022-08-20,47,2.1,,2,2,0.04,0
DL-11246,Wairimu Stores,0772385225,27531510,Nakuru,Pharmacy,2024-06-10,25,1.5,10840.0,0,0,0.5,0
DL-11232,Omondi Supplies,0773986697,15528033,Nakuru,Hardware,2024-02-11,29,0.8,5220.0,3,0,1.0,0
DL-12266,Otieno Duka,0788753216,30506502,Nairobi,Agrovet,2022-05-22,50,0.8,2970.0,0,0,0.0,0
DL-12204,Wanjiku Stores,0723645648,25291092,Nairobi,Hardware,2024-12-07,19,2.7,4590.0,3,3,0.59,0
DL-11812,Omondi Duka,0723955678,10968271,Mombasa,Pharmacy,2025-02-05,17,0.1,,2,1,0.0,0
DL-10275,Kamau Enterprises,0742681325,29689166,Meru,,2024-12-07,19,3.4,12260.0,1,6,0.22,0
DL-10705,Mutua Mini Mart,0799628172,39885129,Machakos,Agrovet,2021-07-26,60,0.5,5200.0,0,1,0.33,0
DL-13842,Chebet Supplies,0776060244,18250632,Nakuru,Mini mart,2025-09-03,10,1.6,12220.0,0,4,0.69,1
DL-14549,Barasa Traders,0717249667,17177486,Mombasa,Pharmacy,2025-04-06,15,4.9,10590.0,2,8,0.12,1
DL-10113,Chebet Mart,0767414971,24665456,Nairobi,General shop,2021-07-26,60,2.8,3360.0,3,5,0.15,0
DL-14167,Mwangi Duka,0788574838,22200874,Mombasa,Agrovet,2025-12-02,7,1.6,3900.0,1,0,0.45,0
DL-14013,Omondi Traders,0783307308,18297606,Mombasa,Agrovet,2025-11-02,8,3.6,3020.0,3,6,0.52,0
DL-12130,Chebet Supplies,0782165111,38671254,Nakuru,Mini mart,2025-10-03,9,0.8,6090.0,0,1,0.57,0
DL-13228,Nyambura Shop,0726317568,17795604,Nakuru,Pharmacy,2025-03-07,16,1.4,7940.0,0,0,0.41,0
DL-12926,Kiprop Supplies,0713650610,38486148,Kiambu,Pharmacy,2025-09-03,10,2.1,7180.0,3,3,0.14,1
DL-10141,Wairimu Mini Mart,0788528218,24863441,Nairobi,Mini mart,2023-07-16,36,2.6,8930.0,1,2,0.19,0
DL-14547,Barasa Stores,0795778251,25784687,Meru,General shop,2025-10-03,9,0.8,7830.0,1,1,0.14,0
DL-14579,Barasa Mini Mart,0743615040,25265952,Nairobi,General shop,2022-09-19,46,1.5,10690.0,2,3,0.11,0
DL-11565,Mutua Shop,0755898364,30702437,Uasin Gishu,Mini mart,2025-05-06,14,1.8,16400.0,2,1,0.19,0
DL-13765,Kiprop Mart,0797947109,24191179,Nairobi,General shop,2024-09-08,22,0.3,8180.0,1,1,0.0,0
DL-13988,Kamau Stores,0781455618,33860032,Nairobi,General shop,2026-04-01,3,0.7,5680.0,1,1,1.0,0
DL-12412,Wairimu Mini Mart,0773069893,23121419,Nakuru,Agrovet,2024-12-07,19,0.4,,1,1,0.2,0
DL-11653,Omondi Enterprises,0727376939,10962524,Mombasa,Mini mart,2025-07-05,12,2.5,5300.0,2,1,0.1,0
DL-13531,Auma Mini Mart,0764449354,36015378,Nairobi,Mini mart,2025-09-03,10,4.9,7400.0,0,0,0.29,0
DL-10104,Wanjiku Supplies,0781120799,29892168,Nakuru,General shop,2023-12-13,31,3.8,4830.0,0,2,0.3,0
DL-14052,Mwangi Mini Mart,0737294431,21425986,Nairobi,Mini mart,2023-10-14,33,0.3,5250.0,0,0,0.5,0
DL-11857,Omondi Duka,0796135225,28924730,Machakos,Pharmacy,2025-07-05,12,1.8,6210.0,0,0,0.14,0
DL-14997,Wanjiku Traders,0717671309,34643141,Mombasa,Hardware,2024-07-10,24,0.2,4200.0,1,1,0.67,0
DL-13778,Mwangi Mini Mart,0760553440,17131040,Nairobi,Electronics,2025-07-05,12,2.0,5210.0,0,1,0.04,0
DL-12329,Wanjiku Supplies,0746252817,14175268,Nakuru,Mini mart,2024-11-07,20,0.8,7100.0,1,1,0.1,0
DL-13976,Wairimu Stores,0758571369,39817378,Kisumu,General shop,2025-06-05,13,0.4,6050.0,2,0,1.0,1
DL-13889,Nyambura Enterprises,0720416296,12892653,Kiambu,Agrovet,2025-11-02,8,3.6,4370.0,13,18,0.38,1
DL-12709,Kiprop Duka,0779314068,18310649,Mombasa,Mini mart,2025-12-02,7,1.0,,0,2,0.14,0
DL-14337,Chebet Mart,0778227331,25829100,Meru,General shop,2025-07-05,12,2.6,3890.0,5,2,0.16,0
DL-12478,Kiprop Duka,0771352166,30621973,Uasin Gishu,General shop,2025-07-05,12,3.8,6520.0,10,13,0.15,1
DL-12862,Omondi Shop,0773654793,23302113,Mombasa,Mini mart,2026-04-01,3,0.7,1660.0,3,0,0.0,0
DL-14192,Mwangi Traders,0728874398,38441008,Machakos,Electronics,2023-10-14,33,1.0,8820.0,1,1,0.17,0
DL-12515,Otieno Traders,0725649739,15202382,Mombasa,Pharmacy,2025-02-05,17,0.9,9980.0,0,0,0.09,0
DL-14857,Barasa Shop,0798097659,17217450,Machakos,General shop,2023-09-14,34,3.1,12200.0,4,7,0.14,1
DL-13564,Otieno Traders,0778371169,21012449,Kiambu,Pharmacy,2024-12-07,19,0.2,4550.0,3,1,0.0,0
DL-10084,Achieng Traders,0730236498,18267429,Mombasa,Agrovet,2025-09-03,10,0.3,1660.0,1,0,0.0,0
DL-11718,Mwangi Enterprises,0755649772,10785774,Nairobi,Pharmacy,2025-01-06,18,1.4,10490.0,1,1,0.18,1
DL-14105,Wairimu Supplies,0713108637,22009672,Mombasa,General shop,2024-11-07,20,0.3,5850.0,0,0,0.25,1
DL-12652,Nyambura Traders,0734187418,30447348,Nakuru,Mini mart,2024-04-11,27,3.1,6600.0,3,0,0.7,0
DL-11339,Achieng Mini Mart,0766743702,26361018,Kiambu,Pharmacy,2023-07-16,36,0.2,7590.0,1,1,0.0,0
DL-13895,Atieno Mart,0782170617,20457868,Kiambu,General shop,2025-02-05,17,0.8,2790.0,1,0,0.0,0
DL-10276,Wairimu Mini Mart,0759397937,37678850,Nairobi,General shop,2024-04-11,27,1.2,,1,0,0.2,0
DL-11408,Auma Enterprises,0731954725,16152265,Machakos,Mini mart,2023-09-14,34,1.2,3530.0,0,0,0.27,0
DL-11372,Barasa Traders,0772420656,21718162,Nakuru,Mini mart,2024-03-12,28,3.3,2700.0,4,4,0.12,0
DL-13844,Wairimu Enterprises,0758092650,26531792,Nairobi,General shop,2023-08-15,35,0.8,,0,1,0.4,0
DL-13994,Barasa Stores,0734316929,16580297,Uasin Gishu,Electronics,2025-08-04,11,1.7,7510.0,3,2,0.32,0
DL-14184,Wafula Stores,0768439518,12876524,Kisumu,General shop,2024-12-07,19,0.4,9300.0,2,1,0.2,0
DL-10090,Nyambura Duka,0788660549,24343019,Machakos,General shop,2025-07-05,12,1.5,8860.0,1,2,0.28,1
DL-14376,Barasa Enterprises,0770565694,25512711,Nakuru,General shop,2024-08-09,23,2.2,3760.0,0,4,0.0,1
DL-13055,Barasa Traders,0718137523,16906218,Nairobi,General shop,2023-05-17,38,0.2,2470.0,1,1,0.0,0
DL-11906,Auma Supplies,0749566555,32219024,Meru,Agrovet,2025-06-05,13,1.7,10470.0,1,1,0.3,0
DL-12699,Kiprop Traders,0775888828,28506950,Nairobi,General shop,2025-08-04,11,0.5,5820.0,0,0,0.0,0
DL-11823,Mutua Mart,0718188204,28883766,Kiambu,General shop,2024-07-10,24,3.5,5220.0,1,4,0.19,1
DL-13417,Auma Stores,0787638381,28949934,Nairobi,General shop,2021-07-26,60,1.6,9520.0,1,2,0.26,0
DL-11426,Mwangi Supplies,0712513070,23491482,Mombasa,General shop,2025-08-04,11,1.0,4650.0,1,0,0.36,0
DL-13412,Kamau Supplies,0775808327,13652338,Nakuru,General shop,2023-06-16,37,2.1,4140.0,2,2,0.32,0
DL-14461,Atieno Stores,0775663522,19342043,Nairobi,Electronics,2025-04-06,15,0.4,11660.0,0,0,0.0,0
DL-12071,Nyambura Traders,0717620801,32752319,Kiambu,Agrovet,2024-06-10,25,0.8,4410.0,0,1,0.6,0
DL-14772,Barasa Traders,0733300824,24816682,Nairobi,General shop,2025-09-03,10,0.4,7140.0,2,1,0.0,0
DL-12026,Mwangi Enterprises,0749285419,25936915,Nairobi,General shop,2025-01-06,18,3.1,4710.0,3,4,0.19,0
DL-10998,Achieng Shop,0715624940,35444061,Nairobi,Pharmacy,2025-02-05,17,2.2,2120.0,2,1,0.41,0
DL-12358,Otieno Enterprises,0795117623,34967102,Machakos,Agrovet,2021-07-26,60,0.7,4520.0,0,0,0.25,0
DL-13108,Omondi Shop,0774219338,18333187,Nairobi,Mini mart,2025-04-06,15,0.9,2720.0,0,0,0.45,0
DL-13425,Chebet Supplies,0755456162,33568290,Machakos,General shop,2025-04-06,15,0.8,5670.0,3,1,0.4,0
DL-11759,Otieno Supplies,0715269364,32548824,Nairobi,General shop,2025-04-06,15,0.3,3910.0,1,0,0.5,0
DL-13451,Wairimu Enterprises,0726651176,22066499,Kiambu,General shop,2025-03-07,16,1.1,,1,3,0.23,0
DL-12288,Achieng Shop,0786676511,13590944,Uasin Gishu,General shop,2024-09-08,22,0.6,12110.0,0,2,0.14,0
DL-12714,Atieno Traders,0730076245,32211884,Nairobi,General shop,2024-04-11,27,1.1,1780.0,3,1,0.31,0
DL-11342,Omondi Enterprises,0733334502,13805253,Machakos,Mini mart,2025-04-06,15,2.9,6770.0,0,3,0.29,0
DL-14190,Otieno Shop,0799708862,38906148,Mombasa,Pharmacy,2024-05-11,26,1.5,8950.0,2,3,0.28,0
DL-12146,Achieng Traders,0755127551,31730586,Nairobi,Hardware,2025-11-02,8,1.0,7540.0,2,1,0.0,0
DL-10167,Wanjiku Traders,0764720289,15025838,Nairobi,General shop,2025-08-04,11,0.9,7130.0,2,2,0.0,0
DL-10496,Njeri Mart,0743227282,39474098,Mombasa,Mini mart,2025-06-05,13,1.2,3920.0,1,1,0.43,1
DL-13161,Wafula Mini Mart,0784912046,12667643,Kisumu,Electronics,2024-05-11,26,2.6,9550.0,1,1,0.45,0
DL-14810,Auma Stores,0790205887,14779529,Nairobi,Pharmacy,2024-11-07,20,1.5,3480.0,4,3,0.17,0
DL-14427,Kamau Duka,0719912449,31786359,Nairobi,Mini mart,2025-08-04,11,2.2,8760.0,2,3,0.17,0
DL-10219,Achieng Supplies,0781634956,31118667,Kisumu,Pharmacy,2023-12-13,31,0.4,4330.0,2,0,0.8,0
DL-12481,Wanjiku Stores,0730014893,18925618,Meru,General shop,2024-06-10,25,0.7,5380.0,1,0,0.62,0
DL-13986,Barasa Mart,0721778211,21051834,Kiambu,Pharmacy,2025-10-03,9,3.7,6540.0,3,4,0.12,0
DL-12534,Wafula Stores,0724770847,37832123,Kisumu,Mini mart,2025-12-02,7,3.3,7170.0,1,2,0.39,0
DL-13730,Wanjiku Mini Mart,0724017654,20880474,Nairobi,Hardware,2025-05-06,14,0.8,7700.0,0,0,0.1,0
DL-11537,Otieno Enterprises,0726465948,37594992,Kisumu,Mini mart,2025-08-04,11,1.8,4230.0,0,0,0.45,0
DL-14627,Kamau Stores,0757528214,28808324,Machakos,Mini mart,2023-10-14,33,1.2,15940.0,0,0,0.27,0
DL-10305,Omondi Supplies,0799165066,37354896,Nakuru,Mini mart,2025-09-03,10,2.1,6710.0,2,2,0.14,0
DL-13843,Chebet Mart,0713962861,32699729,Nairobi,Pharmacy,2026-01-01,6,4.0,4870.0,2,0,0.42,0
DL-10196,Wanjiku Duka,0773032212,14251504,Kiambu,Mini mart,2025-02-05,17,0.4,10290.0,0,0,0.2,0
DL-11146,Barasa Duka,0732417883,20568634,Mombasa,Agrovet,2021-07-26,60,0.4,13770.0,1,0,0.2,0
DL-14590,Achieng Shop,0788674162,31262095,Nairobi,Pharmacy,2025-08-04,11,0.2,4340.0,3,2,0.0,0
DL-10110,Wafula Stores,0789295667,22213943,Nairobi,Mini mart,2025-05-06,14,1.8,6620.0,0,2,0.38,0
DL-13554,Mwangi Mart,0712225795,19307737,Nakuru,Pharmacy,2025-07-05,12,1.0,6380.0,0,1,0.42,0
DL-14465,Nyambura Mart,0727085710,17428438,Nairobi,Electronics,2025-06-05,13,0.3,2840.0,0,0,0.25,0
DL-11661,Barasa Enterprises,0780716107,30442474,Nairobi,General shop,2025-11-02,8,1.6,5370.0,4,1,0.31,0
DL-10926,Kamau Mart,0722959049,29833070,Kisumu,General shop,2024-12-07,19,1.2,5080.0,1,1,0.0,0
DL-11815,Atieno Supplies,0781443334,14901099,Meru,Mini mart,2024-10-08,21,1.1,6940.0,0,0,0.23,0
DL-14492,Wafula Mini Mart,0784232941,22828225,Kiambu,General shop,2021-08-25,59,2.1,4640.0,1,1,0.48,0
DL-10797,Kiprop Mini Mart,0715668237,24811478,Mombasa,General shop,2023-03-18,40,0.8,13160.0,0,1,0.1,0
DL-11298,Njeri Enterprises,0784979399,37162830,Uasin Gishu,General shop,2025-09-03,10,0.9,5490.0,4,5,0.11,1
DL-13259,Achieng Supplies,0712646410,24162733,Kisumu,Mini mart,2025-05-06,14,0.6,1900.0,1,0,0.29,0
DL-11062,Mwangi Duka,0793287005,16912551,Nairobi,General shop,2021-07-26,60,1.2,20890.0,2,3,0.27,1
DL-14514,Wafula Supplies,0785036300,22014310,Uasin Gishu,General shop,2023-12-13,31,1.2,6330.0,0,0,0.27,0
DL-13280,Nyambura Duka,0745659820,38610440,Machakos,General shop,2024-12-07,19,1.4,10610.0,2,0,0.47,1
DL-14471,Auma Mart,0785314798,16943798,Kiambu,Mini mart,2026-05-01,2,2.0,9260.0,2,2,0.0,0
DL-14566,Njeri Supplies,0750901170,36876571,Nakuru,,2025-04-06,15,0.5,9700.0,3,1,0.17,0
DL-13320,Chebet Shop,0775246834,32776654,Nakuru,General shop,2025-10-03,9,1.1,12450.0,3,4,0.1,0
DL-13971,Wanjiku Enterprises,0748335098,13562367,Kisumu,Mini mart,2024-07-10,24,0.2,19060.0,1,0,0.0,0
DL-13317,Chebet Supplies,0729587721,10097650,Nairobi,General shop,2023-09-14,34,1.7,4630.0,2,1,0.45,0
DL-11359,Mutua Duka,0734393573,11815659,Machakos,Electronics,2026-04-01,3,3.0,7080.0,3,1,0.0,0
DL-11761,Nyambura Shop,0727954437,16072781,Uasin Gishu,Mini mart,2022-10-19,45,1.7,3640.0,0,0,0.45,0
DL-14894,Auma Stores,0733906411,37409164,Uasin Gishu,Agrovet,2024-06-10,25,0.6,7960.0,1,2,0.14,0
DL-12059,Omondi Enterprises,0775080002,20974073,Mombasa,Pharmacy,2021-12-23,55,1.9,1680.0,1,1,0.22,0
DL-12892,Mwangi Enterprises,0714728292,23562509,Nairobi,General shop,2025-10-03,9,1.9,5640.0,3,5,0.41,0
DL-13734,Auma Mart,0729534198,27232445,Kisumu,General shop,2025-08-04,11,0.9,5110.0,1,1,0.1,0
DL-13557,Wairimu Mini Mart,0760997498,27409553,Nairobi,Agrovet,2024-08-09,23,1.4,3420.0,4,2,0.06,0
DL-11486,Mutua Enterprises,0792383985,20439844,Mombasa,Mini mart,2021-07-26,60,1.6,3870.0,1,0,0.26,0
DL-14634,Achieng Mart,0745808420,25185155,Mombasa,Hardware,2025-10-03,9,3.1,9060.0,1,4,0.61,0
DL-13779,Wafula Duka,0779407683,36193043,Mombasa,General shop,2025-12-02,7,1.0,15700.0,2,1,0.0,1
DL-14576,Otieno Shop,0737660381,26344065,Nairobi,General shop,2026-05-01,2,0.5,,1,0,1.0,1
DL-14319,Nyambura Traders,0762054373,28261343,Nairobi,Agrovet,2023-08-15,35,1.3,5260.0,6,3,0.56,0
DL-10672,Wairimu Traders,0788409975,29353191,Nairobi,General shop,2025-08-04,11,0.5,8310.0,1,1,0.67,0
DL-14071,Kiprop Mini Mart,0763382224,21701777,Nakuru,Pharmacy,2025-04-06,15,0.1,6140.0,0,0,1.0,0
DL-11393,Achieng Duka,0753456931,31121545,Uasin Gishu,Mini mart,2025-06-05,13,3.1,8230.0,1,2,0.32,0
DL-13141,Njeri Shop,0787096187,18009344,Nairobi,General shop,2022-11-18,44,2.3,1890.0,7,11,0.39,1
DL-12653,Barasa Duka,0792839446,38142834,Mombasa,Pharmacy,2025-09-03,10,0.7,2970.0,2,1,0.29,0
DL-10580,Wanjiku Stores,0744237526,21116483,Mombasa,General shop,2026-01-31,5,0.2,7920.0,1,0,0.0,1
DL-11045,Atieno Stores,0753243747,22252092,Mombasa,Mini mart,2025-10-03,9,1.0,3260.0,0,0,0.44,0
DL-14173,Kiprop Shop,0745013729,26852249,Nairobi,General shop,2025-03-07,16,2.8,5140.0,4,2,0.21,0
DL-12595,Kamau Traders,0771799714,25229161,Nairobi,Pharmacy,2025-12-02,7,2.3,5570.0,1,1,0.31,0
DL-12796,Nyambura Enterprises,0797929499,39515807,Mombasa,Mini mart,2025-05-06,14,0.2,2840.0,0,1,0.0,0
DL-13477,Achieng Stores,0727600941,20228627,Nairobi,General shop,2021-12-23,55,0.3,3160.0,2,1,0.25,0
DL-14221,Nyambura Shop,0745868902,17601579,Nairobi,Electronics,2024-12-07,19,2.8,10000.0,5,2,0.38,1
DL-13114,Mutua Enterprises,0736817014,30786145,Mombasa,Mini mart,2025-11-02,8,2.9,6280.0,3,2,0.09,0
DL-13588,Kamau Traders,0748596161,23710169,Mombasa,Agrovet,2024-03-12,28,2.3,4480.0,2,2,0.54,1
DL-13961,Wairimu Shop,0765774169,34888755,Nairobi,Hardware,2025-05-06,14,2.4,3760.0,5,3,0.14,1
DL-11960,Mwangi Supplies,0768516243,13710087,Nairobi,Electronics,2025-10-03,9,1.0,4210.0,3,2,0.22,0
DL-11932,Kiprop Traders,0735294464,13365224,Uasin Gishu,Mini mart,2026-01-31,5,2.0,5590.0,0,0,0.5,0
DL-11596,Omondi Duka,0792201288,16520772,Nairobi,General shop,2023-11-13,32,1.4,4170.0,0,2,0.35,0
DL-14672,Wafula Mini Mart,0778228457,10232234,Kisumu,Pharmacy,2025-03-07,16,1.3,4260.0,3,1,0.44,0
DL-14717,Omondi Shop,0717846894,12793619,Nairobi,Mini mart,2025-07-05,12,2.5,5810.0,4,5,0.13,1
DL-10767,Wairimu Duka,0773338456,22146299,Kiambu,General shop,2025-05-06,14,4.4,17790.0,6,19,0.43,1
DL-10659,Kamau Shop,0750909571,13197273,Nakuru,Agrovet,2024-09-08,22,2.6,3080.0,1,2,0.45,0
DL-14939,Wanjiku Duka,0782865134,20925550,Meru,Mini mart,2025-02-05,17,1.1,4880.0,0,0,0.31,0
DL-13572,Atieno Enterprises,0729237104,18608100,Machakos,General shop,2022-05-22,50,0.6,14340.0,4,0,0.43,0
DL-10622,Wairimu Duka,0754735731,23188884,Kisumu,General shop,2025-08-04,11,1.5,3640.0,1,1,0.47,0
DL-14964,Nyambura Enterprises,0794813383,11691837,Nairobi,General shop,2025-02-05,17,0.4,4190.0,1,0,0.0,0
DL-14355,Kiprop Mart,0717001630,25486009,Nairobi,Agrovet,2026-01-31,5,0.8,5900.0,0,0,0.25,0
DL-14378,Wanjiku Enterprises,0742650958,24908024,Nakuru,Mini mart,2022-12-18,43,0.8,6570.0,2,1,0.3,0
DL-14051,Mutua Shop,0783080492,26793896,Kiambu,Hardware,2022-12-18,43,0.9,1900.0,0,1,0.36,1
DL-12682,Kiprop Mini Mart,0730943371,22089318,Kisumu,General shop,2025-09-03,10,1.5,4720.0,1,5,0.2,0
DL-11184,Nyambura Traders,0741099527,30119233,Kisumu,General shop,2025-11-02,8,0.5,15860.0,1,1,0.25,0
DL-11973,Otieno Traders,0722957030,16501807,Mombasa,Electronics,2024-10-08,21,0.2,5340.0,2,1,0.33,0
DL-14551,Kiprop Enterprises,0773993998,25354261,Nairobi,Hardware,2026-04-01,3,1.7,4130.0,1,0,0.2,0
DL-13858,Kiprop Enterprises,0783494271,26995295,Nakuru,Mini mart,2026-01-01,6,1.3,3060.0,0,4,0.62,0
DL-14530,Chebet Traders,0763579992,39246449,Kiambu,General shop,2025-07-05,12,1.2,6770.0,0,0,0.07,0
DL-13735,Achieng Shop,0743218691,23523834,Nairobi,Hardware,2023-12-13,31,1.2,13220.0,0,0,0.13,0
DL-12935,Mwangi Mart,0714738630,36984977,Nairobi,Electronics,2025-03-07,16,3.2,7110.0,1,1,0.21,0
DL-14395,Wafula Mini Mart,0741506470,38941550,Meru,General shop,2026-01-01,6,1.8,6030.0,0,1,0.18,0
DL-13992,Omondi Enterprises,0742701212,15902381,Nairobi,General shop,2025-10-03,9,1.7,8600.0,1,1,0.4,1
DL-11874,Atieno Stores,0758232797,11122876,Nairobi,General shop,2024-08-09,23,3.0,13730.0,1,1,0.47,0
DL-14534,Auma Mart,0761540407,26832371,Kiambu,General shop,2024-07-10,24,2.5,2370.0,1,2,0.4,0
DL-12373,Kamau Stores,0799708486,39899257,Kiambu,Agrovet,2024-10-08,21,1.4,4100.0,5,0,0.24,0
DL-12451,Kamau Mart,0798915652,37218998,Machakos,Mini mart,2025-06-05,13,0.5,9370.0,1,0,0.17,1
DL-13337,Nyambura Duka,0788936233,17858509,Nairobi,Agrovet,2025-06-05,13,2.2,3480.0,3,2,0.15,1
DL-14008,Auma Shop,0795299067,18708189,Nairobi,Electronics,2024-01-12,30,1.3,3730.0,3,2,0.75,0
DL-14388,Wanjiku Duka,0728860786,33536218,Nakuru,General shop,2022-03-23,52,0.7,6990.0,0,0,0.25,0
DL-11837,Otieno Mart,0744839618,31596613,Kisumu,Hardware,2026-01-01,6,2.5,4390.0,4,3,0.2,1
DL-14374,Otieno Enterprises,0719019215,34717959,Mombasa,General shop,2024-08-09,23,3.9,2960.0,2,4,0.68,1
DL-10655,Chebet Shop,0723821809,36356051,Machakos,General shop,2025-06-05,13,2.1,1550.0,1,3,0.24,0
DL-11058,Omondi Mart,0747171596,38844970,Nairobi,Pharmacy,2025-10-03,9,1.4,10320.0,0,1,0.46,0
DL-10732,Kiprop Shop,0770966184,29135493,Nairobi,Pharmacy,2026-01-31,5,1.8,11070.0,0,2,0.22,0
DL-13783,Wairimu Traders,0796849698,15946645,Meru,Mini mart,2026-01-31,5,2.4,6410.0,1,3,0.25,0
DL-10553,Barasa Enterprises,0770712655,22950700,Nairobi,Electronics,2024-04-11,27,1.5,4510.0,0,0,0.11,0
DL-12142,Achieng Stores,0798936954,25260240,Machakos,Mini mart,2024-10-08,21,0.8,3200.0,1,1,0.33,0
DL-10277,Kamau Traders,0797504983,27247975,Mombasa,,2024-09-08,22,0.8,4820.0,1,0,0.11,0
DL-11900,Mutua Mini Mart,0719823675,20583365,Kiambu,Agrovet,2024-01-12,30,0.8,5740.0,2,1,0.44,0
DL-13303,Omondi Supplies,0767831998,32276434,Nairobi,General shop,2024-10-08,21,2.8,4240.0,2,3,0.18,0
DL-12293,Kamau Supplies,0774906593,33973588,Kisumu,Pharmacy,2024-06-10,25,2.7,11710.0,8,10,0.22,1
DL-13897,Otieno Traders,0777826445,35934036,Nakuru,Electronics,2025-07-05,12,1.2,4610.0,1,2,0.5,0
DL-11191,Wairimu Supplies,0779942048,19254103,Nakuru,Hardware,2026-05-31,1,3.0,3220.0,2,1,0.67,0
DL-11356,Kiprop Supplies,0762507026,22513605,Nairobi,Pharmacy,2025-05-06,14,0.8,2520.0,1,1,0.11,0
DL-11694,Atieno Supplies,0725903380,27736227,Nairobi,General shop,2026-05-01,2,1.5,15790.0,1,1,0.67,0
DL-13806,Wairimu Shop,0797628918,11744152,Nakuru,General shop,2024-01-12,30,1.3,16770.0,3,2,0.56,0
DL-14871,Kamau Stores,0797119023,29810810,Machakos,General shop,2024-03-12,28,0.2,13980.0,0,0,0.0,0
DL-10426,Omondi Mart,0750600783,13036819,Kiambu,General shop,2025-01-06,18,0.9,11350.0,3,2,0.27,1
DL-11186,Wanjiku Shop,0746045890,18827302,Nairobi,Hardware,2025-09-03,10,0.4,7820.0,1,1,0.0,0
DL-10865,Mwangi Mart,0767194896,14113639,Machakos,Agrovet,2025-01-06,18,2.7,5380.0,7,8,0.22,1
DL-13015,Wafula Supplies,0720280517,18129264,Nakuru,General shop,2025-10-03,9,1.9,8760.0,3,3,0.35,1
DL-11709,Mutua Supplies,0747458708,15355839,Nairobi,Mini mart,2025-01-06,18,1.3,9120.0,1,2,0.06,0
DL-11245,Kiprop Shop,0761181872,10750721,Meru,,2025-02-05,17,2.2,11110.0,2,1,0.22,0
DL-13669,Wairimu Mini Mart,0722578823,25827048,Nairobi,Agrovet,2023-06-16,37,2.8,6670.0,0,0,0.35,0
DL-11528,Kiprop Shop,0771124226,11205839,Uasin Gishu,Mini mart,2025-08-04,11,2.5,6100.0,1,5,0.29,0
DL-14697,Kiprop Stores,0722654940,33644642,Nakuru,General shop,2025-07-05,12,2.2,8820.0,0,0,0.35,0
DL-13106,Barasa Mart,0732206837,28922659,Mombasa,Mini mart,2025-02-05,17,0.3,2250.0,0,0,0.0,0
DL-10217,Njeri Enterprises,0727033187,36221610,Nakuru,Electronics,2025-12-02,7,2.1,7990.0,2,4,0.27,0
DL-14309,Wanjiku Stores,0742641892,24639635,Kiambu,General shop,2026-01-01,6,1.8,2750.0,3,1,0.27,0
DL-14131,Njeri Duka,0748865478,19635059,Nairobi,Electronics,2025-03-07,16,1.2,3670.0,0,2,0.0,0
DL-12955,Atieno Shop,0718320486,34378603,Nairobi,Electronics,2026-01-01,6,0.2,2210.0,0,0,0.0,0
DL-13694,Kiprop Enterprises,0783304524,14832429,Nakuru,Hardware,2026-01-31,5,1.2,14840.0,3,2,0.17,1
DL-14463,Achieng Mini Mart,0734312498,34009536,Nairobi,General shop,2025-03-07,16,0.8,236360.0,0,2,0.22,0
DL-14108,Achieng Mini Mart,0789822253,15843360,Nairobi,General shop,2025-09-03,10,0.7,12430.0,1,1,0.14,0
DL-10476,Mutua Enterprises,0734843695,34095830,Uasin Gishu,Mini mart,2024-09-08,22,1.8,3650.0,6,5,0.14,0
DL-13415,Njeri Duka,0758884336,27494653,Nairobi,General shop,2025-07-05,12,0.3,7840.0,0,0,0.25,1
DL-13270,Nyambura Shop,0728098624,29256191,Mombasa,Agrovet,2024-08-09,23,0.5,6640.0,0,1,0.67,0
DL-12282,Chebet Supplies,0768144734,26181566,Kisumu,Mini mart,2025-06-05,13,0.3,4400.0,2,0,0.25,0
DL-12743,Wafula Stores,0738209907,31083127,Machakos,Hardware,2025-08-04,11,1.4,7220.0,3,2,0.53,0
DL-10728,Atieno Mini Mart,0782809592,17360448,Kiambu,Electronics,2024-09-08,22,1.2,5880.0,1,0,0.21,1
DL-11632,Wanjiku Enterprises,0777032109,39726525,Kiambu,General shop,2025-12-02,7,0.7,4910.0,0,1,0.0,0
DL-14045,Wairimu Mini Mart,0748954815,37862977,Kisumu,Mini mart,2023-04-17,39,1.4,5270.0,3,0,0.59,0
DL-10013,Nyambura Mart,0755979677,21909533,Nakuru,General shop,2024-09-08,22,0.2,5770.0,2,0,0.0,0
DL-11023,Wairimu Mart,0726316616,16454066,Nairobi,Mini mart,2024-11-07,20,0.2,6880.0,0,1,0.33,0
DL-14703,Kiprop Mini Mart,0725457025,34700365,Nairobi,General shop,2025-11-02,8,0.8,18090.0,2,0,0.0,0
DL-10435,Wairimu Stores,0779999798,37096838,Nairobi,Mini mart,2025-09-03,10,3.1,13330.0,5,3,0.35,1
DL-14113,Omondi Supplies,0783513719,29993147,Nairobi,General shop,2026-03-02,4,1.2,1570.0,0,1,0.4,1
DL-11782,Mutua Stores,0760379294,32738084,Kiambu,Pharmacy,2025-08-04,11,1.4,2910.0,0,0,0.0,0
DL-11803,Auma Stores,0717996798,37146826,Nairobi,Mini mart,2023-07-16,36,0.8,3350.0,1,1,0.2,1
DL-11114,Wanjiku Stores,0795497243,14822336,Mombasa,General shop,2025-12-02,7,2.4,17920.0,4,7,0.06,0
DL-13379,Chebet Enterprises,0718097703,35984922,Nakuru,Hardware,2026-01-01,6,1.0,5980.0,1,1,0.83,0
DL-12389,Chebet Traders,0733364191,35848240,Mombasa,General shop,2025-11-02,8,0.5,2090.0,3,0,0.0,0
DL-11953,Omondi Supplies,0786030477,24573064,Uasin Gishu,Mini mart,2024-08-09,23,5.0,4400.0,3,7,0.03,0
DL-10344,Otieno Traders,0717765744,33411306,Mombasa,General shop,2024-02-11,29,0.8,4790.0,1,1,0.22,0
DL-10032,Achieng Mart,0738527525,35387279,Mombasa,General shop,2025-06-05,13,0.5,6100.0,2,0,0.33,0
DL-13935,Wairimu Duka,0747490769,21084611,Mombasa,Pharmacy,2024-03-12,28,0.6,6290.0,0,1,0.43,0
DL-12599,Wanjiku Enterprises,0785711275,17429987,Mombasa,General shop,2025-10-03,9,3.0,9260.0,3,4,0.26,1
DL-12646,Omondi Enterprises,0754150961,22428453,Nairobi,General shop,2023-04-17,39,0.3,9820.0,1,0,0.5,0
DL-14128,Mutua Enterprises,0791184732,14819448,Nairobi,Pharmacy,2025-04-06,15,3.5,3500.0,4,8,0.48,1
DL-10372,Kamau Mart,0763538967,21243235,Nairobi,Mini mart,2024-03-12,28,0.5,3620.0,0,0,0.5,0
DL-10657,Barasa Enterprises,0763044663,18217396,Mombasa,Agrovet,2024-09-08,22,0.8,7780.0,0,0,0.1,0
DL-13742,Mutua Mini Mart,0710963738,29067656,Kisumu,Pharmacy,2024-12-07,19,2.0,8220.0,1,1,0.38,0
DL-11086,Wafula Enterprises,0763764330,10325395,Nakuru,Agrovet,2024-12-07,19,1.0,9510.0,1,2,0.5,0
DL-13098,Kiprop Mart,0782089320,28984054,Uasin Gishu,General shop,2024-03-12,28,3.8,3910.0,3,2,0.09,0
DL-11858,Omondi Shop,0714260103,16294914,Kiambu,General shop,2025-10-03,9,0.9,9290.0,0,0,0.25,0
DL-12248,Atieno Enterprises,0717948244,33435877,Nairobi,General shop,2024-03-12,28,1.0,,2,1,0.33,0
DL-10860,Wairimu Shop,0750945516,10581047,Nairobi,General shop,2025-02-05,17,0.6,14940.0,0,0,0.29,0
DL-14140,Wafula Supplies,0784862799,28792930,Kisumu,Mini mart,2025-09-03,10,2.8,11840.0,2,4,0.39,0
DL-11534,Wanjiku Shop,0740079129,37847553,Mombasa,Pharmacy,2026-01-01,6,2.8,7360.0,2,0,0.76,1
DL-12592,Mutua Traders,0738607745,32531305,Kiambu,General shop,2025-07-05,12,1.4,7960.0,1,0,0.35,0
DL-12028,Barasa Enterprises,0784569876,32918511,Kisumu,General shop,2025-10-03,9,1.2,4680.0,5,3,0.45,1
DL-10489,Omondi Supplies,0777555575,10949588,Kiambu,General shop,2025-12-02,7,1.1,4830.0,1,3,0.5,1
DL-14599,Auma Duka,0719542681,18406642,Nairobi,General shop,2024-12-07,19,1.4,4820.0,0,0,0.59,0
DL-10133,Mwangi Enterprises,0780458197,33167424,Mombasa,General shop,2024-08-09,23,0.4,7090.0,1,1,0.2,0
DL-12108,Mutua Stores,0776004022,18920363,Mombasa,General shop,2025-12-02,7,0.6,6580.0,3,1,0.25,1
DL-10690,Otieno Enterprises,0770387288,29381301,Nakuru,General shop,2023-01-17,42,2.5,,1,4,0.17,0
DL-12074,Nyambura Duka,0726009368,25513560,Kisumu,General shop,2024-10-08,21,2.0,,3,3,0.04,1
DL-12148,Mutua Traders,0757262269,20844594,Nairobi,General shop,2026-03-02,4,1.0,8740.0,1,2,0.5,0
DL-13603,Achieng Duka,0763415812,36724523,Mombasa,Pharmacy,2023-09-14,34,0.8,5880.0,0,0,0.11,0
DL-14872,Kiprop Duka,0761555126,13698440,Meru,General shop,2026-04-01,3,1.0,7460.0,0,1,0.0,0
DL-14884,Nyambura Stores,0799492595,15273533,Kiambu,Electronics,2025-02-05,17,0.1,2380.0,0,1,0.0,0
DL-10363,Mutua Shop,0749066865,15464158,Machakos,General shop,2025-06-05,13,1.2,11850.0,0,2,0.47,0
DL-14891,Kamau Mini Mart,0743180497,15609538,Kiambu,Hardware,2025-04-06,15,1.0,,0,0,0.0,0
DL-11628,Nyambura Traders,0786052717,13740642,Nakuru,General shop,2024-03-12,28,0.8,6430.0,0,1,0.11,0
DL-11276,Njeri Mart,0750676518,24558666,Machakos,Electronics,2025-11-02,8,0.2,8180.0,1,0,0.0,0
DL-12061,Auma Duka,0789359132,18647625,Uasin Gishu,General shop,2023-01-17,42,0.2,,0,1,0.33,0
DL-12489,Omondi Mart,0778464522,14666745,Nakuru,General shop,2025-06-05,13,1.5,5000.0,1,0,0.28,1
DL-10647,Nyambura Duka,0774330733,12290807,Nairobi,Pharmacy,2026-05-01,2,2.5,11170.0,1,1,0.0,0
DL-11003,Mutua Enterprises,0745320801,33398335,Nairobi,General shop,2025-03-07,16,1.3,7440.0,2,1,0.31,0
DL-12524,Kamau Traders,0769377600,20271319,Kiambu,General shop,2026-05-01,2,1.0,4260.0,1,1,0.0,1
DL-12110,Omondi Enterprises,0793164415,22181456,Meru,General shop,2024-11-07,20,1.2,6190.0,1,0,0.14,0
DL-11172,Achieng Enterprises,0722120296,14555267,Kiambu,Mini mart,2025-12-02,7,1.6,5700.0,1,3,0.27,0
DL-10483,Achieng Duka,0713493334,28833081,Nakuru,General shop,2025-12-02,7,0.9,3770.0,3,1,0.33,0
DL-11810,Mwangi Mini Mart,0752833815,14102984,Kiambu,Mini mart,2026-03-02,4,3.8,12460.0,2,0,0.33,0
DL-13329,Kiprop Duka,0714420613,13863210,Kiambu,Electronics,2026-01-31,5,2.0,3840.0,1,3,0.0,1
DL-14148,Otieno Mini Mart,0715965625,24338383,Uasin Gishu,Electronics,2021-07-26,60,0.4,7590.0,1,0,0.6,0
DL-10242,Auma Mart,0768677230,35557015,Nairobi,General shop,2024-11-07,20,0.5,3740.0,0,1,0.17,0
DL-12083,Wafula Mini Mart,0730146341,26698413,Mombasa,Mini mart,2025-11-02,8,0.6,5900.0,2,0,0.2,0
DL-11202,Kamau Shop,0710105530,38957403,Mombasa,General shop,2025-12-02,7,0.1,2450.0,0,0,1.0,0
DL-13751,Nyambura Shop,0743070661,28487978,Nairobi,Hardware,2025-09-03,10,0.7,5920.0,1,1,0.43,0
DL-14834,Achieng Shop,0727000391,19037753,Nairobi,Electronics,2025-03-07,16,0.8,5180.0,0,1,0.0,0
DL-12168,Nyambura Traders,0780690285,17084261,Meru,General shop,2025-06-05,13,1.1,4640.0,1,2,0.38,1
DL-11019,Kamau Shop,0719512412,19334245,Meru,Mini mart,2025-02-05,17,1.2,8550.0,0,1,0.0,0
DL-12092,Auma Supplies,0781266303,18197086,Uasin Gishu,,2025-04-06,15,1.5,3180.0,2,1,0.39,0
DL-13372,Otieno Shop,0787475143,32402846,Uasin Gishu,General shop,2022-06-21,49,1.1,9170.0,2,3,0.23,0
DL-14932,Mutua Stores,0781271606,39643349,Kisumu,Hardware,2024-08-09,23,2.9,2850.0,4,4,0.17,0
DL-12124,Barasa Mini Mart,0734135979,10688915,Kiambu,Electronics,2024-09-08,22,4.8,8540.0,2,7,0.26,1
DL-11744,Atieno Supplies,0766733729,24333027,Nairobi,General shop,2025-09-03,10,0.7,11370.0,0,2,0.29,0
DL-14464,Nyambura Mini Mart,0711614989,20330788,Nairobi,Hardware,2022-03-23,52,1.7,9050.0,1,3,0.45,0
DL-12954,Achieng Enterprises,0712141839,31435145,Nairobi,General shop,2021-07-26,60,1.2,5430.0,3,3,0.47,1
DL-13284,Otieno Shop,0780986384,14917226,Nairobi,Mini mart,2024-09-08,22,0.6,2660.0,3,1,0.43,0
DL-14363,Achieng Enterprises,0735153832,28697015,Nairobi,Pharmacy,2025-09-03,10,0.7,3080.0,0,1,0.29,0
DL-13383,Wanjiku Shop,0750554800,19736260,Nakuru,General shop,2024-03-12,28,1.2,5170.0,2,0,0.0,0
DL-14824,Barasa Shop,0785297888,10431125,Kiambu,Pharmacy,2023-11-13,32,0.2,3440.0,1,0,0.0,0
DL-12492,Mutua Mini Mart,0735539312,19921574,Machakos,Mini mart,2025-09-03,10,0.4,10330.0,1,1,0.0,0
DL-11519,Mutua Enterprises,0766377365,35625612,Machakos,General shop,2025-02-05,17,4.2,,1,2,0.06,0
DL-11033,Chebet Traders,0752870386,33599106,Kiambu,Pharmacy,2026-01-01,6,5.0,3250.0,3,8,0.2,1
DL-11712,Atieno Duka,0737518525,19085873,Kiambu,Hardware,2025-08-04,11,1.1,7140.0,0,0,0.0,1
DL-10295,Mwangi Mart,0794623627,12665030,Nairobi,,2026-01-01,6,1.7,4740.0,1,3,0.3,0
DL-11848,Mwangi Shop,0774266456,38317345,Nairobi,Pharmacy,2024-04-11,27,2.1,6370.0,2,1,0.24,0
DL-14721,Mutua Stores,0723413507,11098185,Nairobi,Electronics,2024-07-10,24,1.2,10320.0,0,0,0.43,0
DL-14373,Barasa Stores,0746617992,17670366,Mombasa,Mini mart,2024-12-07,19,2.3,15940.0,2,2,0.11,0
DL-10497,Nyambura Mart,0798612689,37968223,Nairobi,,2024-01-12,30,1.2,7490.0,0,1,0.27,0
DL-13675,Achieng Shop,0712690192,38202699,Machakos,General shop,2025-10-03,9,1.8,18800.0,5,3,0.38,1
DL-10484,Njeri Supplies,0796705755,25917739,Machakos,Mini mart,2025-03-07,16,0.4,13150.0,0,0,0.8,0
DL-11520,Omondi Traders,0796576876,18908295,Nairobi,Mini mart,2024-08-09,23,1.8,3080.0,0,0,0.57,0
DL-10182,Wairimu Enterprises,0789257182,17658525,Meru,General shop,2024-09-08,22,1.2,5670.0,2,1,0.36,0
DL-12921,Wanjiku Duka,0794611983,23007829,Nakuru,General shop,2024-03-12,28,0.5,8380.0,0,0,0.0,0
DL-10684,Wafula Supplies,0778201587,15685998,Nairobi,Pharmacy,2023-04-17,39,0.2,6310.0,1,0,0.67,0
DL-11768,Kiprop Duka,0715105845,13770522,Meru,General shop,2024-04-11,27,0.4,3290.0,1,1,0.2,0
DL-14954,Achieng Stores,0734335171,12365388,Uasin Gishu,Agrovet,2025-10-03,9,1.7,6870.0,2,1,0.27,0
DL-12050,Wanjiku Shop,0740127815,18584654,Uasin Gishu,Mini mart,2023-10-14,33,1.7,9690.0,3,2,0.05,0
DL-10754,Omondi Enterprises,0723964365,33492135,Meru,Pharmacy,2026-05-01,2,0.5,5190.0,0,0,0.0,0
DL-14604,Auma Duka,0795246804,24201625,Kiambu,Hardware,2021-07-26,60,0.2,5520.0,1,0,0.0,0
DL-12545,Wairimu Stores,0763052797,13319121,Mombasa,Electronics,2025-05-06,14,0.2,5960.0,2,0,0.0,0
DL-13361,Auma Mini Mart,0763642106,11243089,Mombasa,General shop,2025-06-05,13,2.5,13490.0,2,3,0.53,0
DL-13632,Kiprop Duka,0749179354,31327106,Kisumu,General shop,2023-10-14,33,1.3,8310.0,0,1,0.38,0
DL-11438,Chebet Mini Mart,0727232232,29758999,Nairobi,General shop,2026-01-31,5,1.0,6250.0,0,3,0.2,0
DL-11445,Wanjiku Mini Mart,0768206262,26158398,Nairobi,Electronics,2022-01-22,54,1.0,6790.0,1,0,0.08,0
DL-14237,Barasa Shop,0768309540,37887259,Kiambu,Pharmacy,2025-03-07,16,1.0,,1,1,0.58,0
DL-10864,Auma Stores,0725808948,28298323,Nairobi,General shop,2025-04-06,15,1.0,4670.0,1,0,0.58,0
DL-12231,Barasa Mart,0785712662,16605925,Mombasa,General shop,2025-12-02,7,0.7,9800.0,3,3,0.2,1
DL-12322,Mutua Enterprises,0782048590,32222052,Kiambu,General shop,2025-06-05,13,0.5,10880.0,3,1,0.33,0
DL-12960,Mutua Duka,0753289554,14508764,Nairobi,General shop,2026-03-02,4,1.0,7140.0,0,0,0.25,0
DL-13744,Kamau Mini Mart,0746616646,12280554,Nairobi,Mini mart,2025-04-06,15,1.8,3110.0,2,1,0.23,0
DL-14944,Wafula Mini Mart,0753790439,25803050,Mombasa,General shop,2025-05-06,14,0.2,4960.0,1,0,0.0,0
DL-13984,Wafula Shop,0767440541,31319456,Nairobi,Mini mart,2025-07-05,12,0.4,5230.0,0,0,0.4,1
DL-12779,Chebet Supplies,0728102586,31557429,Nairobi,Pharmacy,2026-03-02,4,2.5,4530.0,1,4,0.8,1
DL-13683,Kamau Traders,0776234702,37334485,Meru,Pharmacy,2025-03-07,16,3.8,5190.0,5,8,0.38,0
DL-13044,Kiprop Traders,0727061797,20932569,Nairobi,General shop,2025-05-06,14,0.3,2980.0,1,0,0.0,0
DL-14983,Nyambura Stores,0736700520,12410511,Kiambu,Mini mart,2025-10-03,9,0.8,5140.0,1,2,0.29,0
DL-14213,Otieno Supplies,0777817709,32857603,Nairobi,General shop,2025-08-04,11,0.7,9840.0,1,0,0.38,1
DL-13073,Achieng Mart,0724085062,29098282,Meru,Hardware,2022-10-19,45,1.0,15860.0,1,3,0.25,0
DL-12161,Wanjiku Mart,0711513572,15920784,Machakos,Mini mart,2024-09-08,22,0.5,4810.0,2,1,0.17,0
DL-10545,Wanjiku Supplies,0746917627,34995430,Meru,Mini mart,2024-05-11,26,0.9,6050.0,2,1,0.36,0
DL-11789,Barasa Mini Mart,0765401989,18700990,Machakos,General shop,2024-02-11,29,2.2,6910.0,4,3,0.12,0
DL-12213,Achieng Supplies,0765207640,14294778,Nairobi,General shop,2025-05-06,14,1.0,1590.0,2,4,0.25,1
DL-14039,Atieno Shop,0719239685,24828070,Nairobi,General shop,2025-07-05,12,0.5,,0,0,0.5,0
DL-12232,Barasa Enterprises,0781244979,34069641,Mombasa,General shop,2025-06-05,13,1.0,7240.0,0,0,0.5,0
DL-11396,Atieno Traders,0726143515,36698031,Nairobi,Pharmacy,2024-03-12,28,1.0,4900.0,0,1,0.42,0
DL-10274,Wairimu Stores,0794718408,31793424,Machakos,Hardware,2025-05-06,14,2.0,6010.0,1,1,0.21,0
DL-10704,Barasa Mart,0760966794,21017390,Kisumu,General shop,2024-07-10,24,4.8,7100.0,0,1,0.33,1
DL-11024,Atieno Supplies,0788603227,24066641,Kiambu,Hardware,2025-06-05,13,1.7,3330.0,1,3,0.05,0
DL-10383,Atieno Traders,0713371364,36552772,Kiambu,General shop,2024-05-11,26,4.8,11120.0,3,3,0.09,0
DL-12609,Atieno Mini Mart,0742265531,30197833,Kisumu,General shop,2025-05-06,14,1.0,2980.0,0,0,0.25,1
DL-14272,Atieno Mini Mart,0744110561,37036987,Nairobi,Mini mart,2022-09-19,46,1.5,3440.0,1,1,0.17,0
DL-13243,Nyambura Duka,0759867268,26417646,Machakos,General shop,2025-08-04,11,1.6,7490.0,2,3,0.28,0
DL-12567,Atieno Shop,0768542233,37377324,Kiambu,General shop,2025-02-05,17,2.7,7400.0,1,1,0.31,1
DL-14926,Wairimu Enterprises,0776724360,21952631,Uasin Gishu,Agrovet,2024-09-08,22,1.1,,1,4,0.38,1
DL-11642,Atieno Mini Mart,0778194203,31927185,Nairobi,Pharmacy,2024-05-11,26,0.7,4030.0,1,1,0.12,0
DL-14718,Nyambura Stores,0715932001,28024301,Nairobi,Hardware,2024-03-12,28,0.8,4510.0,1,2,0.22,0
DL-10858,Chebet Duka,0730694095,37934560,Nairobi,General shop,2025-01-06,18,0.3,3050.0,0,0,0.0,0
DL-14019,Achieng Traders,0743940879,12164720,Meru,Mini mart,2024-12-07,19,2.2,2960.0,2,1,0.12,0
DL-14737,Nyambura Shop,0795995445,28264238,Nairobi,General shop,2025-06-05,13,1.2,1550.0,1,0,0.07,0
DL-13388,Barasa Enterprises,0749822994,35033957,Kiambu,General shop,2025-07-05,12,3.5,3130.0,2,2,0.1,0
DL-12306,Wanjiku Enterprises,0743451856,30854240,Mombasa,General shop,2025-12-02,7,0.1,4410.0,0,0,1.0,1
DL-10834,Chebet Mart,0762489754,14075876,Nairobi,Mini mart,2025-10-03,9,0.2,8480.0,0,0,1.0,1
DL-12710,Njeri Shop,0775419416,15183849,Kisumu,Agrovet,2025-11-02,8,1.0,3000.0,0,2,0.12,0
DL-11498,Nyambura Stores,0712257548,31455475,Mombasa,Mini mart,2025-10-03,9,0.8,,0,0,0.14,1
DL-14433,Mwangi Mart,0757686252,33939345,Nairobi,General shop,2026-03-02,4,2.0,1580.0,2,1,0.0,0
DL-13610,Njeri Supplies,0782098026,32038938,Nakuru,General shop,2024-08-09,23,0.6,3680.0,0,0,0.43,0
DL-13576,Omondi Traders,0723822138,20521507,Nakuru,General shop,2025-03-07,16,0.4,4370.0,1,0,0.6,0
DL-11447,Mutua Stores,0731470109,38248947,Kiambu,Hardware,2023-12-13,31,2.0,4000.0,4,3,0.17,0
DL-12528,Njeri Traders,0765186355,19976068,Nairobi,Mini mart,2023-06-16,37,2.2,5710.0,2,1,0.15,0
DL-11705,Wanjiku Mart,0771447265,28809314,Mombasa,Pharmacy,2026-01-31,5,1.2,4390.0,0,0,0.17,0
DL-12923,Achieng Traders,0750882469,13247934,Kiambu,General shop,2023-07-16,36,0.7,11250.0,0,0,0.38,0
DL-12707,Achieng Enterprises,0752615527,17742818,Nakuru,General shop,2023-11-13,32,0.7,5510.0,1,0,0.0,0
DL-13069,Wafula Mini Mart,0763605407,24766766,Nairobi,Mini mart,2026-03-02,4,0.8,4380.0,0,1,0.33,0
DL-10789,Chebet Stores,0759115799,16295165,Nairobi,General shop,2025-07-05,12,1.7,4290.0,0,1,0.0,0
DL-10968,Mutua Supplies,0782396057,25335752,Kisumu,Mini mart,2025-09-03,10,3.2,6370.0,2,3,0.31,0
DL-11667,Mutua Mini Mart,0788542021,27029039,Meru,,2025-03-07,16,2.3,5140.0,1,0,0.18,0
DL-13321,Wafula Supplies,0717704089,18836054,Meru,Hardware,2025-07-05,12,3.0,4380.0,8,11,0.47,1
DL-11688,Wairimu Duka,0783465289,39069685,Nakuru,General shop,2025-10-03,9,6.3,6300.0,7,12,0.37,1
